Time_Val,Time_sec,Heart_Rate,Sound,Light,Phone_Active,User_Attention,Trust Factor
14:51:57,1,70,44,41,0,4,1
14:51:58,2,70,23,40,0,4,1
14:51:59,3,70,42,40,0,4,1
14:52:00,4,92,51,3,0,4,1
14:52:01,5,92,64,45,0,4,1
14:52:02,6,92,54,45,0,4,1
14:52:03,7,92,36,46,0,4,1
14:52:04,8,92,15,46,0,4,1
14:52:05,9,92,25,46,0,4,1
14:52:06,10,92,31,45,0,4,1
14:52:07,11,92,58,45,0,4,1
14:52:08,12,93,51,45,0,4,1
14:52:09,13,93,70,46,0,4,1
14:52:10,14,94,24,45,0,4,1
14:52:11,15,94,38,46,0,4,1
14:52:12,16,94,43,46,0,4,1
14:52:13,17,94,41,47,0,4,1
14:52:14,18,94,46,46,0,4,1
14:52:15,19,94,46,48,0,4,1
14:52:16,20,94,45,46,0,4,1
14:52:17,21,94,53,47,0,4,1
14:52:18,22,94,44,46,0,4,1
14:52:19,23,94,40,47,0,4,1
14:52:20,24,96,61,46,0,4,1
14:52:21,25,96,43,47,0,4,1
14:52:22,26,96,48,47,0,4,1
14:52:23,27,96,39,46,0,4,1
14:52:24,28,96,49,47,0,4,1
14:52:25,29,96,33,47,0,4,1
14:52:26,30,96,57,47,0,4,1
14:52:27,31,96,61,46,0,4,1
14:52:28,32,96,21,46,0,4,1
14:52:29,33,96,46,47,0,4,1
14:52:30,34,91,63,47,0,4,1
14:52:31,35,91,44,46,0,4,1
14:52:32,36,91,60,46,0,4,1
14:52:33,37,91,58,47,0,4,1
14:52:34,38,91,68,46,0,4,1
14:52:35,39,91,47,47,0,4,1
14:52:36,40,91,55,46,0,4,1
14:52:37,41,91,31,47,0,4,1
14:52:38,42,91,43,47,0,4,1
14:52:39,43,91,53,46,0,4,1
14:52:40,44,90,42,46,0,4,1
14:52:41,45,90,42,46,0,4,1
14:52:42,46,90,45,46,0,4,1
14:52:43,47,90,46,46,0,4,1
14:52:44,48,91,53,47,0,4,1
14:52:45,49,91,45,46,0,4,1
14:52:46,50,91,67,46,1,4,1
14:52:47,51,91,77,46,0,4,1
14:52:48,52,90,75,46,0,4,1
14:52:49,53,90,74,48,0,4,1
14:52:50,54,90,77,46,0,4,1
14:52:51,55,90,76,46,0,4,1
14:52:52,56,90,74,47,0,4,1
14:52:53,57,90,73,2,1,4,1
14:52:54,58,90,76,2,0,4,1
14:52:55,59,90,68,2,0,4,1
14:52:56,60,90,39,1,0,4,1
14:52:57,61,90,33,1,0,4,1
14:52:58,62,90,33,1,0,4,1
14:52:59,63,90,31,1,0,4,1
14:53:00,64,90,47,1,0,4,1
14:53:01,65,90,40,1,0,4,1
14:53:02,66,90,47,1,0,4,1
14:53:03,67,90,39,1,0,4,1
14:53:04,68,90,36,1,0,4,1
14:53:05,69,89,28,1,0,4,1
14:53:06,70,89,32,1,0,4,1
14:53:07,71,89,34,3,0,4,1
14:53:08,72,89,32,3,0,4,1
14:53:09,73,89,40,3,0,4,1
14:53:10,74,88,35,3,0,4,1
14:53:11,75,88,34,3,0,4,1
14:53:12,76,88,34,32,1,4,1
14:53:13,77,88,38,9,0,4,1
14:53:14,78,88,41,7,0,4,1
14:53:15,79,88,44,100,0,4,1
14:53:16,80,88,26,113,0,4,1
14:53:17,81,88,27,113,0,4,1
14:53:18,82,88,30,110,0,4,1
14:53:19,83,88,34,112,0,4,1
14:53:20,84,90,42,112,0,4,1
14:53:21,85,90,42,113,0,4,1
14:53:22,86,90,30,109,0,4,1
14:53:23,87,90,28,85,0,4,1
14:53:24,88,90,24,110,0,4,1
14:53:25,89,90,30,5,0,4,1
14:53:26,90,90,31,2,0,4,1
14:53:27,91,90,30,2,0,4,1
14:53:28,92,93,41,3,0,4,1
14:53:29,93,93,35,3,0,4,1
14:53:30,94,93,33,3,0,4,1
14:53:31,95,93,38,3,0,4,1
14:53:32,96,93,28,3,0,4,1
14:53:33,97,93,43,3,0,4,1
14:53:34,98,93,38,3,0,4,1
14:53:35,99,93,51,3,1,4,1
14:53:36,100,93,39,2,0,4,1
14:53:37,101,93,35,2,0,4,1
14:53:38,102,93,34,27,0,4,1
14:53:39,103,93,33,16,0,4,1
14:53:40,104,93,42,20,0,4,1
14:53:41,105,93,32,14,0,4,1
14:53:42,106,94,37,3,0,4,1
14:53:43,107,94,37,79,0,4,1
14:53:44,108,95,55,41,0,4,1
14:53:45,109,95,45,42,0,4,1
14:53:46,110,96,51,42,0,4,1
14:53:47,111,96,40,41,0,4,1
14:53:48,112,96,45,41,0,4,1
14:53:49,113,96,45,42,0,4,1
14:53:50,114,96,47,41,0,4,1
14:53:51,115,96,50,42,0,4,1
14:53:52,116,96,47,41,0,4,1
14:53:53,117,96,36,41,0,4,1
14:53:54,118,96,34,41,0,4,1
14:53:55,119,96,34,41,0,4,1
14:53:56,120,96,35,41,0,4,1
14:53:57,121,96,44,41,0,4,1
14:53:58,122,96,51,41,0,4,1
14:53:59,123,96,49,41,0,4,1
14:54:00,124,95,47,42,0,4,1
14:54:01,125,95,46,41,0,4,1
14:54:02,126,95,48,41,0,4,1
14:54:03,127,95,49,42,0,4,1
14:54:04,128,95,47,41,0,4,1
14:54:05,129,95,47,41,0,4,1
14:54:06,130,95,44,41,0,4,1
14:54:07,131,95,46,41,0,4,1
14:54:08,132,95,46,43,0,4,1
14:54:09,133,95,45,41,0,4,1
14:54:10,134,95,49,42,0,4,1
14:54:11,135,95,54,42,0,4,1
14:54:12,136,95,48,41,0,4,1
14:54:13,137,95,48,42,0,4,1
14:54:14,138,95,52,42,0,4,1
14:54:15,139,95,48,42,0,4,1
14:54:16,140,95,50,41,0,4,1
14:54:17,141,95,46,41,0,4,1
14:54:18,142,95,49,41,0,4,1
14:54:19,143,95,47,41,0,4,1
14:54:20,144,95,47,41,0,4,1
14:54:21,145,95,50,41,0,4,1
14:54:22,146,95,47,42,0,4,1
14:54:23,147,95,48,41,0,4,1
14:54:24,148,95,51,41,0,4,1
14:54:25,149,95,33,41,0,4,1
14:54:26,150,95,31,42,0,4,1
14:54:27,151,95,30,41,0,4,1
14:54:28,152,95,31,42,0,4,1
14:54:29,153,95,52,41,0,4,1
14:54:30,154,93,54,42,0,4,1
14:54:31,155,93,55,42,0,4,1
14:54:32,156,93,46,42,0,4,1
14:54:33,157,93,47,42,0,4,1
14:54:34,158,93,44,41,0,4,1
14:54:35,159,93,41,41,0,4,1
14:54:36,160,93,45,42,0,4,1
14:54:37,161,91,42,42,0,4,1
14:54:38,162,91,40,42,0,4,1
14:54:39,163,91,43,41,0,4,1
14:54:40,164,91,46,41,0,4,1
14:54:41,165,91,38,41,0,4,1
14:54:42,166,91,38,41,0,4,1
14:54:43,167,91,37,42,0,4,1
14:54:44,168,91,37,42,0,4,1
14:54:45,169,91,34,42,0,4,1
14:54:46,170,91,43,41,0,4,1
14:54:47,171,91,42,42,0,4,1
14:54:48,172,91,35,42,0,4,1
14:54:49,173,91,38,41,0,4,1
14:54:50,174,92,33,42,0,4,1
14:54:51,175,92,42,42,0,4,1
14:54:52,176,92,49,41,0,4,1
14:54:53,177,92,44,41,0,4,1
14:54:54,178,92,42,41,0,4,1
14:54:55,179,92,41,42,0,4,1
14:54:56,180,92,41,42,0,4,1
14:54:57,181,92,32,42,0,4,1
14:54:58,182,92,39,41,0,4,1
14:54:59,183,92,40,41,0,4,1
14:55:00,184,93,44,41,0,4,1
14:55:01,185,93,38,41,0,4,1
14:55:02,186,93,42,41,0,4,1
14:55:03,187,93,35,42,0,4,1
14:55:04,188,93,40,41,0,4,1
14:55:05,189,93,42,41,0,4,1
14:55:06,190,93,36,41,0,4,1
14:55:07,191,93,33,42,0,4,1
14:55:08,192,93,32,41,0,4,1
14:55:09,193,93,39,41,0,4,1
14:55:10,194,92,35,41,0,4,1
14:55:11,195,92,34,42,0,4,1
14:55:12,196,92,35,42,0,4,1
14:55:13,197,92,31,42,0,4,1
14:55:14,198,92,32,42,0,4,1
14:55:15,199,92,37,41,0,4,1
14:55:16,200,92,34,42,0,4,1
14:55:17,201,92,35,41,0,4,1
14:55:18,202,92,32,42,0,4,1
14:55:19,203,92,43,42,0,4,1
14:55:20,204,92,35,42,0,4,1
14:55:21,205,92,35,42,0,4,1
14:55:22,206,92,33,41,0,4,1
14:55:23,207,92,41,42,0,4,1
14:55:24,208,92,44,42,0,4,1
14:55:25,209,92,38,42,0,4,1
14:55:26,210,92,50,41,0,4,1
14:55:27,211,92,44,42,0,4,1
14:55:28,212,92,36,42,0,4,1
14:55:29,213,92,48,42,0,4,1
14:55:30,214,94,48,42,0,4,1
14:55:31,215,94,43,41,0,4,1
14:55:32,216,94,41,42,0,4,1
14:55:33,217,94,40,42,0,4,1
14:55:34,218,94,49,42,0,4,1
14:55:35,219,94,40,41,0,4,1
14:55:36,220,94,44,42,0,4,1
14:55:37,221,94,53,42,0,4,1
14:55:38,222,94,37,42,0,4,1
14:55:39,223,94,39,41,0,4,1
14:55:40,224,94,35,42,0,4,1
14:55:41,225,94,36,42,0,4,1
14:55:42,226,94,34,42,0,4,1
14:55:43,227,94,32,41,0,4,1
14:55:44,228,94,49,42,0,4,1
14:55:45,229,94,49,41,0,4,1
14:55:46,230,94,53,42,0,4,1
14:55:47,231,94,50,41,0,4,1
14:55:48,232,94,37,42,0,4,1
14:55:49,233,94,34,42,0,4,1
14:55:50,234,97,31,41,0,4,1
14:55:51,235,97,32,42,0,4,1
14:55:52,236,97,32,42,0,4,1
14:55:53,237,97,31,42,0,4,1
14:55:54,238,97,32,42,0,4,1
14:55:55,239,97,31,42,0,4,1
14:55:56,240,97,32,42,0,4,1
14:55:57,241,97,31,42,0,4,1
14:55:58,242,97,32,42,0,4,1
14:55:59,243,97,33,42,0,4,1
14:56:00,244,98,31,41,0,4,1
14:56:01,245,98,31,41,0,4,1
14:56:02,246,98,32,42,0,4,1
14:56:03,247,98,31,42,0,4,1
14:56:04,248,98,33,41,0,4,1
14:56:05,249,98,32,41,0,4,1
14:56:06,250,98,33,42,0,4,1
14:56:07,251,98,33,42,0,4,1
14:56:08,252,98,33,42,0,4,1
14:56:09,253,98,33,42,0,4,1
14:56:10,254,98,32,42,0,4,1
14:56:11,255,98,32,41,0,4,1
14:56:12,256,98,31,42,0,4,1
14:56:13,257,98,30,42,0,4,1
14:56:14,258,98,33,42,0,4,1
14:56:15,259,98,33,41,0,4,1
14:56:16,260,98,32,42,0,4,1
14:56:17,261,98,32,42,0,4,1
14:56:18,262,98,32,42,0,4,1
14:56:19,263,98,34,42,0,4,1
14:56:20,264,98,32,42,0,4,1
14:56:21,265,98,32,42,0,4,1
14:56:22,266,98,32,41,0,4,1
14:56:23,267,98,32,42,0,4,1
14:56:24,268,98,33,42,0,4,1
14:56:25,269,98,31,42,0,4,1
14:56:26,270,98,32,42,0,4,1
14:56:27,271,98,34,42,0,4,1
14:56:28,272,98,32,42,0,4,1
14:56:29,273,98,34,42,0,4,1
14:56:30,274,98,37,42,0,4,1
14:56:31,275,98,41,42,0,4,1
14:56:32,276,98,33,41,0,4,1
14:56:33,277,98,32,43,0,4,1
14:56:34,278,98,31,42,0,4,1
14:56:35,279,98,32,42,0,4,1
14:56:36,280,98,34,41,0,4,1
14:56:37,281,98,32,42,0,4,1
14:56:38,282,98,31,41,0,4,1
14:56:39,283,98,32,42,0,4,1
14:56:40,284,98,34,42,0,4,1
14:56:41,285,98,32,42,0,4,1
14:56:42,286,98,32,42,0,4,1
14:56:43,287,98,32,43,0,4,1
14:56:44,288,98,32,41,0,4,1
14:56:45,289,98,32,42,0,4,1
14:56:46,290,98,34,41,0,4,1
14:56:47,291,98,34,42,0,4,1
14:56:48,292,98,34,42,0,4,1
14:56:49,293,98,35,42,0,4,1
14:56:50,294,98,34,42,0,4,1
14:56:51,295,98,34,41,0,4,1
14:56:52,296,98,33,42,0,4,1
14:56:53,297,98,33,42,0,4,1
14:56:54,298,98,34,41,0,4,1
14:56:55,299,98,33,43,0,4,1
14:56:56,300,98,32,42,0,4,1
14:56:57,301,98,34,42,0,4,1
14:56:58,302,98,32,42,0,4,1
14:56:59,303,98,35,41,0,4,1
14:57:00,304,98,32,42,0,4,1
14:57:01,305,98,32,42,0,4,1
14:57:02,306,98,31,42,0,4,1
14:57:03,307,98,32,41,0,4,1
14:57:04,308,98,33,42,0,4,1
14:57:05,309,98,39,42,0,4,1
14:57:06,310,98,39,42,0,4,1
14:57:07,311,98,37,42,0,4,1
14:57:08,312,98,32,41,0,4,1
14:57:09,313,98,36,42,0,5,1
14:57:10,314,98,38,42,0,5,1
14:57:11,315,98,40,41,0,5,1
14:57:12,316,98,40,43,0,5,1
14:57:13,317,98,40,41,0,5,1
14:57:14,318,98,40,41,0,5,1
14:57:15,319,98,41,42,0,5,1
14:57:16,320,98,39,42,0,5,1
14:57:17,321,98,40,43,0,5,1
14:57:18,322,98,41,42,0,5,1
14:57:19,323,98,50,42,0,5,1
14:57:20,324,97,45,41,0,5,1
14:57:21,325,97,41,41,0,5,1
14:57:22,326,97,42,42,0,5,1
14:57:23,327,97,42,42,0,5,1
14:57:24,328,97,41,42,0,5,1
14:57:25,329,97,42,43,0,5,1
14:57:26,330,97,42,42,0,5,1
14:57:27,331,97,43,42,0,5,1
14:57:28,332,97,38,42,0,5,1
14:57:29,333,97,34,42,0,5,1
14:57:30,334,97,44,41,0,5,1
14:57:31,335,97,41,43,0,5,1
14:57:32,336,97,45,42,0,5,1
14:57:33,337,97,38,42,0,5,1
14:57:34,338,97,42,42,0,5,1
14:57:35,339,97,43,42,0,5,1
14:57:36,340,97,45,43,0,5,1
14:57:37,341,97,46,42,0,5,1
14:57:38,342,97,45,41,0,5,1
14:57:39,343,97,50,42,0,5,1
14:57:40,344,98,49,42,0,5,1
14:57:41,345,98,48,42,0,5,1
14:57:42,346,98,46,41,0,5,1
14:57:43,347,98,50,42,0,5,1
14:57:44,348,98,49,41,0,5,1
14:57:45,349,98,49,42,0,5,1
14:57:46,350,98,37,42,0,5,1
14:57:47,351,98,44,42,0,5,1
14:57:48,352,98,47,42,0,5,1
14:57:49,353,98,48,43,0,5,1
14:57:50,354,100,42,42,0,5,1
14:57:51,355,100,48,41,0,5,1
14:57:52,356,100,48,42,0,5,1
14:57:53,357,100,44,42,0,5,1
14:57:54,358,100,42,42,0,5,1
14:57:55,359,100,47,42,0,5,1
14:57:56,360,100,43,42,0,5,1
14:57:57,361,100,43,42,0,5,1
14:57:58,362,100,39,42,0,5,1
14:57:59,363,100,44,42,0,5,1
14:58:00,364,98,41,42,0,5,1
14:58:01,365,98,46,42,0,5,1
14:58:02,366,98,45,41,0,5,1
14:58:03,367,98,47,42,0,5,1
14:58:04,368,98,47,42,0,5,1
14:58:05,369,98,48,43,0,5,1
14:58:06,370,98,47,42,0,5,1
14:58:07,371,98,48,42,0,5,1
14:58:08,372,98,47,42,0,5,1
14:58:09,373,98,51,41,0,5,1
14:58:10,374,98,46,42,0,5,1
14:58:11,375,98,41,42,0,5,1
14:58:12,376,98,47,42,0,5,1
14:58:13,377,98,47,43,0,5,1
14:58:14,378,98,49,42,0,5,1
14:58:15,379,98,42,42,0,5,1
14:58:16,380,98,49,42,0,5,1
14:58:17,381,98,47,42,0,5,1
14:58:18,382,98,51,42,0,5,1
14:58:19,383,98,42,41,0,5,1
14:58:20,384,93,47,41,0,5,1
14:58:21,385,93,47,41,0,5,1
14:58:22,386,93,48,41,0,5,1
14:58:23,387,93,49,41,0,5,1
14:58:24,388,93,45,42,0,5,1
14:58:25,389,93,44,42,0,5,1
14:58:26,390,93,49,42,0,5,1
14:58:27,391,93,43,42,0,5,1
14:58:28,392,93,49,42,0,5,1
14:58:29,393,93,46,42,0,5,1
14:58:30,394,94,48,42,0,5,1
14:58:31,395,94,46,42,0,5,1
14:58:32,396,94,50,42,0,5,1
14:58:33,397,94,45,41,0,5,1
14:58:34,398,94,46,41,0,5,1
14:58:35,399,94,41,41,0,5,1
14:58:36,400,94,39,41,0,5,1
14:58:37,401,94,37,41,0,5,1
14:58:38,402,94,40,42,0,5,1
14:58:39,403,94,40,42,0,5,1
14:58:40,404,97,42,42,0,5,1
14:58:41,405,97,39,42,0,5,1
14:58:42,406,97,39,42,0,5,1
14:58:43,407,97,38,42,0,5,1
14:58:44,408,97,35,42,0,5,1
14:58:45,409,97,39,42,0,5,1
14:58:46,410,97,42,42,0,5,1
14:58:47,411,97,42,42,0,5,1
14:58:48,412,97,38,42,0,5,1
14:58:49,413,97,35,42,0,5,1
14:58:50,414,99,43,41,0,5,1
14:58:51,415,99,45,41,0,5,1
14:58:52,416,99,43,41,0,5,1
14:58:53,417,99,42,42,0,5,1
14:58:54,418,99,48,42,0,5,1
14:58:55,419,99,47,42,0,5,1
14:58:56,420,99,46,42,0,5,1
14:58:57,421,99,45,42,0,5,1
14:58:58,422,99,44,42,0,5,1
14:58:59,423,99,45,42,0,5,1
14:59:00,424,99,45,42,0,5,1
14:59:01,425,99,37,42,0,5,1
14:59:02,426,99,43,41,0,5,1
14:59:03,427,99,45,41,0,5,1
14:59:04,428,99,44,42,0,5,1
14:59:05,429,99,40,42,0,5,1
14:59:06,430,99,46,42,0,5,1
14:59:07,431,99,46,42,0,5,1
14:59:08,432,99,44,42,0,5,1
14:59:09,433,99,38,42,0,5,1
14:59:10,434,96,43,43,0,5,1
14:59:11,435,96,40,42,0,5,1
14:59:12,436,96,41,42,0,5,1
14:59:13,437,96,39,42,0,5,1
14:59:14,438,96,41,42,0,5,1
14:59:15,439,96,40,42,0,5,1
14:59:16,440,96,43,41,0,5,1
14:59:17,441,96,42,41,0,5,1
14:59:18,442,96,45,42,0,5,1
14:59:19,443,96,46,42,0,5,1
14:59:20,444,96,46,42,0,5,1
14:59:21,445,96,45,42,0,5,1
14:59:22,446,96,46,42,0,5,1
14:59:23,447,96,47,41,0,5,1
14:59:24,448,96,41,41,0,5,1
14:59:25,449,96,33,42,0,5,1
14:59:26,450,96,31,42,0,5,1
14:59:27,451,96,31,42,0,5,1
14:59:28,452,96,32,42,0,5,1
14:59:29,453,96,32,42,0,5,1
14:59:30,454,97,33,41,0,5,1
14:59:31,455,97,33,41,0,5,1
14:59:32,456,97,32,42,0,5,1
14:59:33,457,97,34,42,0,5,1
14:59:34,458,97,33,42,0,5,1
14:59:35,459,97,32,42,0,5,1
14:59:36,460,97,33,42,0,5,1
14:59:37,461,97,32,41,0,5,1
14:59:38,462,97,32,41,0,5,1
14:59:39,463,97,34,42,0,5,1
14:59:40,464,98,32,42,0,5,1
14:59:41,465,98,34,42,0,5,1
14:59:42,466,98,32,42,0,5,1
14:59:43,467,98,34,42,0,5,1
14:59:44,468,98,34,42,0,5,1
14:59:45,469,98,31,42,0,5,1
14:59:46,470,98,32,42,0,5,1
14:59:47,471,98,31,41,0,5,1
14:59:48,472,98,31,42,0,5,1
14:59:49,473,98,30,42,0,5,1
14:59:50,474,99,32,42,0,5,1
14:59:51,475,99,31,42,0,5,1
14:59:52,476,99,32,42,0,5,1
14:59:53,477,99,31,42,0,5,1
14:59:54,478,99,32,42,0,5,1
14:59:55,479,99,42,42,0,5,1
14:59:56,480,99,39,41,0,5,1
14:59:57,481,99,41,41,0,5,1
14:59:58,482,99,38,41,0,5,1
14:59:59,483,99,41,42,0,5,1
15:00:00,484,95,40,42,0,5,1
15:00:01,485,95,43,42,0,5,1
15:00:02,486,95,44,42,0,5,1
15:00:03,487,95,40,42,0,5,1
15:00:04,488,95,43,42,0,5,1
15:00:05,489,95,44,42,0,5,1
15:00:06,490,95,42,42,0,5,1
15:00:07,491,95,47,41,0,5,1
15:00:08,492,95,42,42,0,5,1
15:00:09,493,95,44,42,0,5,1
15:00:10,494,92,45,42,0,5,1
15:00:11,495,92,41,42,0,5,1
15:00:12,496,92,42,42,0,5,1
15:00:13,497,92,43,42,0,5,1
15:00:14,498,92,42,42,0,5,1
15:00:15,499,92,41,42,0,5,1
15:00:16,500,92,41,42,0,5,1
15:00:17,501,92,43,42,0,5,1
15:00:18,502,92,42,42,0,5,1
15:00:19,503,92,46,42,0,5,1
15:00:20,504,88,38,42,0,5,1
15:00:21,505,88,37,42,0,5,1
15:00:22,506,88,42,42,0,5,1
15:00:23,507,88,38,42,0,5,1
15:00:24,508,88,42,42,0,5,1
15:00:25,509,88,38,42,0,5,1
15:00:26,510,88,43,42,0,5,1
15:00:27,511,88,37,42,0,5,1
15:00:28,512,88,42,42,0,5,1
15:00:29,513,88,39,42,0,5,1
15:00:30,514,88,43,42,0,5,1
15:00:31,515,88,41,42,0,5,1
15:00:32,516,88,40,42,0,5,1
15:00:33,517,88,36,42,0,5,1
15:00:34,518,88,41,42,0,5,1
15:00:35,519,88,37,42,0,5,1
15:00:36,520,88,46,41,0,5,1
15:00:37,521,88,42,41,0,5,1
15:00:38,522,88,43,41,0,5,1
15:00:39,523,88,40,41,0,5,1
15:00:40,524,88,39,42,0,5,1
15:00:41,525,88,42,42,0,5,1
15:00:42,526,88,42,42,0,5,1
15:00:43,527,88,41,42,0,5,1
15:00:44,528,88,38,42,0,5,1
15:00:45,529,88,45,42,0,5,1
15:00:46,530,88,38,42,0,5,1
15:00:47,531,88,37,42,0,5,1
15:00:48,532,88,41,42,0,5,1
15:00:49,533,88,38,42,0,5,1
15:00:50,534,86,38,42,0,5,1
15:00:51,535,86,46,42,0,5,1
15:00:52,536,86,38,42,0,5,1
15:00:53,537,86,32,42,0,5,1
15:00:54,538,86,37,42,0,5,1
15:00:55,539,86,35,42,0,5,1
15:00:56,540,86,43,41,0,5,1
15:00:57,541,86,44,41,0,5,1
15:00:58,542,86,42,41,0,5,1
15:00:59,543,86,40,42,0,5,1
15:01:00,544,84,45,42,0,5,1
15:01:01,545,84,37,42,0,5,1
15:01:02,546,84,38,42,0,5,1
15:01:03,547,84,35,41,0,5,1
15:01:04,548,84,38,41,0,5,1
15:01:05,549,84,39,42,0,5,1
15:01:06,550,84,41,42,0,5,1
15:01:07,551,84,40,42,0,5,1
15:01:08,552,84,39,43,0,5,1
15:01:09,553,84,38,42,0,5,1
15:01:10,554,87,39,42,0,5,1
15:01:11,555,87,38,41,0,5,1
15:01:12,556,87,41,42,0,5,1
15:01:13,557,87,37,42,0,5,1
15:01:14,558,87,42,42,0,5,1
15:01:15,559,87,39,42,0,5,1
15:01:16,560,87,42,43,0,5,1
15:01:17,561,87,41,42,0,5,1
15:01:18,562,87,45,42,0,5,1
15:01:19,563,87,38,42,0,5,1
15:01:20,564,87,42,42,0,5,1
15:01:21,565,87,41,42,0,5,1
15:01:22,566,87,41,41,0,5,1
15:01:23,567,87,44,41,0,5,1
15:01:24,568,87,43,42,0,5,1
15:01:25,569,87,44,42,0,5,1
15:01:26,570,87,42,42,0,5,1
15:01:27,571,87,39,41,0,5,1
15:01:28,572,87,39,41,0,5,1
15:01:29,573,87,41,41,0,5,1
15:01:30,574,94,45,42,0,5,1
15:01:31,575,94,38,42,0,5,1
15:01:32,576,94,43,42,0,5,1
15:01:33,577,94,45,42,0,5,1
15:01:34,578,94,41,42,0,5,1
15:01:35,579,94,42,42,0,5,1
15:01:36,580,94,44,41,0,5,1
15:01:37,581,94,43,42,0,5,1
15:01:38,582,94,41,42,0,5,1
15:01:39,583,94,35,42,0,5,1
15:01:40,584,94,41,42,0,5,1
15:01:41,585,94,40,42,0,5,1
15:01:42,586,94,44,42,0,5,1
15:01:43,587,94,42,42,0,5,1
15:01:44,588,94,44,42,0,5,1
15:01:45,589,94,42,42,0,5,1
15:01:46,590,94,44,42,0,5,1
15:01:47,591,94,43,43,0,5,1
15:01:48,592,94,39,42,0,5,1
15:01:49,593,94,45,42,0,5,1
15:01:50,594,96,43,42,0,5,1
15:01:51,595,96,41,41,0,5,1
15:01:52,596,96,41,41,0,5,1
15:01:53,597,96,44,41,0,5,1
15:01:54,598,96,44,41,0,5,1
15:01:55,599,96,42,41,0,5,1
15:01:56,600,96,38,42,0,5,1
15:01:57,601,96,43,42,0,5,1
15:01:58,602,96,41,42,0,5,1
15:01:59,603,96,42,42,0,5,1
15:02:00,604,94,43,42,0,5,1
15:02:01,605,94,43,42,0,5,1
15:02:02,606,94,40,41,0,5,1
15:02:03,607,94,42,41,0,5,1
15:02:04,608,94,42,41,0,5,1
15:02:05,609,94,41,42,0,5,1
15:02:06,610,94,43,42,0,5,1
15:02:07,611,94,39,43,0,5,1
15:02:08,612,94,39,42,0,5,1
15:02:09,613,94,34,42,0,5,1
15:02:10,614,94,32,41,0,5,1
15:02:11,615,94,31,42,0,5,1
15:02:12,616,94,33,42,0,5,1
15:02:13,617,94,31,43,0,5,1
15:02:14,618,94,33,42,0,5,1
15:02:15,619,94,31,42,0,5,1
15:02:16,620,94,32,41,0,5,1
15:02:17,621,94,31,41,0,5,1
15:02:18,622,94,32,41,0,5,1
15:02:19,623,94,31,42,0,5,1
15:02:20,624,93,33,42,0,5,1
15:02:21,625,93,32,43,0,5,1
15:02:22,626,93,31,42,0,5,1
15:02:23,627,93,32,42,0,5,1
15:02:24,628,93,31,42,0,5,1
15:02:25,629,93,32,41,0,5,1
15:02:26,630,93,32,41,0,5,1
15:02:27,631,93,33,42,0,5,1
15:02:28,632,93,34,42,0,5,1
15:02:29,633,93,32,42,0,5,1
15:02:30,634,96,32,42,0,5,1
15:02:31,635,96,33,41,0,5,1
15:02:32,636,96,33,41,0,5,1
15:02:33,637,96,33,42,0,5,1
15:02:34,638,96,32,42,0,5,1
15:02:35,639,96,34,42,0,5,1
15:02:36,640,96,32,41,0,5,1
15:02:37,641,97,31,42,0,5,1
15:02:38,642,97,33,42,0,5,1
15:02:39,643,97,33,43,0,5,1
15:02:40,644,97,32,42,0,5,1
15:02:41,645,97,41,42,0,5,1
15:02:42,646,97,31,41,0,5,1
15:02:43,647,97,31,42,0,5,1
15:02:44,648,97,32,42,0,5,1
15:02:45,649,98,30,41,0,5,1
15:02:46,650,98,31,42,0,5,1
15:02:47,651,98,30,42,0,5,1
15:02:48,652,98,32,41,0,5,1
15:02:49,653,98,32,41,0,5,1
15:02:50,654,98,33,41,0,5,1
15:02:51,655,98,31,41,0,5,1
15:02:52,656,98,31,42,0,5,1
15:02:53,657,98,31,42,0,5,1
15:02:54,658,98,31,42,0,5,1
15:02:55,659,98,29,42,0,5,1
15:02:56,660,98,31,41,0,5,1
15:02:57,661,98,32,42,0,5,1
15:02:58,662,98,32,42,0,5,1
15:02:59,663,98,33,42,0,5,1
15:03:00,664,99,32,42,0,5,1
15:03:01,665,99,32,42,0,5,1
15:03:02,666,99,30,41,0,5,1
15:03:03,667,99,31,41,0,5,1
15:03:04,668,99,31,42,0,5,1
15:03:05,669,99,31,42,0,5,1
15:03:06,670,99,30,42,0,5,1
15:03:07,671,99,33,42,0,5,1
15:03:08,672,99,32,42,0,5,1
15:03:09,673,99,32,42,0,5,1
15:03:10,674,94,30,42,0,5,1
15:03:11,675,94,31,42,0,5,1
15:03:12,676,94,31,42,0,5,1
15:03:13,677,94,31,42,0,5,1
15:03:14,678,94,31,41,0,5,1
15:03:15,679,94,32,41,0,5,1
15:03:16,680,94,32,42,0,5,1
15:03:17,681,94,34,42,0,5,1
15:03:18,682,94,32,42,0,5,1
15:03:19,683,94,32,42,0,5,1
15:03:20,684,91,31,41,0,5,1
15:03:21,685,91,34,42,0,5,1
15:03:22,686,91,32,42,0,5,1
15:03:23,687,91,29,42,0,5,1
15:03:24,688,91,32,42,0,5,1
15:03:25,689,91,31,42,0,5,1
15:03:26,690,91,32,41,0,5,1
15:03:27,691,91,33,42,0,5,1
15:03:28,692,91,31,42,0,5,1
15:03:29,693,91,32,42,0,5,1
15:03:30,694,89,32,42,0,5,1
15:03:31,695,89,31,41,0,5,1
15:03:32,696,89,31,41,0,5,1
15:03:33,697,89,31,42,0,5,1
15:03:34,698,89,30,42,0,5,1
15:03:35,699,89,32,42,0,5,1
15:03:36,700,89,31,42,0,5,1
15:03:37,701,89,31,42,0,5,1
15:03:38,702,89,31,41,0,5,1
15:03:39,703,89,30,42,0,5,1
15:03:40,704,88,31,42,0,5,1
15:03:41,705,88,32,42,0,5,1
15:03:42,706,88,32,42,0,5,1
15:03:43,707,88,31,41,0,5,1
15:03:44,708,88,32,41,0,5,1
15:03:45,709,88,32,41,0,5,1
15:03:46,710,88,33,42,0,5,1
15:03:47,711,88,32,42,0,5,1
15:03:48,712,88,32,42,0,5,1
15:03:49,713,88,32,41,0,5,1
15:03:50,714,89,30,42,0,5,1
15:03:51,715,89,32,42,0,5,1
15:03:52,716,89,31,42,0,5,1
15:03:53,717,89,29,41,0,5,1
15:03:54,718,89,30,42,0,5,1
15:03:55,719,89,30,42,0,5,1
15:03:56,720,89,32,41,0,5,1
15:03:57,721,89,31,41,0,5,1
15:03:58,722,89,32,41,0,5,1
15:03:59,723,89,31,41,0,5,1
15:04:00,724,87,34,42,0,5,1
15:04:01,725,87,30,42,0,5,1
15:04:02,726,87,31,42,0,5,1
15:04:03,727,87,29,41,0,5,1
15:04:04,728,87,31,41,0,5,1
15:04:05,729,87,31,41,0,5,1
15:04:06,730,87,31,42,0,5,1
15:04:07,731,87,32,42,0,5,1
15:04:08,732,87,32,41,0,5,1
15:04:09,733,87,30,41,0,5,1
15:04:10,734,88,31,42,0,5,1
15:04:11,735,88,31,42,0,5,1
15:04:12,736,88,32,42,0,5,1
15:04:13,737,88,31,41,0,5,1
15:04:14,738,88,31,41,0,5,1
15:04:15,739,88,32,41,0,5,1
15:04:16,740,88,32,42,0,5,1
15:04:17,741,88,31,42,0,5,1
15:04:18,742,88,31,41,0,5,1
15:04:19,743,88,33,41,0,5,1
15:04:20,744,86,31,41,0,5,1
15:04:21,745,86,30,42,0,5,1
15:04:22,746,86,31,42,0,5,1
15:04:23,747,86,31,42,0,5,1
15:04:24,748,86,31,41,0,5,1
15:04:25,749,86,30,41,0,5,1
15:04:26,750,86,30,42,0,5,1
15:04:27,751,86,31,42,0,5,1
15:04:28,752,86,31,42,0,5,1
15:04:29,753,86,33,42,0,5,1
15:04:30,754,83,31,41,0,5,1
15:04:31,755,83,32,42,0,5,1
15:04:32,756,83,31,42,0,5,1
15:04:33,757,83,31,42,0,5,1
15:04:34,758,83,31,42,0,5,1
15:04:35,759,83,33,42,0,5,1
15:04:36,760,83,31,41,0,5,1
15:04:37,761,83,33,42,0,5,1
15:04:38,762,83,33,42,0,5,1
15:04:39,763,83,32,42,0,5,1
15:04:40,764,84,31,42,0,5,1
15:04:41,765,84,31,41,0,5,1
15:04:42,766,84,32,42,0,5,1
15:04:43,767,84,33,42,0,5,1
15:04:44,768,84,31,42,0,5,1
15:04:45,769,84,33,42,0,5,1
15:04:46,770,84,32,42,0,5,1
15:04:47,771,84,32,42,0,5,1
15:04:48,772,84,32,42,0,5,1
15:04:49,773,84,31,42,0,5,1
15:04:50,774,88,29,42,0,5,1
15:04:51,775,88,31,42,0,5,1
15:04:52,776,88,32,42,0,5,1
15:04:53,777,88,31,41,0,5,1
15:04:54,778,88,30,41,0,5,1
15:04:55,779,88,32,41,0,5,1
15:04:56,780,88,33,42,0,5,1
15:04:57,781,88,31,42,0,5,1
15:04:58,782,88,32,42,0,5,1
15:04:59,783,88,33,42,0,5,1
15:05:00,784,91,33,42,0,5,1
15:05:01,785,91,32,41,0,5,1
15:05:02,786,91,31,41,0,5,1
15:05:03,787,91,32,42,0,5,1
15:05:04,788,91,32,41,0,5,1
15:05:05,789,91,32,42,0,5,1
15:05:06,790,91,32,42,0,5,1
15:05:07,791,91,33,41,0,5,1
15:05:08,792,91,31,41,0,5,1
15:05:09,793,91,33,41,0,5,1
15:05:10,794,92,34,42,0,5,1
15:05:11,795,92,32,42,0,5,1
15:05:12,796,92,31,42,0,5,1
15:05:13,797,92,32,42,0,5,1
15:05:14,798,92,32,42,0,5,1
15:05:15,799,92,32,42,0,5,1
15:05:16,800,92,32,42,0,5,1
15:05:17,801,92,30,42,0,5,1
15:05:18,802,92,31,42,0,5,1
15:05:19,803,92,31,42,0,5,1
15:05:20,804,95,30,42,0,5,1
15:05:21,805,95,32,42,0,5,1
15:05:22,806,95,31,42,0,5,1
15:05:23,807,95,32,42,0,5,1
15:05:24,808,95,32,41,0,5,1
15:05:25,809,95,31,42,0,5,1
15:05:26,810,95,33,42,0,5,1
15:05:27,811,95,30,42,0,5,1
15:05:28,812,95,31,42,0,5,1
15:05:29,813,95,32,41,0,5,1
15:05:30,814,93,31,41,0,5,1
15:05:31,815,94,31,41,0,5,1
15:05:32,816,94,31,41,0,1,1
15:05:33,817,94,31,42,0,1,1
15:05:34,818,94,32,42,0,1,1
15:05:35,819,94,33,42,0,1,1
15:05:36,820,94,31,41,0,1,1
15:05:37,821,94,32,41,0,1,1
15:05:38,822,94,32,41,0,1,1
15:05:39,823,94,30,42,0,1,1
15:05:40,824,95,31,42,0,1,1
15:05:41,825,95,31,42,0,1,1
15:05:42,826,95,32,42,0,1,1
15:05:43,827,95,31,42,0,1,1
15:05:44,828,95,31,41,0,1,1
15:05:45,829,95,32,41,0,1,1
15:05:46,830,95,31,41,0,1,1
15:05:47,831,95,31,42,0,1,1
15:05:48,832,95,32,42,0,1,1
15:05:49,833,95,31,42,0,1,1
15:05:50,834,94,32,41,0,1,1
15:05:51,835,94,30,42,0,1,1
15:05:52,836,94,29,42,0,1,1
15:05:53,837,94,31,42,0,1,1
15:05:54,838,94,31,42,0,1,1
15:05:55,839,94,31,42,0,1,1
15:05:56,840,94,30,42,0,1,1
15:05:57,841,94,32,41,0,1,1
15:05:58,842,94,33,41,0,1,1
15:05:59,843,94,32,42,0,1,1
15:06:00,844,93,30,42,0,1,1
15:06:01,845,93,31,42,0,1,1
15:06:02,846,93,30,42,0,1,1
15:06:03,847,93,32,41,0,1,1
15:06:04,848,93,31,41,0,1,1
15:06:05,849,93,32,42,0,1,1
15:06:06,850,93,32,42,0,1,1
15:06:07,851,93,29,42,0,1,1
15:06:08,852,93,31,41,0,1,1
15:06:09,853,93,31,41,0,1,1
15:06:10,854,93,32,42,0,1,1
15:06:11,855,93,32,42,0,1,1
15:06:12,856,93,33,42,0,1,1
15:06:13,857,93,30,42,0,1,1
15:06:14,858,93,31,41,0,1,1
15:06:15,859,93,31,42,0,1,1
15:06:16,860,93,32,42,0,1,1
15:06:17,861,93,30,42,0,1,1
15:06:18,862,93,30,42,0,1,1
15:06:19,863,93,31,42,0,1,1
15:06:20,864,90,30,42,0,1,1
15:06:21,865,90,32,42,0,1,1
15:06:22,866,90,30,41,0,1,1
15:06:23,867,90,32,42,0,1,1
15:06:24,868,90,34,42,0,1,1
15:06:25,869,90,32,41,0,1,1
15:06:26,870,90,31,42,0,1,1
15:06:27,871,90,31,42,0,1,1
15:06:28,872,90,30,42,0,1,1
15:06:29,873,90,30,42,0,1,1
15:06:30,874,91,31,41,0,1,1
15:06:31,875,91,31,41,0,1,1
15:06:32,876,91,32,42,0,1,1
15:06:33,877,91,30,42,0,1,1
15:06:34,878,91,31,42,0,1,1
15:06:35,879,91,33,41,0,1,1
15:06:36,880,91,34,42,0,1,1
15:06:37,881,91,32,42,0,1,1
15:06:38,882,91,32,42,0,1,1
15:06:39,883,91,31,42,0,1,1
15:06:40,884,90,29,41,0,1,1
15:06:41,885,90,30,42,0,1,1
15:06:42,886,90,31,42,0,1,1
15:06:43,887,90,30,42,0,1,1
15:06:44,888,90,31,42,0,1,1
15:06:45,889,90,32,42,0,1,1
15:06:46,890,90,31,41,0,1,1
15:06:47,891,90,33,42,0,1,1
15:06:48,892,90,32,42,0,1,1
15:06:49,893,90,30,42,0,1,1
15:06:50,894,89,30,42,0,1,1
15:06:51,895,89,31,42,0,1,1
15:06:52,896,89,30,42,0,1,1
15:06:53,897,89,31,42,0,1,1
15:06:54,898,89,33,41,0,1,1
15:06:55,899,89,33,41,0,1,1
15:06:56,900,89,30,41,0,1,1
15:06:57,901,89,31,42,0,1,1
15:06:58,902,89,30,42,0,1,1
15:06:59,903,89,32,42,0,1,1
15:07:00,904,89,31,41,0,1,1
15:07:01,905,89,30,41,0,1,1
15:07:02,906,90,31,41,0,1,1
15:07:03,907,90,32,41,0,1,1
15:07:04,908,90,31,42,0,1,1
15:07:05,909,90,32,42,0,1,1
15:07:06,910,90,33,42,0,1,1
15:07:07,911,90,30,41,0,1,1
15:07:08,912,90,31,41,0,1,1
15:07:09,913,90,32,42,0,1,1
15:07:10,914,91,31,42,0,1,1
15:07:11,915,91,30,42,0,1,1
15:07:12,916,91,29,42,0,1,1
15:07:13,917,91,30,42,0,1,1
15:07:14,918,91,29,42,0,1,1
15:07:15,919,91,32,41,0,1,1
15:07:16,920,91,30,41,0,1,1
15:07:17,921,91,31,41,0,1,1
15:07:18,922,91,31,42,0,1,1
15:07:19,923,91,31,42,0,1,1
15:07:20,924,90,30,42,0,1,1
15:07:21,925,90,32,42,0,1,1
15:07:22,926,90,29,42,0,1,1
15:07:23,927,90,32,41,0,1,1
15:07:24,928,89,32,41,0,1,1
15:07:25,929,89,31,41,0,1,1
15:07:26,930,89,30,41,0,1,1
15:07:27,931,89,31,42,0,1,1
15:07:28,932,89,30,42,0,1,1
15:07:29,933,89,31,42,0,1,1
15:07:30,934,89,34,121,1,1,1
15:07:31,935,89,29,5,0,1,1
15:07:32,936,89,26,5,0,1,1
15:07:33,937,88,24,5,0,1,1
15:07:34,938,88,27,5,0,1,1
15:07:35,939,88,23,5,0,1,1
15:07:36,940,88,23,5,0,1,1
15:07:37,941,88,24,5,0,1,1
15:07:38,942,88,22,5,0,1,1
15:07:39,943,88,24,6,0,1,1
15:07:40,944,89,22,5,0,1,1
15:07:41,945,89,21,6,0,1,1
15:07:42,946,89,22,6,0,1,1
15:07:43,947,89,23,5,0,1,1
15:07:44,948,89,24,5,0,1,1
15:07:45,949,89,25,5,0,1,1
15:07:46,950,89,23,5,0,1,1
15:07:47,951,89,24,5,0,1,1
15:07:48,952,89,23,5,0,1,1
15:07:49,953,89,23,5,0,1,1
15:07:50,954,92,22,5,0,1,1
15:07:51,955,92,24,5,0,1,1
15:07:52,956,92,25,5,0,1,1
15:07:53,957,92,25,5,0,1,1
15:07:54,958,92,24,5,0,1,1
15:07:55,959,92,22,5,0,1,1
15:07:56,960,92,24,5,0,1,1
15:07:57,961,92,24,5,0,1,1
15:07:58,962,92,25,5,0,1,1
15:07:59,963,92,22,5,0,1,1
15:08:00,964,93,24,5,0,1,1
15:08:01,965,93,24,5,0,1,1
15:08:02,966,93,23,5,0,1,1
15:08:03,967,93,24,4,0,1,1
15:08:04,968,93,21,4,0,1,1
15:08:05,969,93,21,3,0,1,1
15:08:06,970,93,23,2,0,1,1
15:08:07,971,93,23,3,0,1,1
15:08:08,972,93,27,4,0,1,1
15:08:09,973,93,23,3,0,1,1
15:08:10,974,93,22,3,0,1,1
15:08:11,975,93,22,3,0,1,1
15:08:12,976,93,24,5,0,1,1
15:08:13,977,93,22,5,0,1,1
15:08:14,978,93,24,5,0,1,1
15:08:15,979,93,24,5,0,1,1
15:08:16,980,93,26,5,0,1,1
15:08:17,981,93,26,3,0,1,1
15:08:18,982,93,24,3,0,1,1
15:08:19,983,93,23,4,0,1,1
15:08:20,984,93,25,4,0,1,1
15:08:21,985,93,23,4,0,1,1
15:08:22,986,93,23,4,0,1,1
15:08:23,987,93,26,4,0,1,1
15:08:24,988,93,22,4,0,1,1
15:08:25,989,93,25,4,1,1,1
15:08:26,990,93,23,4,0,1,1
15:08:27,991,93,22,4,0,1,1
15:08:28,992,93,23,4,0,1,1
15:08:29,993,93,22,4,0,1,1
15:08:30,994,89,23,4,0,1,1
15:08:31,995,89,23,4,0,1,1
15:08:32,996,89,22,4,0,1,1
15:08:33,997,89,22,4,0,1,1
15:08:34,998,89,24,4,0,1,1
15:08:35,999,89,28,4,0,1,1
15:08:36,1000,89,23,4,0,1,1
15:08:37,1001,89,23,4,0,1,1
15:08:38,1002,89,30,4,1,1,1
15:08:39,1003,89,24,4,0,1,1
15:08:40,1004,88,22,4,0,1,1
15:08:41,1005,88,24,4,0,1,1
15:08:42,1006,88,23,4,0,1,1
15:08:43,1007,88,24,4,0,1,1
15:08:44,1008,88,24,4,0,1,1
15:08:45,1009,88,23,4,0,1,1
15:08:46,1010,88,23,4,0,1,1
15:08:47,1011,88,25,4,0,1,1
15:08:48,1012,88,22,4,0,1,1
15:08:49,1013,88,24,4,0,1,1
15:08:50,1014,93,23,4,0,1,1
15:08:51,1015,93,24,4,0,1,1
15:08:52,1016,93,23,4,0,1,1
15:08:53,1017,93,24,4,0,1,1
15:08:54,1018,93,24,4,0,1,1
15:08:55,1019,93,23,4,0,1,1
15:08:56,1020,93,23,4,0,1,1
15:08:57,1021,93,23,4,0,1,1
15:08:58,1022,93,26,4,0,1,1
15:08:59,1023,93,21,4,0,1,1
15:09:00,1024,94,22,4,0,1,1
15:09:01,1025,94,22,4,0,1,1
15:09:02,1026,94,22,4,0,1,1
15:09:03,1027,94,22,4,0,1,1
15:09:04,1028,94,22,4,0,1,1
15:09:05,1029,94,23,4,0,1,1
15:09:06,1030,94,20,4,0,1,1
15:09:07,1031,94,24,4,0,1,1
15:09:08,1032,94,22,4,0,1,1
15:09:09,1033,94,25,4,0,1,1
15:09:10,1034,91,26,4,0,1,1
15:09:11,1035,91,28,4,0,1,1
15:09:12,1036,91,28,6,0,1,1
15:09:13,1037,91,26,6,0,1,1
15:09:14,1038,91,24,6,0,1,1
15:09:15,1039,91,24,6,0,1,1
15:09:16,1040,91,22,6,0,1,1
15:09:17,1041,91,23,6,0,1,1
15:09:18,1042,91,23,6,0,1,1
15:09:19,1043,91,23,6,0,1,1
15:09:20,1044,91,23,6,0,1,1
15:09:21,1045,91,25,6,0,1,1
15:09:22,1046,91,25,6,0,1,1
15:09:23,1047,91,22,6,0,1,1
15:09:24,1048,91,22,6,0,1,1
15:09:25,1049,91,22,6,0,1,1
15:09:26,1050,91,22,6,0,1,1
15:09:27,1051,91,23,6,0,1,1
15:09:28,1052,91,21,6,0,1,1
15:09:29,1053,91,23,6,0,1,1
15:09:30,1054,93,23,6,0,1,1
15:09:31,1055,93,21,6,0,1,1
15:09:32,1056,93,23,7,0,1,1
15:09:33,1057,93,22,7,0,1,1
15:09:34,1058,93,23,7,0,1,1
15:09:35,1059,93,22,7,0,1,1
15:09:36,1060,93,23,6,0,1,1
15:09:37,1061,93,25,9,0,1,1
15:09:38,1062,93,24,5,0,1,1
15:09:39,1063,93,25,5,0,1,1
15:09:40,1064,93,27,5,0,1,1
15:09:41,1065,93,27,5,0,1,1
15:09:42,1066,93,25,5,0,1,1
15:09:43,1067,93,25,5,0,1,1
15:09:44,1068,93,23,5,0,1,1
15:09:45,1069,93,26,5,0,1,1
15:09:46,1070,93,25,5,0,1,1
15:09:47,1071,93,23,5,0,1,1
15:09:48,1072,93,24,5,0,1,1
15:09:49,1073,93,25,5,0,1,1
15:09:50,1074,92,23,5,0,1,1
15:09:51,1075,92,25,5,0,1,1
15:09:52,1076,92,25,5,0,1,1
15:09:53,1077,92,24,5,0,1,1
15:09:54,1078,92,26,7,0,1,1
15:09:55,1079,92,22,4,0,1,1
15:09:56,1080,92,22,4,0,1,1
15:09:57,1081,92,22,6,0,1,1
15:09:58,1082,92,23,6,0,1,1
15:09:59,1083,92,23,6,0,1,1
15:10:00,1084,92,22,6,0,1,1
15:10:01,1085,92,22,6,0,1,1
15:10:02,1086,92,21,6,0,1,1
15:10:03,1087,92,24,6,0,1,1
15:10:04,1088,92,26,6,0,1,1
15:10:05,1089,92,24,6,0,1,1
15:10:06,1090,92,26,5,0,1,1
15:10:07,1091,92,28,5,0,1,1
15:10:08,1092,92,37,5,0,1,1
15:10:09,1093,91,27,6,0,1,1
15:10:10,1094,91,24,6,0,1,1
15:10:11,1095,90,35,8,0,1,1
15:10:12,1096,90,34,11,0,1,1
15:10:13,1097,90,59,6,0,1,1
15:10:14,1098,90,26,44,0,1,1
15:10:15,1099,90,38,50,0,1,1
15:10:16,1100,90,27,50,0,1,1
15:10:17,1101,90,30,49,0,1,1
15:10:18,1102,91,27,49,0,1,1
15:10:19,1103,91,26,51,0,1,1
15:10:20,1104,92,28,50,0,1,1
15:10:21,1105,92,28,49,0,1,1
15:10:22,1106,92,28,49,0,1,1
15:10:23,1107,92,28,49,0,1,1
15:10:24,1108,92,27,50,0,1,1
15:10:25,1109,92,27,50,0,1,1
15:10:26,1110,92,27,49,0,1,1
15:10:27,1111,92,28,49,0,1,1
15:10:28,1112,92,26,49,0,1,1
15:10:29,1113,92,26,50,0,1,1
15:10:30,1114,93,27,50,0,1,1
15:10:31,1115,93,26,50,0,1,1
15:10:32,1116,93,26,50,0,1,1
15:10:33,1117,93,27,50,0,1,1
15:10:34,1118,93,27,50,0,1,1
15:10:35,1119,93,27,50,0,1,1
15:10:36,1120,93,28,50,0,1,1
15:10:37,1121,93,26,49,0,1,1
15:10:38,1122,93,26,50,0,1,1
15:10:39,1123,93,27,49,0,1,1
15:10:40,1124,92,28,49,0,1,1
15:10:41,1125,92,27,49,0,1,1
15:10:42,1126,92,25,50,0,1,1
15:10:43,1127,92,28,50,0,1,1
15:10:44,1128,92,27,49,0,1,1
15:10:45,1129,92,26,49,0,1,1
15:10:46,1130,92,28,50,0,1,1
15:10:47,1131,92,25,49,0,1,1
15:10:48,1132,92,27,49,0,1,1
15:10:49,1133,92,25,49,0,1,1
15:10:50,1134,90,28,49,0,1,1
15:10:51,1135,90,25,49,0,1,1
15:10:52,1136,90,26,49,0,1,1
15:10:53,1137,90,26,49,0,1,1
15:10:54,1138,90,27,49,0,1,1
15:10:55,1139,90,26,50,0,1,1
15:10:56,1140,90,27,50,0,1,1
15:10:57,1141,90,25,50,0,1,1
15:10:58,1142,90,26,50,0,1,1
15:10:59,1143,90,26,50,0,1,1
15:11:00,1144,92,27,50,0,1,1
15:11:01,1145,92,26,50,0,1,1
15:11:02,1146,92,26,50,0,1,1
15:11:03,1147,92,27,50,0,1,1
15:11:04,1148,92,26,50,0,1,1
15:11:05,1149,92,27,50,0,1,1
15:11:06,1150,91,27,49,0,1,1
15:11:07,1151,91,29,49,0,1,1
15:11:08,1152,91,28,50,0,1,1
15:11:09,1153,91,27,50,0,1,1
15:11:10,1154,91,31,50,0,1,1
15:11:11,1155,91,26,50,0,1,1
15:11:12,1156,91,25,50,0,1,1
15:11:13,1157,91,25,50,0,1,1
15:11:14,1158,91,25,50,0,1,1
15:11:15,1159,91,25,50,0,1,1
15:11:16,1160,91,26,50,0,1,1
15:11:17,1161,91,26,51,0,1,1
15:11:18,1162,91,24,50,0,1,1
15:11:19,1163,91,24,49,0,1,1
15:11:20,1164,93,26,50,0,1,1
15:11:21,1165,93,24,49,0,1,1
15:11:22,1166,93,25,50,0,1,1
15:11:23,1167,93,26,50,0,1,1
15:11:24,1168,93,25,49,0,1,1
15:11:25,1169,93,25,50,0,1,1
15:11:26,1170,93,27,49,0,1,1
15:11:27,1171,93,27,49,0,1,1
15:11:28,1172,93,27,50,0,1,1
15:11:29,1173,93,27,50,0,1,1
15:11:30,1174,93,25,49,0,1,1
15:11:31,1175,93,26,49,0,1,1
15:11:32,1176,93,27,49,0,1,1
15:11:33,1177,93,27,49,0,1,1
15:11:34,1178,93,26,50,0,1,1
15:11:35,1179,93,26,49,0,1,1
15:11:36,1180,93,27,50,0,1,1
15:11:37,1181,93,26,49,0,1,1
15:11:38,1182,93,26,50,0,1,1
15:11:39,1183,93,26,50,0,1,1
15:11:40,1184,96,26,50,0,1,1
15:11:41,1185,96,25,49,0,1,1
15:11:42,1186,96,24,50,0,1,1
15:11:43,1187,96,25,49,0,1,1
15:11:44,1188,96,24,49,0,1,1
15:11:45,1189,96,25,50,0,1,1
15:11:46,1190,96,26,49,0,1,1
15:11:47,1191,96,27,50,0,1,1
15:11:48,1192,96,29,49,0,1,1
15:11:49,1193,96,25,49,0,1,1
15:11:50,1194,95,25,49,0,1,1
15:11:51,1195,95,25,49,0,1,1
15:11:52,1196,95,26,50,0,1,1
15:11:53,1197,95,27,50,0,1,1
15:11:54,1198,95,25,50,0,1,1
15:11:55,1199,95,26,50,0,1,1
15:11:56,1200,95,26,50,0,1,1
15:11:57,1201,95,25,50,0,1,1
15:11:58,1202,95,24,50,0,1,1
15:11:59,1203,95,26,50,0,1,1
15:12:00,1204,94,25,50,0,1,1
15:12:01,1205,94,26,50,0,1,1
15:12:02,1206,94,24,50,0,1,1
15:12:03,1207,94,25,50,0,1,1
15:12:04,1208,94,27,51,0,1,1
15:12:05,1209,94,27,50,0,1,1
15:12:06,1210,94,26,49,0,1,1
15:12:07,1211,94,27,50,0,1,1
15:12:08,1212,94,26,49,0,1,1
15:12:09,1213,94,27,50,0,1,1
15:12:10,1214,95,25,50,0,1,1
15:12:11,1215,95,24,50,0,1,1
15:12:12,1216,95,34,50,0,1,1
15:12:13,1217,95,27,51,0,1,1
15:12:14,1218,95,25,50,0,1,1
15:12:15,1219,95,26,50,0,1,1
15:12:16,1220,95,24,50,0,1,1
15:12:17,1221,94,24,50,0,1,1
15:12:18,1222,94,26,50,0,1,1
15:12:19,1223,94,24,49,0,1,1
15:12:20,1224,94,25,50,0,1,1
15:12:21,1225,94,26,49,0,1,1
15:12:22,1226,94,24,50,0,1,1
15:12:23,1227,94,26,50,0,1,1
15:12:24,1228,94,26,50,0,1,1
15:12:25,1229,94,25,50,0,1,1
15:12:26,1230,94,26,50,0,1,1
15:12:27,1231,94,25,51,0,1,1
15:12:28,1232,94,24,50,0,1,1
15:12:29,1233,94,23,50,0,1,1
15:12:30,1234,94,29,50,0,1,1
15:12:31,1235,94,25,50,0,1,1
15:12:32,1236,94,26,50,0,1,1
15:12:33,1237,94,26,49,0,1,1
15:12:34,1238,94,26,50,0,1,1
15:12:35,1239,94,25,50,0,1,1
15:12:36,1240,94,25,50,0,1,1
15:12:37,1241,94,24,50,0,1,1
15:12:38,1242,94,26,50,0,1,1
15:12:39,1243,94,25,50,0,1,1
15:12:40,1244,91,26,50,0,1,1
15:12:41,1245,91,25,50,0,1,1
15:12:42,1246,91,26,50,0,1,1
15:12:43,1247,91,25,50,0,1,1
15:12:44,1248,91,26,49,0,1,1
15:12:45,1249,91,23,50,0,1,1
15:12:46,1250,91,24,49,0,1,1
15:12:47,1251,91,25,50,0,1,1
15:12:48,1252,91,26,50,0,1,1
15:12:49,1253,91,25,50,0,1,1
15:12:50,1254,90,27,50,0,1,1
15:12:51,1255,90,29,50,0,1,1
15:12:52,1256,90,27,50,0,1,1
15:12:53,1257,90,25,50,0,1,1
15:12:54,1258,90,25,50,0,1,1
15:12:55,1259,90,29,49,0,1,1
15:12:56,1260,90,26,50,0,1,1
15:12:57,1261,90,28,50,0,1,1
15:12:58,1262,90,26,50,0,1,1
15:12:59,1263,90,25,50,0,1,1
15:13:00,1264,89,26,51,0,1,1
15:13:01,1265,89,27,50,0,1,1
15:13:02,1266,89,25,51,0,1,1
15:13:03,1267,89,27,50,0,1,1
15:13:04,1268,89,25,50,0,1,1
15:13:05,1269,89,26,50,0,1,1
15:13:06,1270,89,27,50,0,1,1
15:13:07,1271,89,26,50,0,1,1
15:13:08,1272,89,27,50,0,1,1
15:13:09,1273,89,26,51,0,1,1
15:13:10,1274,88,25,50,0,1,1
15:13:11,1275,88,27,50,0,1,1
15:13:12,1276,88,25,50,0,1,1
15:13:13,1277,88,25,50,0,1,1
15:13:14,1278,88,25,50,0,1,1
15:13:15,1279,88,27,50,0,1,1
15:13:16,1280,88,25,51,0,1,1
15:13:17,1281,88,24,50,0,1,1
15:13:18,1282,88,24,51,0,1,1
15:13:19,1283,88,24,51,0,1,1
15:13:20,1284,90,25,51,0,1,1
15:13:21,1285,90,24,51,0,1,1
15:13:22,1286,90,25,51,0,1,1
15:13:23,1287,90,25,51,0,2,1
15:13:24,1288,90,24,51,0,2,1
15:13:25,1289,90,27,51,0,2,1
15:13:26,1290,90,27,51,0,2,1
15:13:27,1291,90,26,51,0,2,1
15:13:28,1292,90,25,50,0,2,1
15:13:29,1293,90,25,50,0,2,1
15:13:30,1294,92,26,50,0,2,1
15:13:31,1295,92,24,50,0,2,1
15:13:32,1296,92,26,50,0,2,1
15:13:33,1297,92,28,50,0,2,1
15:13:34,1298,92,26,50,0,2,1
15:13:35,1299,92,27,51,0,2,1
15:13:36,1300,92,28,51,0,2,1
15:13:37,1301,92,27,51,0,2,1
15:13:38,1302,92,29,51,0,2,1
15:13:39,1303,92,28,51,0,2,1
15:13:40,1304,93,28,50,0,2,1
15:13:41,1305,93,28,50,0,2,1
15:13:42,1306,93,29,50,0,2,1
15:13:43,1307,93,25,50,0,2,1
15:13:44,1308,93,27,51,0,2,1
15:13:45,1309,93,25,51,0,2,1
15:13:46,1310,93,26,50,0,2,1
15:13:47,1311,93,23,50,0,2,1
15:13:48,1312,93,26,51,0,2,1
15:13:49,1313,93,26,51,0,2,1
15:13:50,1314,95,26,51,0,2,1
15:13:51,1315,95,26,51,0,2,1
15:13:52,1316,95,26,51,0,2,1
15:13:53,1317,95,25,50,0,2,1
15:13:54,1318,95,26,50,0,2,1
15:13:55,1319,95,24,50,0,2,1
15:13:56,1320,95,25,50,0,2,1
15:13:57,1321,95,25,50,0,2,1
15:13:58,1322,95,25,50,0,2,1
15:13:59,1323,95,25,50,0,2,1
15:14:00,1324,92,26,50,0,2,1
15:14:01,1325,92,26,50,0,2,1
15:14:02,1326,92,26,50,0,2,1
15:14:03,1327,92,28,51,0,2,1
15:14:04,1328,92,26,51,0,2,1
15:14:05,1329,92,24,50,0,2,1
15:14:06,1330,92,27,51,0,2,1
15:14:07,1331,92,27,51,0,2,1
15:14:08,1332,92,29,50,0,2,1
15:14:09,1333,92,26,51,0,2,1
15:14:10,1334,90,24,51,0,2,1
15:14:11,1335,90,27,51,0,2,1
15:14:12,1336,90,26,51,0,2,1
15:14:13,1337,90,25,50,0,2,1
15:14:14,1338,90,27,51,0,2,1
15:14:15,1339,90,24,50,0,2,1
15:14:16,1340,90,26,51,0,2,1
15:14:17,1341,90,26,50,0,2,1
15:14:18,1342,90,24,51,0,2,1
15:14:19,1343,90,25,50,0,2,1
15:14:20,1344,93,27,51,0,2,1
15:14:21,1345,93,25,50,0,2,1
15:14:22,1346,93,26,51,0,2,1
15:14:23,1347,93,25,50,0,2,1
15:14:24,1348,93,23,51,0,2,1
15:14:25,1349,93,25,51,0,2,1
15:14:26,1350,93,24,51,0,2,1
15:14:27,1351,93,24,51,0,2,1
15:14:28,1352,93,26,51,0,2,1
15:14:29,1353,93,25,51,0,2,1
15:14:30,1354,92,25,51,0,2,1
15:14:31,1355,92,26,51,0,2,1
15:14:32,1356,92,26,50,0,2,1
15:14:33,1357,92,25,51,0,2,1
15:14:34,1358,92,25,51,0,2,1
15:14:35,1359,92,28,51,0,2,1
15:14:36,1360,92,26,50,0,2,1
15:14:37,1361,92,28,51,0,2,1
15:14:38,1362,92,26,50,0,2,1
15:14:39,1363,92,25,51,0,2,1
15:14:40,1364,91,26,50,0,2,1
15:14:41,1365,91,26,51,0,2,1
15:14:42,1366,91,25,51,0,2,1
15:14:43,1367,91,26,51,0,2,1
15:14:44,1368,91,25,52,0,2,1
15:14:45,1369,91,26,51,0,2,1
15:14:46,1370,91,24,51,0,2,1
15:14:47,1371,91,22,51,0,2,1
15:14:48,1372,91,33,51,0,2,1
15:14:49,1373,91,25,51,0,2,1
15:14:50,1374,89,23,51,0,2,1
15:14:51,1375,89,23,51,0,2,1
15:14:52,1376,89,25,51,0,2,1
15:14:53,1377,89,25,51,0,2,1
15:14:54,1378,89,25,51,0,2,1
15:14:55,1379,89,26,51,0,2,1
15:14:56,1380,89,25,51,0,2,1
15:14:57,1381,89,26,51,0,2,1
15:14:58,1382,89,26,52,0,2,1
15:14:59,1383,89,25,52,0,2,1
15:15:00,1384,90,25,52,0,2,1
15:15:01,1385,90,25,52,0,2,1
15:15:02,1386,90,26,51,0,2,1
15:15:03,1387,90,25,51,0,2,1
15:15:04,1388,90,24,50,0,2,1
15:15:05,1389,90,24,51,0,2,1
15:15:06,1390,90,26,51,0,2,1
15:15:07,1391,90,24,52,0,2,1
15:15:08,1392,90,26,52,0,2,1
15:15:09,1393,90,26,51,0,2,1
15:15:10,1394,91,30,51,0,2,1
15:15:11,1395,91,28,51,0,2,1
15:15:12,1396,91,25,52,0,2,1
15:15:13,1397,91,26,51,0,2,1
15:15:14,1398,91,28,51,0,2,1
15:15:15,1399,91,26,50,0,2,1
15:15:16,1400,91,25,52,0,2,1
15:15:17,1401,91,24,51,0,2,1
15:15:18,1402,91,25,51,0,2,1
15:15:19,1403,91,25,51,0,2,1
15:15:20,1404,89,26,51,0,2,1
15:15:21,1405,89,27,51,0,2,1
15:15:22,1406,89,28,52,0,2,1
15:15:23,1407,89,24,51,0,2,1
15:15:24,1408,89,27,53,0,2,1
15:15:25,1409,89,29,52,0,2,1
15:15:26,1410,89,27,51,0,2,1
15:15:27,1411,89,27,52,0,2,1
15:15:28,1412,89,25,51,0,2,1
15:15:29,1413,89,25,51,0,2,1
15:15:30,1414,92,26,52,0,2,1
15:15:31,1415,92,27,52,0,2,1
15:15:32,1416,92,26,51,0,2,1
15:15:33,1417,92,26,52,0,2,1
15:15:34,1418,92,26,51,0,2,1
15:15:35,1419,92,27,52,0,2,1
15:15:36,1420,92,25,52,0,2,1
15:15:37,1421,92,27,52,0,2,1
15:15:38,1422,92,27,52,0,2,1
15:15:39,1423,92,26,52,0,2,1
15:15:40,1424,93,31,52,0,2,1
15:15:41,1425,93,25,52,0,2,1
15:15:42,1426,93,25,52,0,2,1
15:15:43,1427,93,26,51,0,2,1
15:15:44,1428,93,26,52,0,2,1
15:15:45,1429,93,28,51,0,2,1
15:15:46,1430,93,26,52,0,2,1
15:15:47,1431,93,28,52,0,2,1
15:15:48,1432,93,27,51,0,2,1
15:15:49,1433,93,25,51,0,2,1
15:15:50,1434,90,27,52,0,2,1
15:15:51,1435,90,28,52,0,2,1
15:15:52,1436,90,26,51,0,2,1
15:15:53,1437,90,26,52,0,2,1
15:15:54,1438,90,27,51,0,2,1
15:15:55,1439,90,26,52,0,2,1
15:15:56,1440,90,26,51,0,2,1
15:15:57,1441,90,26,52,0,2,1
15:15:58,1442,90,26,52,0,2,1
15:15:59,1443,90,28,52,0,2,1
15:16:00,1444,90,26,52,0,2,1
15:16:01,1445,90,27,52,0,2,1
15:16:02,1446,90,26,52,0,2,1
15:16:03,1447,90,28,52,0,2,1
15:16:04,1448,90,29,52,0,2,1
15:16:05,1449,90,28,52,0,2,1
15:16:06,1450,90,27,52,0,2,1
15:16:07,1451,90,24,52,0,2,1
15:16:08,1452,90,27,52,0,2,1
15:16:09,1453,90,27,52,0,2,1
15:16:10,1454,93,24,52,0,2,1
15:16:11,1455,93,25,52,0,2,1
15:16:12,1456,93,24,52,0,2,1
15:16:13,1457,93,27,52,0,2,1
15:16:14,1458,93,25,51,0,2,1
15:16:15,1459,91,26,53,0,2,1
15:16:16,1460,91,25,52,0,2,1
15:16:17,1461,91,22,52,0,2,1
15:16:18,1462,91,25,52,0,2,1
15:16:19,1463,91,26,52,0,2,1
15:16:20,1464,91,29,52,0,2,1
15:16:21,1465,91,27,52,0,2,1
15:16:22,1466,91,28,51,0,2,1
15:16:23,1467,91,25,52,0,2,1
15:16:24,1468,91,26,51,0,2,1
15:16:25,1469,91,31,51,0,2,1
15:16:26,1470,91,33,52,0,2,1
15:16:27,1471,91,31,51,0,2,1
15:16:28,1472,91,42,52,0,2,1
15:16:29,1473,90,35,51,0,2,1
15:16:30,1474,90,27,52,0,2,1
15:16:31,1475,90,32,51,0,2,1
15:16:32,1476,90,30,52,0,2,1
15:16:33,1477,90,32,53,0,2,1
15:16:34,1478,90,35,52,0,2,1
15:16:35,1479,89,43,52,0,2,1
15:16:36,1480,89,37,52,0,2,1
15:16:37,1481,89,38,52,0,2,1
15:16:38,1482,89,32,52,0,2,1

