Time_Val,Time_sec,Heart_Rate,Sound,Light,Phone_Active,User_Attention,Trust Factor,
16:54:00,33,72,35,43,0,4,1,
16:54:01,34,72,35,43,0,4,1,
16:54:02,35,72,34,43,0,4,1,
16:54:03,36,72,36,43,0,4,1,
16:54:04,37,72,35,43,0,4,1,
16:54:05,38,72,34,43,0,4,1,
16:54:06,39,72,35,43,0,4,1,
16:54:07,40,72,33,43,0,4,1,
16:54:08,41,72,33,43,0,4,1,
16:54:09,42,72,35,43,0,4,1,
16:54:10,43,67,35,43,0,4,1,
16:54:11,44,67,34,43,0,4,1,
16:54:12,45,67,33,43,0,4,1,
16:54:13,46,67,35,43,0,4,1,
16:54:14,47,67,34,43,0,4,1,
16:54:15,48,67,34,43,0,4,1,
16:54:16,49,67,34,43,0,4,1,
16:54:17,50,66,35,43,0,4,1,
16:54:18,51,66,35,43,0,4,1,
16:54:19,52,66,37,43,0,4,1,
16:54:20,53,66,35,43,0,4,1,
16:54:21,54,66,36,43,0,4,1,
16:54:22,55,66,36,43,0,4,1,
16:54:23,56,66,33,43,0,4,1,
16:54:24,57,66,36,43,0,4,1,
16:54:25,58,66,35,43,0,4,1,
16:54:26,59,65,33,43,0,4,1,
16:54:27,60,65,44,43,0,4,1,
16:54:28,61,65,41,43,0,4,1,
16:54:29,62,65,38,43,0,4,1,
16:54:30,63,63,39,43,0,4,1,
16:54:31,64,63,41,43,0,4,1,
16:54:32,65,63,40,45,0,4,1,
16:54:33,66,63,36,45,0,4,1,
16:54:34,67,63,34,45,0,4,1,
16:54:35,68,63,35,45,0,4,1,
16:54:36,69,64,35,45,0,4,1,
16:54:37,70,64,35,45,0,4,1,
16:54:38,71,63,36,45,0,4,1,
16:54:39,72,62,41,45,0,4,1,
16:54:40,73,62,39,45,0,4,1,
16:54:41,74,62,44,45,0,4,1,
16:54:42,75,63,56,45,0,4,1,
16:54:43,76,63,52,45,0,4,1,
16:54:44,77,63,44,45,0,4,1,
16:54:45,78,63,44,45,0,4,1,
16:54:46,79,63,48,45,0,4,1,
16:54:47,80,63,50,45,0,4,1,
16:54:48,81,63,53,45,0,4,1,
16:54:49,82,63,56,45,0,4,1,
16:54:50,83,63,53,45,0,4,1,
16:54:51,84,63,39,45,0,4,1,
16:54:52,85,63,37,45,0,4,1,
16:54:53,86,63,39,45,0,4,1,
16:54:54,87,63,42,45,0,4,1,
16:54:55,88,63,47,45,0,4,1,
16:54:56,89,63,55,45,0,4,1,
16:54:57,90,63,55,45,0,4,1,
16:54:58,91,63,54,45,0,4,1,
16:54:59,92,63,51,45,0,4,1,
16:55:00,93,63,51,45,0,4,1,
16:55:01,94,63,51,45,0,4,1,
16:55:02,95,63,49,45,0,4,1,
16:55:03,96,63,49,45,0,4,1,
16:55:04,97,63,47,45,0,4,1,
16:55:05,98,63,49,45,0,4,1,
16:55:06,99,63,50,45,0,4,1,
16:55:07,100,63,49,45,0,4,1,
16:55:08,101,63,51,45,0,4,1,
16:55:09,102,63,56,45,0,4,1,
16:55:10,103,63,55,45,0,4,1,
16:55:11,104,63,50,45,0,4,1,
16:55:12,105,63,56,45,0,4,1,
16:55:13,106,63,53,45,0,4,1,
16:55:14,107,63,56,45,0,4,1,
16:55:15,108,63,51,45,0,4,1,
16:55:16,109,63,54,45,0,4,1,
16:55:17,110,63,52,45,0,4,1,
16:55:18,111,62,50,45,0,4,1,
16:55:19,112,62,54,45,0,4,1,
16:55:20,113,62,53,45,0,4,1,
16:55:21,114,62,53,45,0,4,1,
16:55:22,115,62,55,45,0,4,1,
16:55:23,116,62,41,45,0,4,1,
16:55:24,117,62,35,45,0,4,1,
16:55:25,118,62,36,45,0,4,1,
16:55:26,119,62,35,45,0,4,1,
16:55:27,120,62,52,45,0,4,1,
16:55:28,121,62,60,45,0,4,1,
16:55:29,122,62,57,45,0,4,1,
16:55:30,123,63,49,45,0,4,1,
16:55:31,124,63,52,45,0,4,1,
16:55:32,125,63,50,45,0,4,1,
16:55:33,126,63,47,45,0,4,1,
16:55:34,127,62,48,45,0,4,1,
16:55:35,128,62,45,45,0,4,1,
16:55:36,129,62,44,45,0,4,1,
16:55:37,130,62,45,45,0,4,1,
16:55:38,131,63,48,45,0,4,1,
16:55:39,132,63,41,45,0,4,1,
16:55:40,133,63,40,45,0,4,1,
16:55:41,134,63,42,45,0,4,1,
16:55:42,135,63,40,45,0,4,1,
16:55:43,136,64,39,45,0,4,1,
16:55:44,137,64,48,45,0,4,1,
16:55:45,138,64,45,45,0,4,1,
16:55:46,139,64,38,45,0,4,1,
16:55:47,140,64,47,45,0,4,1,
16:55:48,141,64,39,45,0,4,1,
16:55:49,142,64,46,45,0,4,1,
16:55:50,143,64,43,45,0,4,1,
16:55:51,144,64,49,45,0,4,1,
16:55:52,145,64,45,45,0,4,1,
16:55:53,146,64,43,45,0,4,1,
16:55:54,147,64,43,45,0,4,1,
16:55:55,148,64,37,45,0,4,1,
16:55:56,149,64,42,45,0,4,1,
16:55:57,150,64,42,45,0,4,1,
16:55:58,151,64,49,45,0,4,1,
16:55:59,152,64,41,45,0,4,1,
16:56:00,153,61,43,45,0,4,1,
16:56:01,154,61,36,45,0,4,1,
16:56:02,155,61,45,45,0,4,1,
16:56:03,156,61,46,45,0,4,1,
16:56:04,157,61,38,45,0,4,1,
16:56:05,158,61,45,45,0,4,1,
16:56:06,159,61,35,45,0,4,1,
16:56:07,160,60,44,45,0,4,1,
16:56:08,161,60,39,45,0,4,0,
16:56:09,162,61,36,45,0,4,0,
16:56:10,163,61,46,45,0,4,0,
16:56:11,164,61,34,45,0,4,0,
16:56:12,165,61,34,45,0,4,1,
16:56:13,166,61,39,45,0,4,1,
16:56:14,167,61,42,46,0,4,1,
16:56:15,168,61,43,46,0,4,1,
16:56:16,169,61,35,46,0,4,1,
16:56:17,170,61,40,46,0,4,1,
16:56:18,171,61,41,46,0,4,1,
16:56:19,172,61,41,46,0,4,1,
16:56:20,173,64,34,46,0,4,1,
16:56:21,174,64,42,46,0,4,1,
16:56:22,175,64,46,46,0,4,1,
16:56:23,176,64,41,46,0,4,1,
16:56:24,177,64,57,46,0,4,1,
16:56:25,178,64,47,46,0,4,1,
16:56:26,179,64,42,46,0,4,1,
16:56:27,180,64,54,46,0,4,1,
16:56:28,181,64,53,46,0,4,1,
16:56:29,182,64,45,46,0,4,1,
16:56:30,183,63,49,46,0,4,1,
16:56:31,184,63,50,46,0,4,1,
16:56:32,185,63,60,46,0,4,1,
16:56:33,186,63,45,46,0,4,1,
16:56:34,187,63,47,46,0,4,1,
16:56:35,188,63,56,46,0,4,1,
16:56:36,189,63,40,46,0,4,1,
16:56:37,190,63,46,46,0,4,1,
16:56:38,191,64,42,46,0,4,1,
16:56:39,192,64,38,46,0,4,1,
16:56:40,193,64,45,46,0,4,1,
16:56:41,194,64,34,46,0,4,1,
16:56:42,195,64,65,46,0,4,1,
16:56:43,196,64,51,46,0,4,1,
16:56:44,197,64,57,46,0,4,1,
16:56:45,198,64,55,46,0,4,1,
16:56:46,199,64,50,46,0,4,1,
16:56:47,200,64,34,46,0,4,1,
16:56:48,201,64,35,46,0,4,1,
16:56:49,202,64,34,46,0,4,1,
16:56:50,203,64,33,46,0,4,1,
16:56:51,204,64,33,46,0,4,1,
16:56:52,205,64,33,46,0,4,1,
16:56:53,206,64,35,46,0,4,1,
16:56:54,207,64,35,46,0,4,1,
16:56:55,208,64,32,46,0,4,1,
16:56:56,209,64,33,46,0,4,1,
16:56:57,210,64,33,46,0,4,1,
16:56:58,211,64,33,46,0,4,1,
16:56:59,212,64,33,46,0,4,1,
16:57:00,213,68,32,46,0,4,1,
16:57:01,214,68,33,46,0,4,1,
16:57:02,215,68,34,46,0,4,1,
16:57:03,216,68,34,46,0,4,1,
16:57:04,217,68,34,46,0,4,1,
16:57:05,218,68,34,46,0,4,1,
16:57:06,219,68,34,46,0,4,1,
16:57:07,220,68,34,46,0,3,1,
16:57:08,221,68,34,46,0,3,1,
16:57:09,222,68,35,46,0,3,1,
16:57:10,223,64,35,46,0,3,1,
16:57:11,224,64,35,46,0,3,1,
16:57:12,225,64,34,46,0,3,1,
16:57:13,226,64,35,46,0,3,1,
16:57:14,227,64,34,46,0,3,1,
16:57:15,228,64,36,46,0,3,1,
16:57:16,229,64,36,46,0,3,1,
16:57:17,230,64,36,46,0,3,1,
16:57:18,231,64,35,46,0,3,1,
16:57:19,232,64,37,46,0,3,1,
16:57:20,233,63,36,46,0,3,1,
16:57:21,234,63,35,46,0,3,1,
16:57:22,235,63,35,46,0,3,1,
16:57:23,236,63,34,46,0,3,1,
16:57:24,237,63,34,46,0,3,1,
16:57:25,238,63,35,46,0,3,1,
16:57:26,239,63,33,46,0,3,1,
16:57:27,240,63,35,46,0,3,1,
16:57:28,241,63,35,46,0,3,1,
16:57:29,242,63,35,46,0,3,1,
16:57:30,243,64,34,46,0,3,1,
16:57:31,244,64,33,46,0,3,1,
16:57:32,245,64,33,46,0,3,1,
16:57:33,246,64,34,46,0,3,1,
16:57:34,247,64,36,46,0,3,1,
16:57:35,248,64,34,46,0,3,1,
16:57:36,249,64,49,46,0,3,1,
16:57:37,250,64,48,46,0,3,1,
16:57:38,251,64,42,46,0,3,1,
16:57:39,252,64,45,46,0,3,1,
16:57:40,253,65,48,46,0,3,1,
16:57:41,254,65,50,46,0,3,1,
16:57:42,255,65,48,46,0,3,1,
16:57:43,256,65,50,46,0,3,1,
16:57:44,257,65,48,46,0,3,1,
16:57:45,258,65,42,46,0,3,1,
16:57:46,259,65,44,46,0,3,1,
16:57:47,260,65,46,46,0,3,1,
16:57:48,261,65,48,46,0,3,1,
16:57:49,262,65,44,46,0,3,1,
16:57:50,263,66,48,46,0,3,1,
16:57:51,264,66,54,46,0,3,1,
16:57:52,265,66,52,46,0,3,1,
16:57:53,266,66,54,46,0,3,1,
16:57:54,267,66,53,46,0,3,1,
16:57:55,268,67,53,46,0,3,1,
16:57:56,269,67,48,46,0,3,1,
16:57:57,270,66,50,46,0,3,1,
16:57:58,271,66,49,46,0,3,1,
16:57:59,272,66,51,46,0,3,1,
16:58:00,273,66,53,46,0,3,1,
16:58:01,274,66,54,46,0,3,1,
16:58:02,275,66,55,46,0,3,1,
16:58:03,276,67,55,46,0,3,1,
16:58:04,277,67,52,46,0,3,1,
16:58:05,278,67,55,46,0,3,1,
16:58:06,279,67,55,46,0,3,1,
16:58:07,280,67,54,46,0,3,1,
16:58:08,281,67,52,46,0,3,1,
16:58:09,282,67,54,46,0,3,1,
16:58:10,283,66,49,46,0,3,1,
16:58:11,284,66,55,46,0,3,1,
16:58:12,285,66,55,46,0,3,1,
16:58:13,286,66,57,46,0,3,1,
16:58:14,287,66,49,46,0,3,1,
16:58:15,288,66,54,46,0,3,1,
16:58:16,289,66,54,46,0,3,1,
16:58:17,290,66,58,46,0,3,1,
16:58:18,291,66,49,46,0,3,1,
16:58:19,292,66,56,46,0,3,1,
16:58:20,293,67,54,46,0,3,1,
16:58:21,294,67,54,46,0,3,1,
16:58:22,295,67,51,46,0,3,1,
16:58:23,296,67,54,46,0,3,1,
16:58:24,297,67,54,46,0,3,1,
16:58:25,298,67,55,46,0,3,1,
16:58:26,299,67,49,46,0,3,1,
16:58:27,300,67,52,46,0,3,1,
16:58:28,301,67,49,46,0,3,1,
16:58:29,302,67,50,46,0,3,1,
16:58:30,303,69,51,46,0,3,1,
16:58:31,304,69,53,46,0,3,1,
16:58:32,305,69,53,46,0,3,1,
16:58:33,306,69,53,46,0,3,1,
16:58:34,307,69,57,46,0,3,1,
16:58:35,308,69,52,46,0,3,1,
16:58:36,309,69,55,46,0,3,1,
16:58:37,310,69,54,46,0,3,1,
16:58:38,311,69,55,46,0,3,1,
16:58:39,312,69,54,46,0,3,1,
16:58:40,313,69,55,46,0,3,1,
16:58:41,314,68,52,46,0,3,1,
16:58:42,315,68,55,46,0,3,1,
16:58:43,316,68,54,46,0,3,1,
16:58:44,317,68,54,46,0,3,1,
16:58:45,318,68,54,46,0,3,1,
16:58:46,319,68,56,46,0,3,1,
16:58:47,320,68,48,46,0,3,1,
16:58:48,321,69,52,46,0,3,1,
16:58:49,322,68,55,46,0,3,1,
16:58:50,323,68,59,46,0,3,1,
16:58:51,324,68,55,46,0,3,1,
16:58:52,325,68,54,46,0,3,1,
16:58:53,326,68,56,46,0,3,1,
16:58:54,327,68,56,46,0,3,1,
16:58:55,328,68,58,46,0,3,1,
16:58:56,329,68,51,46,0,3,1,
16:58:57,330,68,56,46,0,3,1,
16:58:58,331,68,59,46,0,3,1,
16:58:59,332,68,53,46,0,3,1,
16:59:00,333,67,58,46,0,3,1,
16:59:01,334,67,56,46,0,3,1,
16:59:02,335,67,58,46,0,3,1,
16:59:03,336,67,54,46,0,3,1,
16:59:04,337,67,56,46,0,3,1,
16:59:05,338,67,59,46,0,3,1,
16:59:06,339,67,56,46,0,3,1,
16:59:07,340,67,57,46,0,3,1,
16:59:08,341,67,36,46,0,3,1,
16:59:09,342,67,49,46,0,3,1,
16:59:10,343,66,50,46,0,3,1,
16:59:11,344,66,49,46,0,3,1,
16:59:12,345,66,42,46,0,3,1,
16:59:13,346,66,47,46,0,3,1,
16:59:14,347,66,50,46,0,3,1,
16:59:15,348,66,56,46,0,3,1,
16:59:16,349,66,54,46,0,3,1,
16:59:17,350,66,55,46,0,3,1,
16:59:18,351,66,54,46,0,3,1,
16:59:19,352,66,45,46,0,3,1,
16:59:20,353,66,52,46,0,3,1,
16:59:21,354,66,53,46,0,3,1,
16:59:22,355,66,50,46,0,3,1,
16:59:23,356,66,54,46,0,3,1,
16:59:24,357,66,52,46,0,3,1,
16:59:25,358,66,47,46,0,3,1,
16:59:26,359,66,54,46,0,3,1,
16:59:27,360,66,55,46,0,3,1,
16:59:28,361,66,54,46,0,3,1,
16:59:29,362,66,52,46,0,3,1,
16:59:30,363,67,53,46,0,3,1,
16:59:31,364,67,52,46,0,3,1,
16:59:32,365,67,53,46,0,3,1,
16:59:33,366,67,51,46,0,3,1,
16:59:34,367,67,55,46,0,3,1,
16:59:35,368,67,54,46,0,3,1,
16:59:36,369,67,53,46,0,3,1,
16:59:37,370,67,50,46,0,3,1,
16:59:38,371,67,52,46,0,3,1,
16:59:39,372,67,53,46,0,3,1,
16:59:40,373,68,52,46,0,3,1,
16:59:41,374,68,50,46,0,3,1,
16:59:42,375,68,54,46,0,3,1,
16:59:43,376,68,53,46,0,3,1,
16:59:44,377,68,52,46,0,3,1,
16:59:45,378,68,56,46,0,3,1,
16:59:46,379,68,54,46,0,3,1,
16:59:47,380,68,56,46,0,3,1,
16:59:48,381,68,56,46,0,3,1,
16:59:49,382,68,50,46,0,3,1,
16:59:50,383,70,57,46,0,3,1,
16:59:51,384,70,35,46,0,3,1,
16:59:52,385,70,34,46,0,3,1,
16:59:53,386,70,36,46,0,2,1,
16:59:54,387,70,36,46,0,2,1,
16:59:55,388,70,36,46,0,2,1,
16:59:56,389,70,35,46,0,2,1,
16:59:57,390,70,35,46,0,2,1,
16:59:58,391,70,37,46,0,2,1,
16:59:59,392,70,36,46,0,2,1,
17:00:00,393,67,37,46,0,2,1,
17:00:01,394,67,36,46,0,2,1,
17:00:02,395,67,36,46,0,2,1,
17:00:03,396,67,37,46,0,2,1,
17:00:04,397,67,36,46,0,2,1,
17:00:05,398,67,37,46,0,2,1,
17:00:06,399,67,44,46,0,2,1,
17:00:07,400,67,36,46,0,2,1,
17:00:08,401,67,42,46,0,2,1,
17:00:09,402,67,38,46,0,2,1,
17:00:10,403,67,36,46,0,2,1,
17:00:11,404,67,36,46,0,2,1,
17:00:12,405,67,36,46,0,2,1,
17:00:13,406,67,34,46,0,2,1,
17:00:14,407,66,47,46,0,2,1,
17:00:15,408,66,45,46,0,2,1,
17:00:16,409,66,45,46,0,2,1,
17:00:17,410,66,44,46,0,2,1,
17:00:18,411,66,50,46,0,2,1,
17:00:19,412,66,50,46,0,2,1,
17:00:20,413,66,54,46,0,2,1,
17:00:21,414,66,50,46,0,2,1,
17:00:22,415,66,49,46,0,2,1,
17:00:23,416,66,49,46,0,2,1,
17:00:24,417,66,48,46,0,2,1,
17:00:25,418,66,51,46,0,2,1,
17:00:26,419,66,51,46,0,2,1,
17:00:27,420,66,48,46,0,2,1,
17:00:28,421,66,50,46,0,2,1,
17:00:29,422,66,50,46,0,2,1,
17:00:30,423,66,49,46,0,2,1,
17:00:31,424,66,42,46,0,2,1,
17:00:32,425,66,43,46,0,2,1,
17:00:33,426,66,52,46,0,2,1,
17:00:34,427,66,49,46,0,2,1,
17:00:35,428,66,51,46,0,2,1,
17:00:36,429,66,47,46,0,2,1,
17:00:37,430,66,48,46,0,2,1,
17:00:38,431,66,47,46,0,2,1,
17:00:39,432,66,43,46,0,2,1,
17:00:40,433,66,42,46,0,2,1,
17:00:41,434,66,48,46,0,2,1,
17:00:42,435,66,52,46,0,2,1,
17:00:43,436,66,47,46,0,2,1,
17:00:44,437,66,50,46,0,2,1,
17:00:45,438,66,45,46,0,2,1,
17:00:46,439,66,43,46,0,2,1,
17:00:47,440,66,49,46,0,2,1,
17:00:48,441,66,47,46,0,2,1,
17:00:49,442,66,51,46,0,2,1,
17:00:50,443,62,43,46,0,2,1,
17:00:51,444,62,51,46,0,2,1,
17:00:52,445,62,50,46,0,2,1,
17:00:53,446,62,47,46,0,2,1,
17:00:54,447,62,41,46,0,2,1,
17:00:55,448,62,48,46,0,2,1,
17:00:56,449,62,46,46,0,2,1,
17:00:57,450,62,43,46,0,2,1,
17:00:58,451,62,49,46,0,2,1,
17:00:59,452,62,46,46,0,2,1,
17:01:00,453,64,44,46,0,2,1,
17:01:01,454,64,40,46,0,2,1,
17:01:02,455,64,42,46,0,2,1,
17:01:03,456,64,44,46,0,2,1,
17:01:04,457,64,51,46,0,2,1,
17:01:05,458,64,46,46,0,2,1,
17:01:06,459,64,53,46,0,2,1,
17:01:07,460,64,39,46,0,2,1,
17:01:08,461,64,45,46,0,2,1,
17:01:09,462,64,52,46,0,2,1,
17:01:10,463,63,53,46,0,2,1,
17:01:11,464,63,49,46,0,2,1,
17:01:12,465,63,46,46,0,2,1,
17:01:13,466,63,48,46,0,2,1,
17:01:14,467,63,50,46,0,2,1,
17:01:15,468,63,48,46,0,2,1,
17:01:16,469,63,51,46,0,2,1,
17:01:17,470,63,47,46,0,2,1,
17:01:18,471,63,46,46,0,2,1,
17:01:19,472,63,44,46,0,2,1,
17:01:20,473,68,47,46,0,2,1,
17:01:21,474,68,49,46,0,2,1,
17:01:22,475,68,51,46,0,2,1,
17:01:23,476,68,47,46,0,2,1,
17:01:24,477,68,51,46,0,2,1,
17:01:25,478,68,47,46,0,2,1,
17:01:26,479,68,48,46,0,2,1,
17:01:27,480,68,51,46,0,2,1,
17:01:28,481,68,51,46,0,2,1,
17:01:29,482,68,49,46,0,2,1,
17:01:30,483,69,49,46,0,2,1,
17:01:31,484,69,50,46,0,2,1,
17:01:32,485,69,45,46,0,2,1,
17:01:33,486,69,45,46,0,2,1,
17:01:34,487,69,50,46,0,2,1,
17:01:35,488,69,47,46,0,2,1,
17:01:36,489,69,47,46,0,2,1,
17:01:37,490,69,47,46,0,2,1,
17:01:38,491,69,51,46,0,2,1,
17:01:39,492,69,49,46,0,2,1,
17:01:40,493,67,49,46,0,2,1,
17:01:41,494,67,50,46,0,2,1,
17:01:42,495,67,49,46,0,2,1,
17:01:43,496,67,50,46,0,2,1,
17:01:44,497,67,47,46,0,2,1,
17:01:45,498,67,50,46,0,2,1,
17:01:46,499,67,48,46,0,2,1,
17:01:47,500,67,46,46,0,2,1,
17:01:48,501,67,45,46,0,2,1,
17:01:49,502,67,51,46,0,2,1,
17:01:50,503,66,50,46,0,2,1,
17:01:51,504,66,51,46,0,2,1,
17:01:52,505,66,49,46,0,2,1,
17:01:53,506,66,51,46,0,2,1,
17:01:54,507,66,44,46,0,2,1,
17:01:55,508,66,49,46,0,2,1,
17:01:56,509,66,48,46,0,2,1,
17:01:57,510,66,44,46,0,2,1,
17:01:58,511,66,50,46,0,2,1,
17:01:59,512,66,47,46,0,2,1,
17:02:00,513,67,50,46,0,2,1,
17:02:01,514,67,49,46,0,2,1,
17:02:02,515,67,49,46,0,2,1,
17:02:03,516,67,47,46,0,2,1,
17:02:04,517,67,55,46,0,2,1,
17:02:05,518,67,42,46,0,2,1,
17:02:06,519,67,44,46,0,2,1,
17:02:07,520,67,38,46,0,2,1,
17:02:08,521,67,45,46,0,2,1,
17:02:09,522,67,42,46,0,2,1,
17:02:10,523,68,36,46,0,2,1,
17:02:11,524,68,36,46,0,2,1,
17:02:12,525,68,36,46,0,2,1,
17:02:13,526,68,36,46,0,2,1,
17:02:14,527,68,36,46,0,2,1,
17:02:15,528,68,36,46,0,2,1,
17:02:16,529,68,37,46,0,2,1,
17:02:17,530,68,35,46,0,2,1,
17:02:18,531,68,35,46,0,2,1,
17:02:19,532,68,35,46,0,2,1,
17:02:20,533,70,36,46,0,2,1,
17:02:21,534,70,36,46,0,2,1,
17:02:22,535,70,36,46,0,2,1,
17:02:23,536,70,37,46,0,2,1,
17:02:24,537,70,35,46,0,2,1,
17:02:25,538,70,36,46,0,2,1,
17:02:26,539,70,35,46,0,2,1,
17:02:27,540,70,38,46,0,2,1,
17:02:28,541,70,37,46,0,3,1,
17:02:29,542,70,36,46,0,3,1,
17:02:30,543,69,36,46,0,3,1,
17:02:31,544,69,36,46,0,3,1,
17:02:32,545,69,36,46,0,3,1,
17:02:33,546,69,35,46,0,3,1,
17:02:34,547,69,36,46,0,3,1,
17:02:35,548,70,36,46,0,3,1,
17:02:36,549,70,34,46,0,3,1,
17:02:37,550,70,35,46,0,3,1,
17:02:38,551,70,33,46,0,3,1,
17:02:39,552,70,33,46,0,3,1,
17:02:40,553,70,35,46,0,3,1,
17:02:41,554,71,34,46,0,3,1,
17:02:42,555,71,34,46,0,3,1,
17:02:43,556,71,37,46,0,3,1,
17:02:44,557,71,59,46,0,3,1,
17:02:45,558,71,34,46,0,3,1,
17:02:46,559,71,34,46,0,3,1,
17:02:47,560,71,36,46,0,3,1,
17:02:48,561,71,35,46,0,3,1,
17:02:49,562,71,35,46,0,3,1,
17:02:50,563,71,37,46,0,3,1,
17:02:51,564,71,35,46,0,3,1,
17:02:52,565,71,33,46,0,3,1,
17:02:53,566,71,34,46,0,3,1,
17:02:54,567,72,34,46,0,3,1,
17:02:55,568,72,34,46,0,3,1,
17:02:56,569,73,33,46,0,3,1,
17:02:57,570,73,36,46,0,3,1,
17:02:58,571,73,57,46,0,3,1,
17:02:59,572,73,48,46,0,3,1,
17:03:00,573,73,34,46,0,3,1,
17:03:01,574,73,35,46,0,3,1,
17:03:02,575,73,35,46,0,3,1,
17:03:03,576,73,36,46,0,3,1,
17:03:04,577,73,36,46,0,3,1,
17:03:05,578,73,37,46,0,3,1,
17:03:06,579,73,35,46,0,3,1,
17:03:07,580,73,36,46,0,3,1,
17:03:08,581,73,35,46,0,3,1,
17:03:09,582,73,35,46,0,3,1,
17:03:10,583,77,41,46,0,3,1,
17:03:11,584,77,35,46,0,3,1,
17:03:12,585,77,34,46,0,3,1,
17:03:13,586,77,34,46,0,3,1,
17:03:14,587,77,35,46,0,3,1,
17:03:15,588,77,33,46,0,3,1,
17:03:16,589,77,33,46,0,3,1,
17:03:17,590,77,34,46,0,3,1,
17:03:18,591,77,32,46,0,3,1,
17:03:19,592,77,34,46,0,3,1,
17:03:20,593,72,36,46,0,3,1,
17:03:21,594,72,37,46,0,3,1,
17:03:22,595,72,33,46,0,3,1,
17:03:23,596,72,36,46,0,3,1,
17:03:24,597,72,34,46,0,3,1,
17:03:25,598,72,33,46,0,3,1,
17:03:26,599,72,34,46,0,3,1,
17:03:27,600,72,34,46,0,3,1,
17:03:28,601,72,34,46,0,3,1,
17:03:29,602,72,34,46,0,3,1,
17:03:30,603,70,34,46,0,3,1,
17:03:31,604,70,35,46,0,3,1,
17:03:32,605,70,35,46,0,3,1,
17:03:33,606,70,35,46,0,3,1,
17:03:34,607,70,35,46,0,3,1,
17:03:35,608,70,36,46,0,3,1,
17:03:36,609,70,36,46,0,3,1,
17:03:37,610,70,35,46,0,3,1,
17:03:38,611,70,35,46,0,3,1,
17:03:39,612,70,36,46,0,3,1,
17:03:40,613,70,35,46,0,3,1,
17:03:41,614,70,35,46,0,3,1,
17:03:42,615,70,37,46,0,3,1,
17:03:43,616,70,35,46,0,3,1,
17:03:44,617,70,36,46,0,3,1,
17:03:45,618,70,35,46,0,3,1,
17:03:46,619,70,34,46,0,3,1,
17:03:47,620,70,35,46,0,3,1,
17:03:48,621,70,34,46,0,3,1,
17:03:49,622,70,34,46,0,3,1,
17:03:50,623,70,33,46,0,3,1,
17:03:51,624,70,33,46,0,3,1,
17:03:52,625,70,35,46,0,3,1,
17:03:53,626,70,33,46,0,3,1,
17:03:54,627,70,32,46,0,3,1,
17:03:55,628,70,33,46,0,3,1,
17:03:56,629,70,34,46,0,3,1,
17:03:57,630,70,33,46,0,3,1,
17:03:58,631,70,33,46,0,3,1,
17:03:59,632,70,35,46,0,3,1,
17:04:00,633,69,34,46,0,3,1,
17:04:01,634,69,33,46,0,3,1,
17:04:02,635,69,36,46,0,3,1,
17:04:03,636,69,32,46,0,3,1,
17:04:04,637,69,32,46,0,3,1,
17:04:05,638,69,34,46,0,3,1,
17:04:06,639,69,32,46,0,3,1,
17:04:07,640,69,32,46,0,3,1,
17:04:08,641,69,32,46,0,3,1,
17:04:09,642,69,31,46,0,3,1,
17:04:10,643,73,31,46,0,3,1,
17:04:11,644,73,33,46,0,3,1,
17:04:12,645,73,33,46,0,3,1,
17:04:13,646,73,31,46,0,3,1,
17:04:14,647,73,33,46,0,3,1,
17:04:15,648,73,33,46,0,3,1,
17:04:16,649,73,33,46,0,3,1,
17:04:17,650,73,33,46,0,3,1,
17:04:18,651,73,34,46,0,3,1,
17:04:19,652,73,33,46,0,3,1,
17:04:20,653,74,34,46,0,3,1,
17:04:21,654,74,34,46,0,3,1,
17:04:22,655,74,34,46,0,3,1,
17:04:23,656,74,35,46,0,3,1,
17:04:24,657,74,35,46,0,3,1,
17:04:25,658,74,35,46,0,3,1,
17:04:26,659,74,34,46,0,3,1,
17:04:27,660,74,36,46,0,3,1,
17:04:28,661,74,35,46,0,3,1,
17:04:29,662,74,35,46,0,3,1,
17:04:30,663,71,35,46,0,3,1,
17:04:31,664,71,35,46,0,3,1,
17:04:32,665,71,35,46,0,3,1,
17:04:33,666,71,35,46,0,3,1,
17:04:34,667,71,35,46,0,3,1,
17:04:35,668,71,36,46,0,3,1,
17:04:36,669,71,35,46,0,3,1,
17:04:37,670,71,35,46,0,3,1,
17:04:38,671,71,34,46,0,3,1,
17:04:39,672,71,34,46,0,3,1,
17:04:40,673,67,34,46,0,3,1,
17:04:41,674,67,34,46,0,3,1,
17:04:42,675,67,34,46,0,3,1,
17:04:43,676,67,33,46,0,3,1,
17:04:44,677,67,34,46,0,3,1,
17:04:45,678,67,35,46,0,3,1,
17:04:46,679,67,33,46,0,3,1,
17:04:47,680,67,34,46,0,3,1,
17:04:48,681,67,35,46,0,3,1,
17:04:49,682,67,34,46,0,3,1,
17:04:50,683,67,34,46,0,3,1,
17:04:51,684,67,34,46,0,3,1,
17:04:52,685,67,35,46,0,3,1,
17:04:53,686,68,36,46,0,3,1,
17:04:54,687,68,35,46,0,3,1,
17:04:55,688,68,35,46,0,3,1,
17:04:56,689,68,35,46,0,3,1,
17:04:57,690,68,34,46,0,3,1,
17:04:58,691,68,35,46,0,3,1,
17:04:59,692,68,36,46,0,3,1,
17:05:00,693,68,35,46,0,3,1,
17:05:01,694,67,34,46,0,3,1,
17:05:02,695,67,35,46,0,3,1,
17:05:03,696,67,33,46,0,3,1,
17:05:04,697,67,32,46,0,3,1,
17:05:05,698,67,32,46,0,3,1,
17:05:06,699,67,34,46,0,3,1,
17:05:07,700,67,33,46,0,3,1,
17:05:08,701,67,33,46,0,3,1,
17:05:09,702,67,33,46,0,3,1,
17:05:10,703,68,33,46,0,3,1,
17:05:11,704,68,33,46,0,3,1,
17:05:12,705,68,34,46,0,3,1,
17:05:13,706,68,34,46,0,3,1,
17:05:14,707,68,35,46,0,3,1,
17:05:15,708,68,35,46,0,3,1,
17:05:16,709,68,40,46,0,3,1,
17:05:17,710,68,35,46,0,3,1,
17:05:18,711,68,34,46,0,3,1,
17:05:19,712,68,34,46,0,3,1,
17:05:20,713,70,35,46,0,3,1,
17:05:21,714,70,34,46,0,3,1,
17:05:22,715,70,34,46,0,3,1,
17:05:23,716,70,34,46,0,3,1,
17:05:24,717,70,35,46,0,3,1,
17:05:25,718,70,34,46,0,3,1,
17:05:26,719,70,34,46,0,3,1,
17:05:27,720,70,36,46,0,3,1,
17:05:28,721,70,35,46,0,3,1,
17:05:29,722,70,34,46,0,3,1,
17:05:30,723,68,35,46,0,3,1,
17:05:31,724,68,32,46,0,3,1,
17:05:32,725,68,34,46,0,3,1,
17:05:33,726,68,33,46,0,3,1,
17:05:34,727,68,33,46,0,3,1,
17:05:35,728,68,32,46,0,3,1,
17:05:36,729,68,32,46,0,3,1,
17:05:37,730,68,32,46,0,3,1,
17:05:38,731,68,33,46,0,3,1,
17:05:39,732,68,33,46,0,3,1,
17:05:40,733,70,34,46,0,3,1,
17:05:41,734,70,33,46,0,3,1,
17:05:42,735,70,34,46,0,3,1,
17:05:43,736,70,34,46,0,3,1,
17:05:44,737,70,34,46,0,3,1,
17:05:45,738,70,35,46,0,3,1,
17:05:46,739,70,35,46,0,3,1,
17:05:47,740,70,34,46,0,3,1,
17:05:48,741,70,34,46,0,3,1,
17:05:49,742,70,35,46,0,3,1,
17:05:50,743,70,35,46,0,3,1,
17:05:51,744,70,34,46,0,3,1,
17:05:52,745,70,35,46,0,3,1,
17:05:53,746,70,34,46,0,3,1,
17:05:54,747,70,34,46,0,3,1,
17:05:55,748,70,34,46,0,3,1,
17:05:56,749,70,35,46,0,3,1,
17:05:57,750,70,36,46,0,3,1,
17:05:58,751,70,38,46,0,3,1,
17:05:59,752,69,35,46,0,3,1,
17:06:00,753,69,35,46,0,3,1,
17:06:01,754,69,33,46,0,3,1,
17:06:02,755,70,35,46,0,3,1,
17:06:03,756,70,35,46,0,3,1,
17:06:04,757,70,36,46,0,3,1,
17:06:05,758,70,34,46,0,3,1,
17:06:06,759,70,34,46,0,3,1,
17:06:07,760,70,36,46,0,3,1,
17:06:08,761,70,34,46,0,3,1,
17:06:09,762,70,33,46,0,3,1,
17:06:10,763,72,36,46,0,3,1,
17:06:11,764,72,35,46,0,3,1,
17:06:12,765,72,34,46,0,3,1,
17:06:13,766,72,33,46,0,3,1,
17:06:14,767,72,32,46,0,3,1,
17:06:15,768,72,33,46,0,3,1,
17:06:16,769,72,33,46,0,3,1,
17:06:17,770,72,33,46,0,3,1,
17:06:18,771,72,35,46,0,3,1,
17:06:19,772,72,35,46,0,3,1,
17:06:20,773,75,37,46,0,3,1,
17:06:21,774,75,33,46,0,3,1,
17:06:22,775,75,34,46,0,3,1,
17:06:23,776,75,37,46,0,3,1,
17:06:24,777,75,32,46,0,3,1,
17:06:25,778,75,33,46,0,3,1,
17:06:26,779,75,33,46,0,3,1,
17:06:27,780,75,36,46,0,3,1,
17:06:28,781,75,36,46,0,3,1,
17:06:29,782,75,36,46,0,1,1,
17:06:30,783,75,33,46,0,1,1,
17:06:31,784,75,34,46,0,1,1,
17:06:32,785,75,33,46,0,1,1,
17:06:33,786,75,33,46,0,1,1,
17:06:34,787,75,33,46,0,1,1,
17:06:35,788,75,36,46,0,1,1,
17:06:36,789,75,32,46,0,1,1,
17:06:37,790,75,32,46,0,1,1,
17:06:38,791,75,35,46,0,1,1,
17:06:39,792,75,35,46,0,1,1,
17:06:40,793,86,37,46,0,1,1,
17:06:41,794,86,34,46,0,1,1,
17:06:42,795,86,35,46,0,1,1,
17:06:43,796,86,33,46,0,1,1,
17:06:44,797,86,35,46,0,1,1,
17:06:45,798,86,38,46,0,1,1,
17:06:46,799,86,33,46,0,1,1,
17:06:47,800,86,33,46,0,1,1,
17:06:48,801,86,33,46,0,1,1,
17:06:49,802,86,34,46,0,1,1,
17:06:50,803,78,36,46,0,1,1,
17:06:51,804,78,34,46,0,1,1,
17:06:52,805,78,34,46,0,1,1,
17:06:53,806,79,34,46,0,1,1,
17:06:54,807,79,33,46,0,1,1,
17:06:55,808,78,33,46,0,1,1,
17:06:56,809,78,34,46,0,1,1,
17:06:57,810,78,35,46,0,1,1,
17:06:58,811,78,34,46,0,1,1,
17:06:59,812,78,35,46,0,1,1,
17:07:00,813,78,36,46,0,1,1,
17:07:01,814,78,33,46,0,1,1,
17:07:02,815,78,33,46,0,1,1,
17:07:03,816,78,35,46,0,1,1,
17:07:04,817,78,35,46,0,1,1,
17:07:05,818,78,34,46,0,1,1,
17:07:06,819,78,35,46,0,1,1,
17:07:07,820,78,34,46,0,1,1,
17:07:08,821,78,36,46,0,1,1,
17:07:09,822,78,35,46,0,1,1,
17:07:10,823,78,36,46,0,1,1,
17:07:11,824,78,36,46,0,1,1,
17:07:12,825,78,35,46,0,1,1,
17:07:13,826,78,35,46,0,1,1,
17:07:14,827,78,35,46,0,1,1,
17:07:15,828,78,36,46,0,1,1,
17:07:16,829,78,34,46,0,1,1,
17:07:17,830,78,34,46,0,1,1,
17:07:18,831,78,35,46,0,1,1,
17:07:19,832,78,35,46,0,1,1,
17:07:20,833,70,34,46,0,1,1,
17:07:21,834,70,34,46,0,1,1,
17:07:22,835,70,40,46,0,1,1,
17:07:23,836,70,34,46,0,1,1,
17:07:24,837,70,33,46,0,1,1,
17:07:25,838,70,36,46,0,1,1,
17:07:26,839,70,37,46,0,1,1,
17:07:27,840,70,34,46,0,1,1,
17:07:28,841,70,34,46,0,1,1,
17:07:29,842,70,33,46,0,1,1,
17:07:30,843,78,34,46,0,1,1,
17:07:31,844,78,33,46,0,1,1,
17:07:32,845,78,35,46,0,1,1,
17:07:33,846,78,34,46,0,1,1,
17:07:34,847,80,37,46,0,1,1,
17:07:35,848,80,34,46,0,1,1,
17:07:36,849,80,34,46,0,1,1,
17:07:37,850,80,36,46,0,1,1,
17:07:38,851,80,36,46,0,1,1,
17:07:39,852,80,35,46,0,1,1,
17:07:40,853,81,38,46,0,1,1,
17:07:41,854,81,35,46,0,1,1,
17:07:42,855,82,36,46,0,1,1,
17:07:43,856,82,38,46,0,1,1,
17:07:44,857,82,35,46,0,1,1,
17:07:45,858,82,34,46,0,1,1,
17:07:46,859,82,35,46,0,1,1,
17:07:47,860,82,36,46,0,1,1,
17:07:48,861,82,35,46,0,1,1,
17:07:49,862,82,35,46,0,1,1,
17:07:50,863,77,37,46,0,1,1,
17:07:51,864,77,35,46,0,1,1,
17:07:52,865,77,35,46,0,1,1,
17:07:53,866,77,34,46,0,1,1,
17:07:54,867,77,39,46,0,1,1,
17:07:55,868,77,36,46,0,1,1,
17:07:56,869,77,38,46,0,1,1,
17:07:57,870,77,37,46,0,1,1,
17:07:58,871,77,42,46,0,1,1,
17:07:59,872,75,38,46,0,1,1,
17:08:00,873,75,36,46,0,1,1,
17:08:01,874,75,36,46,0,1,1,
17:08:02,875,75,41,46,0,1,1,
17:08:03,876,75,36,46,0,1,1,
17:08:04,877,75,37,46,0,1,1,
17:08:05,878,75,37,46,0,1,1,
17:08:06,879,75,37,46,0,1,1,
17:08:07,880,75,36,46,0,1,1,
17:08:08,881,75,37,46,0,1,1,
17:08:09,882,75,35,46,0,1,1,
17:08:10,883,75,40,46,0,1,1,
17:08:11,884,75,35,46,0,1,1,
17:08:12,885,75,41,46,0,1,1,
17:08:13,886,75,36,46,0,1,1,
17:08:14,887,74,35,46,0,1,1,
17:08:15,888,74,40,46,0,1,1,
17:08:16,889,73,35,46,0,1,1,
17:08:17,890,73,37,46,0,1,1,
17:08:18,891,73,35,46,0,1,1,
17:08:19,892,73,36,46,0,1,1,
17:08:20,893,73,37,46,0,1,1,
17:08:21,894,73,40,46,0,1,1,
17:08:22,895,73,36,46,0,1,1,
17:08:23,896,73,36,46,0,1,1,
17:08:24,897,73,36,46,0,1,1,
17:08:25,898,73,35,46,0,1,1,
17:08:26,899,73,35,46,0,1,1,
17:08:27,900,73,35,46,0,1,1,
17:08:28,901,73,36,46,0,1,1,
17:08:29,902,73,34,46,0,1,1,
17:08:30,903,66,36,46,0,1,1,
17:08:31,904,67,35,46,0,1,1,
17:08:32,905,67,36,46,0,1,1,
17:08:33,906,68,36,46,0,1,1,
17:08:34,907,70,35,46,0,1,1,
17:08:35,908,70,36,46,0,1,1,
17:08:36,909,72,36,46,0,1,1,
17:08:37,910,73,35,46,0,1,1,
17:08:38,911,75,36,46,0,1,1,
17:08:39,912,76,36,46,0,1,1,
17:08:40,913,76,35,46,0,1,1,
17:08:41,914,76,35,46,0,1,1,
17:08:42,915,76,35,46,0,1,1,
17:08:43,916,76,35,46,0,1,1,
17:08:44,917,76,37,46,0,1,1,
17:08:45,918,76,35,46,0,1,1,
17:08:46,919,76,35,46,0,1,1,
17:08:47,920,76,37,46,0,1,1,
17:08:48,921,76,37,46,0,1,1,
17:08:49,922,76,37,46,0,1,1,
17:08:50,923,69,37,46,0,1,1,
17:08:51,924,69,35,46,0,1,1,
17:08:52,925,69,38,46,0,1,1,
17:08:53,926,69,37,46,0,1,1,
17:08:54,927,69,38,46,0,1,1,
17:08:55,928,69,38,46,0,1,1,
17:08:56,929,69,35,46,0,1,1,
17:08:57,930,69,36,46,0,1,1,
17:08:58,931,69,35,46,0,1,1,
17:08:59,932,69,37,46,0,1,1,
17:09:00,933,66,41,46,0,1,1,
17:09:01,934,66,41,46,0,1,1,
17:09:02,935,66,36,46,0,1,1,
17:09:03,936,66,38,46,0,1,1,
17:09:04,937,66,37,46,0,1,1,
17:09:05,938,66,36,46,0,1,1,
17:09:06,939,66,37,46,0,1,1,
17:09:07,940,66,35,46,0,1,1,
17:09:08,941,66,35,46,0,1,1,
17:09:09,942,66,36,46,0,1,1,
17:09:10,943,69,36,46,0,1,1,
17:09:11,944,69,35,46,0,1,1,
17:09:12,945,69,36,46,0,1,1,
17:09:13,946,69,36,46,0,1,1,
17:09:14,947,69,35,46,0,1,1,
17:09:15,948,69,35,46,0,1,1,
17:09:16,949,69,35,46,0,1,1,
17:09:17,950,69,36,46,0,1,1,
17:09:18,951,69,35,46,0,1,1,
17:09:19,952,69,35,46,0,1,1,
17:09:20,953,73,35,46,0,1,1,
17:09:21,954,73,34,46,0,1,1,
17:09:22,955,73,34,46,0,1,1,
17:09:23,956,73,35,46,0,1,1,
17:09:24,957,73,35,46,0,1,1,
17:09:25,958,73,34,46,0,1,1,
17:09:26,959,73,35,46,0,1,1,
17:09:27,960,73,35,46,0,1,1,
17:09:28,961,73,36,46,0,1,1,
17:09:29,962,73,36,46,0,1,1,
17:09:30,963,75,37,46,0,1,1,
17:09:31,964,75,37,46,0,1,1,
17:09:32,965,75,35,46,0,1,1,
17:09:33,966,75,35,46,0,1,1,
17:09:34,967,75,35,46,0,1,1,
17:09:35,968,75,36,46,0,1,1,
17:09:36,969,75,35,46,0,1,1,
17:09:37,970,75,35,46,0,1,1,
17:09:38,971,75,36,46,0,1,1,
17:09:39,972,75,37,46,0,1,1,
17:09:40,973,74,36,46,0,1,1,
17:09:41,974,74,37,46,0,1,1,
17:09:42,975,74,38,46,0,1,1,
17:09:43,976,74,35,46,0,1,1,
17:09:44,977,74,36,46,0,1,1,
17:09:45,978,74,34,46,0,1,1,
17:09:46,979,74,36,46,0,1,1,
17:09:47,980,74,37,46,0,1,1,
17:09:48,981,74,35,46,0,1,1,
17:09:49,982,74,35,46,0,1,1,
17:09:50,983,75,35,46,0,1,1,
17:09:51,984,75,35,46,0,1,1,
17:09:52,985,75,35,46,0,1,1,
17:09:53,986,75,35,46,0,1,1,
17:09:54,987,75,35,46,0,1,1,
17:09:55,988,75,35,46,0,1,1,
17:09:56,989,75,36,46,0,1,1,
17:09:57,990,75,35,46,0,1,1,
17:09:58,991,75,37,46,0,1,1,
17:09:59,992,75,35,46,0,1,1,
17:10:00,993,76,36,46,0,1,1,
17:10:01,994,76,34,46,0,1,1,
17:10:02,995,76,37,46,0,2,1,
17:10:03,996,76,37,46,0,2,1,
17:10:04,997,76,35,46,0,2,1,
17:10:05,998,76,34,46,0,2,1,
17:10:06,999,76,39,46,0,2,1,
17:10:07,1000,76,33,46,0,2,1,
17:10:08,1001,76,35,46,0,2,1,
17:10:09,1002,76,34,46,0,2,1,
17:10:10,1003,76,36,46,0,2,1,
17:10:11,1004,76,32,46,0,2,1,
17:10:12,1005,76,32,46,0,2,1,
17:10:13,1006,76,36,46,0,2,1,
17:10:14,1007,76,33,46,0,2,1,
17:10:15,1008,76,33,46,0,2,1,
17:10:16,1009,76,35,46,0,2,1,
17:10:17,1010,76,33,46,0,2,1,
17:10:18,1011,76,34,46,0,2,1,
17:10:19,1012,76,33,46,0,2,1,
17:10:20,1013,77,32,46,0,2,1,
17:10:21,1014,77,37,46,0,2,1,
17:10:22,1015,77,37,46,0,2,1,
17:10:23,1016,77,33,46,0,2,1,
17:10:24,1017,77,35,46,0,2,1,
17:10:25,1018,77,33,46,0,2,1,
17:10:26,1019,77,33,46,0,2,1,
17:10:27,1020,77,34,46,0,2,1,
17:10:28,1021,77,34,46,0,2,1,
17:10:29,1022,77,33,46,0,2,1,
17:10:30,1023,78,34,46,0,2,1,
17:10:31,1024,78,33,46,0,2,1,
17:10:32,1025,78,36,46,0,2,1,
17:10:33,1026,78,35,46,0,2,1,
17:10:34,1027,78,36,46,0,2,1,
17:10:35,1028,78,36,46,0,2,1,
17:10:36,1029,78,35,46,0,2,1,
17:10:37,1030,78,36,46,0,2,1,
17:10:38,1031,78,35,46,0,2,1,
17:10:39,1032,78,36,46,0,2,1,
17:10:40,1033,78,34,46,0,2,1,
17:10:41,1034,78,35,46,0,2,1,
17:10:42,1035,79,35,46,0,2,1,
17:10:43,1036,79,35,46,0,2,1,
17:10:44,1037,79,35,46,0,2,1,
17:10:45,1038,80,35,46,0,2,1,
17:10:46,1039,80,35,46,0,2,1,
17:10:47,1040,80,35,46,0,2,1,
17:10:48,1041,80,35,46,0,2,1,
17:10:49,1042,80,35,46,0,2,1,
17:10:50,1043,79,35,46,0,2,1,
17:10:51,1044,79,37,46,0,2,1,
17:10:52,1045,79,35,46,0,2,1,
17:10:53,1046,79,35,46,0,2,1,
17:10:54,1047,79,41,46,0,2,1,
17:10:55,1048,79,34,46,0,2,1,
17:10:56,1049,78,35,46,0,2,1,
17:10:57,1050,78,35,46,0,2,1,
17:10:58,1051,78,35,46,0,2,1,
17:10:59,1052,78,41,46,0,2,1,
17:11:00,1053,78,33,46,0,2,1,
17:11:01,1054,78,33,46,0,2,1,
17:11:02,1055,78,32,46,0,2,1,
17:11:03,1056,78,34,46,0,2,1,
17:11:04,1057,78,38,46,0,2,1,
17:11:05,1058,77,33,46,0,2,1,
17:11:06,1059,77,35,46,0,2,1,
17:11:07,1060,77,33,46,0,2,1,
17:11:08,1061,77,34,46,0,2,1,
17:11:09,1062,77,33,46,0,2,1,
17:11:10,1063,76,34,46,0,2,1,
17:11:11,1064,76,33,26,0,2,1,
17:11:12,1065,75,51,15,0,2,1,
17:11:13,1066,75,32,66,0,2,1,
17:11:14,1067,74,35,66,0,2,1,
17:11:15,1068,74,38,66,0,2,1,
17:11:16,1069,74,36,66,0,2,1,
17:11:17,1070,74,36,66,0,2,1,
17:11:18,1071,74,35,66,0,2,1,
17:11:19,1072,74,35,66,0,2,1,
17:11:20,1073,69,35,66,0,2,1,
17:11:21,1074,69,36,66,0,2,1,
17:11:22,1075,69,37,66,0,2,1,
17:11:23,1076,69,36,66,0,2,1,
17:11:24,1077,69,38,66,0,2,1,
17:11:25,1078,69,36,66,0,2,1,
17:11:26,1079,68,38,66,0,2,1,
17:11:27,1080,68,39,66,0,2,1,
17:11:28,1081,68,39,66,0,2,1,
17:11:29,1082,68,37,66,0,2,1,
17:11:30,1083,68,46,51,0,2,1,
17:11:31,1084,67,36,56,0,2,1,
17:11:32,1085,67,37,56,0,2,1,
17:11:33,1086,67,34,56,0,2,1,
17:11:34,1087,67,35,56,0,2,1,
17:11:35,1088,66,35,56,0,2,1,
17:11:36,1089,66,34,56,0,2,1,
17:11:37,1090,66,34,56,0,2,1,
17:11:38,1091,66,35,56,0,2,1,
17:11:39,1092,66,33,56,0,2,1,
17:11:40,1093,65,35,56,0,2,1,
17:11:41,1094,65,35,56,0,2,1,
17:11:42,1095,65,34,56,0,2,1,
17:11:43,1096,65,35,56,0,2,1,
17:11:44,1097,65,33,56,0,2,1,
17:11:45,1098,65,34,10,0,2,1,
17:11:46,1099,65,35,50,0,2,1,
17:11:47,1100,65,34,10,0,2,1,
17:11:48,1101,65,34,51,0,2,1,
17:11:49,1102,65,34,11,0,2,1,
17:11:50,1103,66,35,49,0,2,1,
17:11:51,1104,66,38,49,0,2,1,
17:11:52,1105,66,35,42,0,2,1,
17:11:53,1106,66,35,30,0,2,1,
17:11:54,1107,66,39,49,0,2,1,
17:11:55,1108,66,36,49,0,2,1,
17:11:56,1109,66,35,49,0,2,1,
17:11:57,1110,65,35,49,0,2,1,
17:11:58,1111,65,37,49,0,2,1,
17:11:59,1112,65,36,49,0,2,1,
17:12:00,1113,65,38,49,0,2,1,
17:12:01,1114,65,39,49,0,2,1,
17:12:02,1115,65,37,49,0,2,1,
17:12:03,1116,65,37,49,0,2,1,
17:12:04,1117,65,38,49,0,2,1,
17:12:05,1118,65,37,49,0,2,1,
17:12:06,1119,65,35,49,0,2,1,
17:12:07,1120,65,39,49,0,2,1,
17:12:08,1121,65,33,49,0,2,1,
17:12:09,1122,65,39,49,0,2,1,
17:12:10,1123,65,33,49,0,2,1,
17:12:11,1124,65,32,49,0,2,1,
17:12:12,1125,65,33,49,0,2,1,
17:12:13,1126,65,34,49,0,2,1,
17:12:14,1127,65,34,49,0,2,1,
17:12:15,1128,65,35,49,0,2,1,
17:12:16,1129,65,38,49,0,2,1,
17:12:17,1130,65,42,49,0,2,1,
17:12:18,1131,65,39,49,0,2,1,
17:12:19,1132,65,38,49,0,2,1,
17:12:20,1133,67,35,49,0,2,1,
17:12:21,1134,67,35,49,0,2,1,
17:12:22,1135,67,35,49,0,2,1,
17:12:23,1136,67,33,49,0,2,1,
17:12:24,1137,67,34,49,0,2,1,
17:12:25,1138,67,35,49,0,2,1,
17:12:26,1139,67,33,49,0,2,1,
17:12:27,1140,67,43,49,0,2,1,
17:12:28,1141,67,39,49,0,2,1,
17:12:29,1142,67,43,49,0,2,1,
17:12:30,1143,67,35,49,0,2,1,
17:12:31,1144,67,41,49,0,2,1,
17:12:32,1145,67,35,49,0,2,1,
17:12:33,1146,67,35,49,0,2,1,
17:12:34,1147,67,35,49,0,2,1,
17:12:35,1148,67,38,49,0,2,1,
17:12:36,1149,67,54,49,0,2,1,
17:12:37,1150,67,35,49,0,2,1,
17:12:38,1151,67,35,49,0,2,1,
17:12:39,1152,67,33,49,0,2,1,
17:12:40,1153,76,36,49,0,2,1,
17:12:41,1154,76,37,49,0,2,1,
17:12:42,1155,76,34,49,0,2,1,
17:12:43,1156,76,36,49,0,2,1,
17:12:44,1157,76,37,49,0,2,1,
17:12:45,1158,76,37,49,0,2,1,
17:12:46,1159,76,35,49,0,2,1,
17:12:47,1160,76,35,49,0,2,0,
17:12:48,1161,76,34,49,0,2,0,
17:12:49,1162,75,35,51,0,2,0,
17:12:50,1163,75,35,51,0,2,0,
17:12:51,1164,75,35,51,0,2,0,
17:12:52,1165,75,36,51,0,2,0,
17:12:53,1166,75,37,51,0,2,0,
17:12:54,1167,75,34,51,0,2,0,
17:12:55,1168,75,36,51,0,2,0,
17:12:56,1169,75,36,51,0,2,0,
17:12:57,1170,75,35,51,0,2,0,
17:12:58,1171,75,35,51,0,2,0,
17:12:59,1172,75,36,51,0,2,0,
17:13:00,1173,75,37,51,0,2,0,
17:13:01,1174,75,36,51,0,2,0,
17:13:02,1175,75,40,51,0,2,0,
17:13:03,1176,75,39,51,0,2,0,
17:13:04,1177,75,39,51,0,2,0,
17:13:05,1178,75,35,51,0,2,0,
17:13:06,1179,75,36,51,0,2,0,
17:13:07,1180,75,37,51,0,2,0,
17:13:08,1181,75,35,51,0,2,0,
17:13:09,1182,75,36,51,0,2,0,
17:13:10,1183,75,35,51,0,2,0,
17:13:11,1184,75,36,51,0,2,0,
17:13:12,1185,75,38,51,0,2,0,
17:13:13,1186,75,34,51,0,2,0,
17:13:14,1187,75,34,51,0,2,0,
17:13:15,1188,75,35,51,0,2,0,
17:13:16,1189,75,33,51,0,2,0,
17:13:17,1190,75,34,51,0,2,0,
17:13:18,1191,75,33,51,0,2,0,
17:13:19,1192,75,34,51,0,2,0,
17:13:20,1193,70,32,51,0,2,0,
17:13:21,1194,70,31,51,0,2,0,
17:13:22,1195,70,33,51,0,2,0,
17:13:23,1196,70,35,51,0,2,0,
17:13:24,1197,70,33,51,0,2,0,
17:13:25,1198,70,31,51,0,2,0,
17:13:26,1199,70,33,51,0,2,0,
17:13:27,1200,70,32,51,0,2,0,
17:13:28,1201,70,35,51,0,2,0,
17:13:29,1202,70,34,51,0,2,0,
17:13:30,1203,71,36,51,0,2,0,
17:13:31,1204,71,34,51,0,2,0,
17:13:32,1205,71,43,51,0,2,0,
17:13:33,1206,71,35,51,0,2,0,
17:13:34,1207,71,45,51,0,2,0,
17:13:35,1208,71,36,51,0,2,0,
17:13:36,1209,71,35,51,0,2,0,
17:13:37,1210,71,39,51,0,2,0,
17:13:38,1211,71,36,51,0,2,0,
17:13:39,1212,71,35,51,0,2,0,
17:13:40,1213,72,37,51,0,2,0,
17:13:41,1214,72,39,51,0,2,0,
17:13:42,1215,72,61,51,0,2,0,
17:13:43,1216,72,53,51,0,2,0,
17:13:44,1217,72,52,51,0,2,0,
17:13:45,1218,72,43,51,0,2,0,
17:13:46,1219,72,52,51,0,2,0,
17:13:47,1220,72,54,51,0,2,0,
17:13:48,1221,72,36,51,0,2,0,
17:13:49,1222,72,47,51,0,2,0,
17:13:50,1223,70,36,51,0,2,0,
17:13:51,1224,70,35,51,0,2,0,
17:13:52,1225,70,40,51,0,2,0,
17:13:53,1226,70,39,51,0,2,0,
17:13:54,1227,70,39,51,0,2,0,
17:13:55,1228,70,34,51,0,2,0,
17:13:56,1229,70,43,51,0,2,0,
17:13:57,1230,70,43,51,0,2,0,
17:13:58,1231,70,35,51,0,2,0,
17:13:59,1232,70,39,51,0,2,0,
17:14:00,1233,70,36,51,0,2,0,
17:14:01,1234,70,36,51,0,2,0,
17:14:02,1235,70,36,51,0,2,0,
17:14:03,1236,70,33,51,0,2,0,
17:14:04,1237,70,39,51,0,2,0,
17:14:05,1238,70,36,51,0,2,0,
17:14:06,1239,70,38,51,0,2,0,
17:14:07,1240,70,34,51,0,2,0,
17:14:08,1241,70,36,51,0,2,0,
17:14:09,1242,70,35,51,0,2,0,
17:14:10,1243,73,32,51,0,2,0,
17:14:11,1244,73,35,51,0,2,0,
17:14:12,1245,73,35,51,0,2,0,
17:14:13,1246,73,35,51,0,2,0,
17:14:14,1247,73,35,51,0,2,1,
17:14:15,1248,73,36,51,0,2,1,
17:14:16,1249,73,35,51,0,2,1,
17:14:17,1250,73,36,51,0,2,1,
17:14:18,1251,73,36,51,0,2,1,
17:14:19,1252,73,36,51,0,2,1,
17:14:20,1253,75,37,51,0,2,1,
17:14:21,1254,75,36,51,0,2,1,
17:14:22,1255,75,38,51,0,2,1,
17:14:23,1256,75,41,51,0,2,1,
17:14:24,1257,75,39,51,0,2,1,
17:14:25,1258,75,42,51,0,2,1,
17:14:26,1259,75,40,51,0,2,1,
17:14:27,1260,75,38,51,0,2,1,
17:14:28,1261,75,40,51,0,2,1,
17:14:29,1262,75,39,51,0,2,1,
17:14:30,1263,75,37,51,0,2,1,
17:14:31,1264,75,47,51,0,2,1,
17:14:32,1265,75,38,51,0,2,1,
17:14:33,1266,75,40,51,0,2,1,
17:14:34,1267,75,47,51,0,2,1,
17:14:35,1268,75,43,51,0,2,1,
17:14:36,1269,75,39,51,0,2,1,
17:14:37,1270,75,39,51,0,2,1,
17:14:38,1271,75,39,51,0,2,1,
17:14:39,1272,75,37,51,0,2,1,
17:14:40,1273,75,39,51,0,2,1,
17:14:41,1274,75,37,51,0,2,1,
17:14:42,1275,75,39,51,0,2,1,
17:14:43,1276,75,40,51,0,2,1,
17:14:44,1277,75,40,51,0,2,1,
17:14:45,1278,75,38,51,0,2,1,
17:14:46,1279,75,37,51,0,2,1,
17:14:47,1280,75,36,51,0,2,1,
17:14:48,1281,75,40,51,0,2,1,
17:14:49,1282,75,42,51,0,2,1,
17:14:50,1283,75,41,51,0,2,1,
17:14:51,1284,75,38,51,0,2,1,
17:14:52,1285,75,38,51,0,2,1,
17:14:53,1286,75,39,51,0,2,1,
17:14:54,1287,75,41,51,0,2,1,
17:14:55,1288,75,40,51,0,2,1,
17:14:56,1289,75,42,51,0,2,1,
17:14:57,1290,75,38,51,0,2,1,
17:14:58,1291,75,37,51,0,2,1,
17:14:59,1292,75,37,51,0,2,1,
17:15:00,1293,75,44,51,0,2,1,
17:15:01,1294,75,42,51,0,2,1,
17:15:02,1295,75,45,51,0,2,1,
17:15:03,1296,75,41,51,0,2,1,
17:15:04,1297,75,42,51,0,2,1,
17:15:05,1298,76,43,51,0,2,1,
17:15:06,1299,76,38,51,0,2,1,
17:15:07,1300,76,44,51,0,2,1,
17:15:08,1301,76,41,51,0,2,1,
17:15:09,1302,76,42,51,0,2,1,
17:15:10,1303,76,41,51,0,2,1,
17:15:11,1304,76,46,51,0,2,1,
17:15:12,1305,76,38,51,0,2,1,
17:15:13,1306,76,42,51,0,2,1,
17:15:14,1307,76,44,51,0,2,1,
17:15:15,1308,76,44,51,0,2,1,
17:15:16,1309,76,42,51,0,2,1,
17:15:17,1310,76,42,51,0,2,1,
17:15:18,1311,76,42,51,0,2,1,
17:15:19,1312,74,43,51,0,2,1,
17:15:20,1313,74,43,51,0,2,1,
17:15:21,1314,74,39,51,0,2,1,
17:15:22,1315,74,42,51,0,2,1,
17:15:23,1316,74,42,51,0,2,1,
17:15:24,1317,74,42,51,0,2,1,
17:15:25,1318,74,40,51,0,2,1,
17:15:26,1319,74,42,51,0,2,1,
17:15:27,1320,74,44,51,0,2,1,
17:15:28,1321,74,41,51,0,2,1,
17:15:29,1322,74,42,51,0,2,1,
17:15:30,1323,74,38,51,0,2,1,
17:15:31,1324,74,38,51,0,2,1,
17:15:32,1325,74,39,51,0,2,1,
17:15:33,1326,74,41,51,0,2,1,
17:15:34,1327,74,43,51,0,2,1,
17:15:35,1328,74,42,51,0,2,1,
17:15:36,1329,74,43,51,0,2,1,
17:15:37,1330,74,42,51,0,2,1,
17:15:38,1331,74,39,51,0,2,1,
17:15:39,1332,74,41,51,0,2,1,
17:15:40,1333,72,41,51,0,2,1,
17:15:41,1334,72,41,51,0,2,1,
17:15:42,1335,72,44,51,0,2,1,
17:15:43,1336,72,44,51,0,2,1,
17:15:44,1337,72,45,51,0,2,1,
17:15:45,1338,72,40,51,0,2,1,
17:15:46,1339,72,39,51,0,2,1,
17:15:47,1340,72,43,51,0,2,1,
17:15:48,1341,72,41,51,0,2,1,
17:15:49,1342,72,42,51,0,2,1,
17:15:50,1343,70,39,51,0,2,1,
17:15:51,1344,70,42,51,0,2,1,
17:15:52,1345,70,43,51,0,2,1,
17:15:53,1346,70,41,51,0,2,1,
17:15:54,1347,70,39,51,0,2,1,
17:15:55,1348,70,38,51,0,2,1,
17:15:56,1349,70,39,51,0,2,1,
17:15:57,1350,70,43,51,0,2,1,
17:15:58,1351,70,38,51,0,2,1,
17:15:59,1352,70,40,51,0,2,1,
17:16:00,1353,70,37,51,0,2,1,
17:16:01,1354,70,40,51,0,2,1,
17:16:02,1355,70,36,51,0,2,1,
17:16:03,1356,70,38,51,0,2,1,
17:16:04,1357,70,43,51,0,2,1,
17:16:05,1358,70,42,51,0,2,1,
17:16:06,1359,70,41,51,0,2,1,
17:16:07,1360,70,44,51,0,2,1,
17:16:08,1361,70,42,51,0,2,1,
17:16:09,1362,70,42,51,0,2,1,
17:16:10,1363,70,41,51,0,2,1,
17:16:11,1364,70,40,51,0,2,1,
17:16:12,1365,70,42,51,0,2,1,
17:16:13,1366,70,40,51,0,2,1,
17:16:14,1367,70,40,51,0,2,1,
17:16:15,1368,70,38,51,0,2,1,
17:16:16,1369,70,41,51,0,2,1,
17:16:17,1370,70,40,51,0,2,1,
17:16:18,1371,70,40,51,0,2,1,
17:16:19,1372,70,39,51,0,2,1,
17:16:20,1373,77,39,51,0,2,1,
17:16:21,1374,77,41,51,0,2,1,
17:16:22,1375,77,39,51,0,2,1,
17:16:23,1376,77,42,51,0,2,1,
17:16:24,1377,77,42,51,0,2,1,
17:16:25,1378,77,42,51,0,2,1,
17:16:26,1379,77,41,51,0,2,1,
17:16:27,1380,77,40,51,0,2,1,
17:16:28,1381,76,41,51,0,2,1,
17:16:29,1382,76,42,51,0,2,1,
17:16:30,1383,76,46,51,0,2,1,
17:16:31,1384,76,41,51,0,2,1,
17:16:32,1385,76,42,51,0,2,1,
17:16:33,1386,76,42,51,0,2,1,
17:16:34,1387,76,40,51,0,2,1,
17:16:35,1388,76,42,51,0,2,1,
17:16:36,1389,76,41,51,0,2,1,
17:16:37,1390,76,40,51,0,2,1,
17:16:38,1391,76,44,51,0,2,1,
17:16:39,1392,76,43,51,0,2,1,
17:16:40,1393,77,43,51,0,2,1,
17:16:41,1394,77,45,51,0,2,1,
17:16:42,1395,77,44,51,0,2,1,
17:16:43,1396,77,46,51,0,2,1,
17:16:44,1397,77,44,51,0,2,1,
17:16:45,1398,77,45,51,0,2,1,
17:16:46,1399,77,45,51,0,2,1,
17:16:47,1400,77,41,51,0,2,1,
17:16:48,1401,73,44,51,0,2,1,
17:16:49,1402,73,43,51,0,2,1,
17:16:50,1403,73,34,51,0,2,1,
17:16:51,1404,73,35,51,0,2,1,
17:16:52,1405,73,51,51,0,2,1,
17:16:53,1406,73,37,51,0,2,1,
17:16:54,1407,73,35,51,0,2,1,
17:16:55,1408,73,36,51,0,2,1,
17:16:56,1409,73,35,51,0,2,1,
17:16:57,1410,73,33,51,0,2,1,
17:16:58,1411,73,34,51,0,2,1,
17:16:59,1412,73,35,51,0,2,1,
17:17:00,1413,73,53,51,0,2,1,
17:17:01,1414,73,41,51,0,2,1,
17:17:02,1415,73,41,51,0,2,1,
17:17:03,1416,73,32,51,0,2,1,

