Time_Val,Time_sec,Heart_Rate,Sound,Light,Phone_Active,Trust Factor,User_Attention
23:08:40,1,91,41,12,0,1,1
23:08:41,2,91,40,12,0,1,1
23:08:42,3,91,40,12,0,1,1
23:08:43,4,90,43,12,0,1,1
23:08:44,5,90,36,12,0,1,1
23:08:45,6,90,38,12,0,1,1
23:08:46,7,90,40,12,0,1,1
23:08:47,8,90,36,12,0,1,1
23:08:48,9,90,48,12,0,1,1
23:08:49,10,90,44,12,0,1,1
23:08:50,11,90,39,12,0,1,1
23:08:51,12,90,51,12,0,1,1
23:08:52,13,90,49,12,0,1,1
23:08:53,14,90,40,12,0,1,1
23:08:54,15,90,35,12,0,1,1
23:08:55,16,89,41,12,0,1,1
23:08:56,17,89,42,12,0,1,1
23:08:57,18,88,42,12,0,1,1
23:08:58,19,88,46,12,0,1,1
23:08:59,20,87,47,12,0,1,1
23:09:00,21,87,48,12,0,1,1
23:09:01,22,87,56,12,0,1,1
23:09:02,23,87,42,12,0,1,1
23:09:03,24,87,41,12,0,1,1
23:09:04,25,87,53,12,0,1,1
23:09:05,26,87,41,12,0,1,1
23:09:06,27,87,50,12,0,1,1
23:09:07,28,86,43,12,0,1,1
23:09:08,29,86,51,12,0,1,1
23:09:09,30,86,52,12,0,1,1
23:09:10,31,86,38,12,0,1,1
23:09:11,32,86,40,12,0,1,1
23:09:12,33,86,52,12,0,1,1
23:09:13,34,86,53,12,0,1,1
23:09:14,35,86,41,12,0,1,1
23:09:15,36,86,57,12,0,1,1
23:09:16,37,86,53,12,0,1,1
23:09:17,38,86,39,12,0,1,1
23:09:18,39,86,48,12,0,1,1
23:09:19,40,86,50,12,0,1,1
23:09:20,41,86,50,12,0,1,1
23:09:21,42,86,39,12,0,1,1
23:09:22,43,86,42,12,0,1,1
23:09:23,44,86,47,12,0,1,1
23:09:24,45,86,51,12,0,1,1
23:09:25,46,86,53,12,0,1,1
23:09:26,47,86,46,12,0,1,1
23:09:27,48,86,52,12,0,1,1
23:09:28,49,86,52,12,0,1,1
23:09:29,50,86,49,12,0,1,1
23:09:30,51,86,58,12,0,1,1
23:09:31,52,87,52,12,0,1,1
23:09:32,53,87,49,12,0,1,1
23:09:33,54,88,52,12,0,1,1
23:09:34,55,88,50,12,0,1,1
23:09:35,56,88,50,12,0,1,1
23:09:36,57,88,48,12,0,1,1
23:09:37,58,88,50,12,0,1,1
23:09:38,59,88,56,12,0,1,1
23:09:39,60,88,54,12,0,1,1
23:09:40,61,88,50,12,0,1,1
23:09:41,62,88,49,12,0,1,1
23:09:42,63,88,49,12,0,1,1
23:09:43,64,88,48,12,0,1,1
23:09:44,65,88,53,36,0,1,1
23:09:45,66,88,50,79,0,1,1
23:09:46,67,88,50,79,0,1,1
23:09:47,68,88,46,79,0,1,1
23:09:48,69,88,50,79,0,1,1
23:09:49,70,88,49,79,0,1,1
23:09:50,71,88,47,79,0,1,1
23:09:51,72,88,46,79,0,1,1
23:09:52,73,87,49,79,0,1,1
23:09:53,74,87,48,79,0,1,1
23:09:54,75,87,48,79,0,1,1
23:09:55,76,87,47,79,0,1,1
23:09:56,77,87,45,79,0,1,1
23:09:57,78,87,48,79,0,1,1
23:09:58,79,87,50,79,0,1,1
23:09:59,80,87,49,79,0,1,1
23:10:00,81,87,49,79,0,1,1
23:10:01,82,87,50,79,0,1,1
23:10:02,83,87,49,79,0,1,1
23:10:03,84,87,48,79,0,1,1
23:10:04,85,87,52,84,0,1,1
23:10:05,86,87,51,84,0,1,1
23:10:06,87,87,48,84,0,1,1
23:10:07,88,87,49,84,0,1,1
23:10:08,89,87,48,84,0,1,1
23:10:09,90,87,42,84,0,1,1
23:10:10,91,86,36,84,0,1,1
23:10:11,92,86,35,84,0,1,1
23:10:12,93,86,39,84,0,1,1
23:10:13,94,86,37,84,0,1,1
23:10:14,95,86,40,84,0,1,1
23:10:15,96,86,33,84,0,1,1
23:10:16,97,86,34,84,0,1,1
23:10:17,98,86,43,84,0,1,1
23:10:18,99,86,33,84,0,1,1
23:10:19,100,86,32,84,0,1,1
23:10:20,101,96,36,84,0,1,1
23:10:21,102,96,36,84,0,1,1
23:10:22,103,96,36,84,0,1,1
23:10:23,104,96,36,84,0,1,1
23:10:24,105,96,44,84,0,1,1
23:10:25,106,96,40,84,0,1,1
23:10:26,107,96,45,84,0,1,1
23:10:27,108,96,52,84,0,1,1
23:10:28,109,96,47,84,0,1,1
23:10:29,110,96,42,84,0,1,1
23:10:30,111,94,44,84,0,1,1
23:10:31,112,94,47,84,0,1,1
23:10:32,113,94,49,84,0,1,1
23:10:33,114,94,50,84,0,1,1
23:10:34,115,94,52,84,0,1,1
23:10:35,116,94,47,84,0,1,1
23:10:36,117,94,38,84,0,1,1
23:10:37,118,94,38,84,0,1,1
23:10:38,119,94,39,84,0,1,1
23:10:39,120,94,42,84,0,1,1
23:10:40,121,86,49,84,0,1,1
23:10:41,122,86,50,84,0,1,1
23:10:42,123,85,50,84,0,1,1
23:10:43,124,85,51,84,0,1,1
23:10:44,125,85,51,84,0,1,1
23:10:45,126,85,49,84,0,1,1
23:10:46,127,84,49,84,0,1,1
23:10:47,128,84,49,84,0,1,1
23:10:48,129,83,50,84,0,1,1
23:10:49,130,82,49,84,0,1,1
23:10:50,131,82,49,84,0,1,1
23:10:51,132,81,50,84,0,1,1
23:10:52,133,80,48,84,0,1,1
23:10:53,134,80,53,84,0,1,1
23:10:54,135,79,54,84,0,1,1
23:10:55,136,79,49,84,0,1,1
23:10:56,137,78,52,84,0,1,1
23:10:57,138,78,51,84,0,1,1
23:10:58,139,79,51,84,0,1,1
23:10:59,140,80,49,84,0,1,1
23:11:00,141,95,50,84,0,1,1
23:11:01,142,95,51,84,0,1,1
23:11:02,143,99,52,84,0,1,1
23:11:03,144,100,52,84,0,1,1
23:11:04,145,101,55,84,0,1,1
23:11:05,146,101,51,84,0,1,1
23:11:06,147,101,51,84,0,1,1
23:11:07,148,101,50,84,0,1,1
23:11:08,149,101,36,84,0,1,1
23:11:09,150,101,37,84,0,1,1
23:11:10,151,102,39,84,0,1,1
23:11:11,152,102,36,84,0,1,1
23:11:12,153,102,55,84,0,1,1
23:11:13,154,102,54,84,0,1,1
23:11:14,155,102,53,84,0,1,1
23:11:15,156,102,51,84,0,1,1
23:11:16,157,97,51,84,0,1,1
23:11:17,158,97,50,84,0,1,1
23:11:18,159,97,49,84,0,1,1
23:11:19,160,97,50,84,0,1,1
23:11:20,161,97,45,84,0,1,1
23:11:21,162,97,44,84,0,1,1
23:11:22,163,97,44,84,0,1,1
23:11:23,164,97,48,84,0,1,1
23:11:24,165,97,44,84,0,1,1
23:11:25,166,97,46,84,0,1,1
23:11:26,167,97,44,84,0,1,1
23:11:27,168,97,44,84,0,1,1
23:11:28,169,97,40,84,0,1,1
23:11:29,170,97,51,84,0,1,1
23:11:30,171,94,47,84,0,1,1
23:11:31,172,94,38,84,0,1,1
23:11:32,173,94,45,84,0,1,1
23:11:33,174,94,44,84,0,1,1
23:11:34,175,94,46,84,0,1,1
23:11:35,176,94,50,84,0,1,1
23:11:36,177,94,49,84,0,1,1
23:11:37,178,94,46,84,0,1,1
23:11:38,179,94,45,84,0,1,1
23:11:39,180,94,46,84,0,1,1
23:11:40,181,103,33,84,0,1,1
23:11:41,182,103,42,84,0,1,1
23:11:42,183,103,48,84,0,1,1
23:11:43,184,103,50,84,0,1,1
23:11:44,185,103,40,84,0,1,1
23:11:45,186,103,45,84,0,1,1
23:11:46,187,103,46,84,0,1,1
23:11:47,188,103,51,84,0,1,1
23:11:48,189,103,47,84,0,1,1
23:11:49,190,103,41,84,0,1,1
23:11:50,191,96,38,84,0,1,1
23:11:51,192,96,37,84,0,1,1
23:11:52,193,96,44,84,0,1,1
23:11:53,194,96,42,84,0,1,1
23:11:54,195,96,42,84,0,1,1
23:11:55,196,96,43,84,0,1,1
23:11:56,197,96,36,84,0,1,1
23:11:57,198,96,33,84,0,1,1
23:11:58,199,96,46,84,0,1,1
23:11:59,200,96,41,84,0,1,1
23:12:00,201,103,36,84,0,1,1
23:12:01,202,103,34,84,0,1,1
23:12:02,203,103,47,84,0,1,1
23:12:03,204,103,39,84,0,1,1
23:12:04,205,102,43,84,0,1,1
23:12:05,206,101,36,84,0,1,1
23:12:06,207,102,47,84,0,1,1
23:12:07,208,102,47,84,0,1,1
23:12:08,209,102,44,84,0,1,1
23:12:09,210,104,51,84,0,1,1
23:12:10,211,104,48,84,0,1,1
23:12:11,212,104,45,84,0,1,1
23:12:12,213,104,51,84,0,1,1
23:12:13,214,104,46,84,0,1,1
23:12:14,215,104,48,84,0,1,1
23:12:15,216,104,49,84,0,1,1
23:12:16,217,104,48,84,0,1,1
23:12:17,218,104,53,84,0,1,1
23:12:18,219,103,41,84,0,1,1
23:12:19,220,103,45,84,0,1,1
23:12:20,221,103,53,84,0,1,1
23:12:21,222,102,40,84,0,1,1
23:12:22,223,102,40,84,0,1,1
23:12:23,224,102,43,84,0,1,1
23:12:24,225,102,38,84,0,1,1
23:12:25,226,102,41,84,0,1,1
23:12:26,227,102,50,84,0,1,1
23:12:27,228,103,48,84,0,1,1
23:12:28,229,103,51,84,0,1,1
23:12:29,230,103,54,84,0,1,1
23:12:30,231,104,50,84,0,1,1
23:12:31,232,104,45,84,0,1,1
23:12:32,233,104,36,84,0,1,1
23:12:33,234,104,34,84,0,1,1
23:12:34,235,104,35,84,0,1,1
23:12:35,236,104,35,84,0,1,1
23:12:36,237,104,36,84,0,1,1
23:12:37,238,104,36,84,0,1,1
23:12:38,239,104,35,84,0,1,1
23:12:39,240,104,36,84,0,1,1
23:12:40,241,99,35,84,0,1,1
23:12:41,242,99,36,84,0,1,1
23:12:42,243,99,36,84,0,1,1
23:12:43,244,99,49,84,0,1,1
23:12:44,245,99,47,84,0,1,1
23:12:45,246,99,51,84,0,1,1
23:12:46,247,99,54,84,0,1,1
23:12:47,248,99,49,84,0,1,1
23:12:48,249,99,50,84,0,1,1
23:12:49,250,99,50,84,0,1,1
23:12:50,251,101,47,84,0,1,1
23:12:51,252,101,52,84,0,1,1
23:12:52,253,101,50,84,0,1,1
23:12:53,254,101,51,84,0,1,1
23:12:54,255,101,51,84,0,1,1
23:12:55,256,101,51,84,0,1,1
23:12:56,257,101,50,84,0,1,1
23:12:57,258,101,51,84,0,1,1
23:12:58,259,101,51,84,0,1,1
23:12:59,260,101,51,84,0,1,1
23:13:00,261,105,52,84,0,1,1
23:13:01,262,105,51,84,0,1,1
23:13:02,263,105,51,84,0,1,1
23:13:03,264,105,52,84,0,1,1
23:13:04,265,105,52,84,0,1,1
23:13:05,266,105,53,84,0,1,1
23:13:06,267,105,51,84,0,1,1
23:13:07,268,105,54,84,0,1,1
23:13:08,269,105,51,84,0,1,1
23:13:09,270,105,51,84,0,1,1
23:13:10,271,105,45,84,0,1,1
23:13:11,272,105,39,84,0,1,1
23:13:12,273,105,41,84,0,1,1
23:13:13,274,105,44,84,0,1,1
23:13:14,275,105,36,84,0,1,1
23:13:15,276,105,34,84,0,1,1
23:13:16,277,105,33,84,0,1,1
23:13:17,278,105,33,84,0,1,1
23:13:18,279,105,33,84,0,1,1
23:13:19,280,105,35,84,0,1,1
23:13:20,281,105,35,84,0,1,1
23:13:21,282,105,44,84,0,1,1
23:13:22,283,105,35,84,0,1,1
23:13:23,284,105,43,84,0,1,1
23:13:24,285,105,44,84,0,1,1
23:13:25,286,105,45,84,0,1,1
23:13:26,287,105,35,84,0,1,1
23:13:27,288,105,41,84,0,1,1
23:13:28,289,105,41,84,0,1,1
23:13:29,290,105,44,84,0,1,1
23:13:30,291,105,46,84,0,1,1
23:13:31,292,105,48,84,0,1,1
23:13:32,293,105,43,84,0,1,1
23:13:33,294,105,42,84,0,1,1
23:13:34,295,105,45,84,0,1,1
23:13:35,296,105,48,84,0,1,1
23:13:36,297,105,51,84,0,1,1
23:13:37,298,105,58,84,0,1,1
23:13:38,299,104,58,84,0,1,1
23:13:39,300,104,58,84,0,1,1
23:13:40,301,104,59,84,0,1,1
23:13:41,302,104,54,84,0,1,1
23:13:42,303,104,52,84,0,1,1
23:13:43,304,104,54,84,0,1,1
23:13:44,305,104,54,84,0,1,1
23:13:45,306,104,54,84,0,1,1
23:13:46,307,104,61,84,0,1,1
23:13:47,308,104,59,84,0,1,1
23:13:48,309,104,58,84,0,1,1
23:13:49,310,104,54,84,0,1,1
23:13:50,311,104,56,84,0,1,1
23:13:51,312,104,57,84,0,1,1
23:13:52,313,104,57,84,0,1,1
23:13:53,314,104,55,84,0,1,1
23:13:54,315,104,58,84,0,1,1
23:13:55,316,104,56,84,0,1,1
23:13:56,317,104,58,84,0,1,1
23:13:57,318,104,57,84,0,1,1
23:13:58,319,104,58,84,0,1,1
23:13:59,320,104,57,84,0,1,1
23:14:00,321,102,61,84,0,1,1
23:14:01,322,102,61,84,0,1,1
23:14:02,323,102,64,84,0,1,1
23:14:03,324,102,61,84,0,1,1
23:14:04,325,102,61,84,0,1,1
23:14:05,326,102,65,84,0,1,1
23:14:06,327,102,66,84,0,1,1
23:14:07,328,101,67,84,0,1,1
23:14:08,329,101,57,84,0,1,1
23:14:09,330,101,62,84,0,1,1
23:14:10,331,101,62,84,0,1,1
23:14:11,332,101,63,84,0,1,1
23:14:12,333,101,58,84,0,1,1
23:14:13,334,101,61,84,0,1,1
23:14:14,335,101,60,84,0,1,1
23:14:15,336,101,62,84,0,1,1
23:14:16,337,101,65,84,0,1,1
23:14:17,338,101,61,84,0,1,1
23:14:18,339,101,64,84,0,1,1
23:14:19,340,101,61,84,0,1,1
23:14:20,341,101,60,84,0,1,1
23:14:21,342,101,61,84,0,1,1
23:14:22,343,101,63,84,0,1,1
23:14:23,344,101,61,84,0,1,1
23:14:24,345,101,62,84,0,1,1
23:14:25,346,101,63,84,0,1,1
23:14:26,347,101,60,84,0,1,1
23:14:27,348,101,64,84,0,1,1
23:14:28,349,101,61,84,0,1,1
23:14:29,350,101,62,84,0,1,1
23:14:30,351,101,63,84,0,1,1
23:14:31,352,101,61,84,0,1,1
23:14:32,353,101,65,84,0,1,1
23:14:33,354,101,58,84,0,1,1
23:14:34,355,101,64,84,0,1,1
23:14:35,356,101,63,84,0,1,1
23:14:36,357,101,63,84,0,1,1
23:14:37,358,101,60,84,0,1,1
23:14:38,359,101,59,84,0,1,1
23:14:39,360,101,61,84,0,1,1
23:14:40,361,104,63,84,0,1,1
23:14:41,362,104,63,84,0,1,1
23:14:42,363,104,62,84,0,1,1
23:14:43,364,104,62,84,0,1,1
23:14:44,365,104,64,84,0,1,1
23:14:45,366,104,61,84,0,1,1
23:14:46,367,104,65,84,0,1,1
23:14:47,368,104,65,84,0,1,1
23:14:48,369,104,64,84,0,1,1
23:14:49,370,104,67,84,0,1,1
23:14:50,371,104,67,84,0,1,1
23:14:51,372,104,66,84,0,1,1
23:14:52,373,104,64,84,0,1,1
23:14:53,374,104,59,84,0,1,1
23:14:54,375,104,64,84,0,1,1
23:14:55,376,104,61,84,0,1,1
23:14:56,377,104,62,84,0,1,1
23:14:57,378,104,58,84,0,1,1
23:14:58,379,104,61,84,0,1,1
23:14:59,380,104,56,84,0,1,1
23:15:00,381,104,58,84,0,1,1
23:15:01,382,104,62,84,0,1,1
23:15:02,383,104,51,84,0,1,1
23:15:03,384,104,48,84,0,1,1
23:15:04,385,104,58,84,0,1,1
23:15:05,386,104,61,84,0,1,1
23:15:06,387,104,62,84,0,1,1
23:15:07,388,104,54,84,0,1,1
23:15:08,389,104,63,84,0,1,1
23:15:09,390,104,60,84,0,1,1
23:15:10,391,104,60,84,0,1,1
23:15:11,392,104,62,84,0,1,1
23:15:12,393,104,63,84,0,1,1
23:15:13,394,104,64,84,0,1,1
23:15:14,395,104,62,84,0,1,1
23:15:15,396,104,60,84,0,1,1
23:15:16,397,104,63,84,0,1,1
23:15:17,398,104,63,84,0,1,1
23:15:18,399,104,63,84,0,1,1
23:15:19,400,104,61,84,0,1,1
23:15:20,401,104,64,84,0,1,1
23:15:21,402,104,65,84,0,1,1
23:15:22,403,104,66,84,0,1,1
23:15:23,404,104,56,84,0,1,1
23:15:24,405,104,62,84,0,1,1
23:15:25,406,104,61,84,0,1,1
23:15:26,407,104,59,84,0,1,1
23:15:27,408,104,63,84,0,1,1
23:15:28,409,104,61,84,0,1,1
23:15:29,410,104,60,84,0,1,1
23:15:30,411,104,63,84,0,1,1
23:15:31,412,104,65,84,0,1,1
23:15:32,413,104,62,84,0,1,1
23:15:33,414,104,65,84,0,1,1
23:15:34,415,104,62,84,0,1,1
23:15:35,416,104,60,84,0,1,1
23:15:36,417,104,62,84,0,1,1
23:15:37,418,104,63,84,0,1,1
23:15:38,419,106,62,84,0,1,1
23:15:39,420,106,65,84,0,1,1
23:15:40,421,106,63,84,0,1,1
23:15:41,422,106,63,84,0,1,1
23:15:42,423,106,68,69,0,1,1
23:15:43,424,106,43,82,0,1,1
23:15:44,425,106,35,82,0,1,1
23:15:45,426,106,34,82,0,1,1
23:15:46,427,106,36,82,0,1,1
23:15:47,428,106,36,82,0,1,1
23:15:48,429,106,34,82,0,1,1
23:15:49,430,106,33,82,0,1,1
23:15:50,431,106,34,82,0,1,1
23:15:51,432,106,34,82,0,1,1
23:15:52,433,106,32,82,0,1,1
23:15:53,434,106,41,82,0,1,1
23:15:54,435,106,38,82,0,1,1
23:15:55,436,106,42,82,0,1,1
23:15:56,437,106,41,82,0,1,1
23:15:57,438,106,44,82,0,1,1
23:15:58,439,106,56,82,0,1,1
23:15:59,440,106,56,82,0,1,1
23:16:00,441,104,56,82,0,1,1
23:16:01,442,104,51,82,0,1,1
23:16:02,443,104,51,82,0,1,1
23:16:03,444,104,34,82,0,1,1
23:16:04,445,104,34,82,0,1,1
23:16:05,446,104,34,82,0,1,1
23:16:06,447,104,34,82,0,1,1
23:16:07,448,104,34,82,0,1,1
23:16:08,449,104,36,82,0,1,1
23:16:09,450,104,35,82,0,1,1
23:16:10,451,103,36,82,0,1,1
23:16:11,452,103,62,82,0,1,1
23:16:12,453,103,60,82,0,1,1
23:16:13,454,103,62,82,0,1,1
23:16:14,455,103,58,82,0,1,1
23:16:15,456,103,61,82,0,1,1
23:16:16,457,103,62,82,0,1,1
23:16:17,458,103,63,82,0,1,1
23:16:18,459,103,62,82,0,1,1
23:16:19,460,103,61,82,0,1,1
23:16:20,461,102,64,82,0,1,1
23:16:21,462,102,65,82,0,1,1
23:16:22,463,102,63,82,0,1,1
23:16:23,464,102,65,82,0,1,1
23:16:24,465,101,62,82,0,1,1
23:16:25,466,101,65,82,0,1,1
23:16:26,467,101,66,82,0,1,1
23:16:27,468,102,60,82,0,1,1
23:16:28,469,103,64,82,0,1,1
23:16:29,470,103,63,82,0,1,1
23:16:30,471,103,64,82,0,1,1
23:16:31,472,103,65,82,0,1,1
23:16:32,473,103,63,82,0,1,1
23:16:33,474,103,63,82,0,1,1
23:16:34,475,103,66,82,0,1,1
23:16:35,476,103,66,82,0,1,1
23:16:36,477,103,53,82,0,1,1
23:16:37,478,103,52,82,0,1,1
23:16:38,479,103,56,82,0,1,1
23:16:39,480,103,56,82,0,1,1
23:16:40,481,103,56,82,0,1,1
23:16:41,482,103,51,82,0,1,1
23:16:42,483,103,55,82,0,1,1
23:16:43,484,103,51,82,0,1,1
23:16:44,485,102,55,82,0,1,1
23:16:45,486,102,52,82,0,1,1
23:16:46,487,102,56,82,0,1,1
23:16:47,488,102,54,82,0,1,1
23:16:48,489,102,56,82,0,1,1
23:16:49,490,102,60,82,0,1,1
23:16:50,491,102,52,82,0,1,1
23:16:51,492,101,46,82,0,1,1
23:16:52,493,101,59,82,0,1,1
23:16:53,494,101,55,82,0,1,1
23:16:54,495,101,58,82,0,1,1
23:16:55,496,101,50,82,0,1,1
23:16:56,497,101,54,82,0,1,1
23:16:57,498,101,55,82,0,1,1
23:16:58,499,101,56,82,0,1,1
23:16:59,500,101,53,82,0,1,1
23:17:00,501,101,53,82,0,1,1
23:17:01,502,101,58,82,0,1,1
23:17:02,503,101,37,82,0,1,1
23:17:03,504,101,44,82,0,1,1
23:17:04,505,101,50,82,0,1,1
23:17:05,506,101,43,82,0,1,1
23:17:06,507,101,50,82,0,1,1
23:17:07,508,101,56,82,0,1,1
23:17:08,509,101,48,82,0,1,1
23:17:09,510,101,38,82,0,1,1
23:17:10,511,100,47,82,0,1,1
23:17:11,512,100,45,82,0,1,1
23:17:12,513,100,53,82,0,1,1
23:17:13,514,100,58,82,0,1,1
23:17:14,515,100,54,82,0,1,1
23:17:15,516,100,54,82,0,1,1
23:17:16,517,100,57,82,0,1,1
23:17:17,518,100,50,82,0,1,1
23:17:18,519,100,48,82,0,1,1
23:17:19,520,100,47,82,0,1,1
23:17:20,521,100,50,82,0,1,1
23:17:21,522,100,54,82,0,1,1
23:17:22,523,100,55,82,0,1,1
23:17:23,524,100,49,82,0,1,1
23:17:24,525,100,52,82,0,1,1
23:17:25,526,100,50,82,0,1,1
23:17:26,527,100,53,82,0,1,1
23:17:27,528,100,57,82,0,1,1
23:17:28,529,100,60,82,0,1,1
23:17:29,530,100,50,82,0,1,1
23:17:30,531,103,55,82,0,1,1
23:17:31,532,103,54,82,0,1,1
23:17:32,533,103,53,82,0,1,1
23:17:33,534,103,54,82,0,1,1
23:17:34,535,103,55,82,0,1,1
23:17:35,536,103,49,82,0,1,1
23:17:36,537,103,53,82,0,1,1
23:17:37,538,103,54,82,0,1,1
23:17:38,539,103,58,82,0,1,1
23:17:39,540,103,58,82,0,1,1
23:17:40,541,107,57,82,0,1,1
23:17:41,542,107,55,82,0,1,1
23:17:42,543,107,56,82,0,1,1
23:17:43,544,107,52,82,0,1,1
23:17:44,545,107,52,82,0,1,1
23:17:45,546,107,55,82,0,1,1
23:17:46,547,107,55,82,0,1,1
23:17:47,548,107,50,82,0,1,1
23:17:48,549,107,55,82,0,1,1
23:17:49,550,107,56,82,0,1,1
23:17:50,551,104,54,82,0,1,1
23:17:51,552,104,55,82,0,1,1
23:17:52,553,104,55,82,0,1,1
23:17:53,554,104,56,82,0,1,1
23:17:54,555,104,52,82,0,1,1
23:17:55,556,104,52,82,0,1,1
23:17:56,557,104,55,82,0,1,1
23:17:57,558,104,56,82,0,1,1
23:17:58,559,104,58,82,0,1,1
23:17:59,560,104,58,82,0,1,1
23:18:00,561,99,54,82,0,1,1
23:18:01,562,99,55,82,0,1,1
23:18:02,563,99,54,82,0,1,1
23:18:03,564,99,59,82,0,1,1
23:18:04,565,99,56,82,0,1,1
23:18:05,566,99,59,82,0,1,1
23:18:06,567,99,54,82,0,1,1
23:18:07,568,99,58,82,0,1,1
23:18:08,569,99,53,82,0,1,1
23:18:09,570,99,58,82,0,1,1
23:18:10,571,101,54,82,0,1,1
23:18:11,572,101,54,82,0,1,1
23:18:12,573,101,53,82,0,1,1
23:18:13,574,101,56,82,0,1,1
23:18:14,575,101,53,82,0,1,1
23:18:15,576,101,56,82,0,1,1
23:18:16,577,101,57,82,0,1,1
23:18:17,578,101,53,82,0,1,1
23:18:18,579,101,52,82,0,1,1
23:18:19,580,101,53,82,0,1,1
23:18:20,581,101,56,82,0,1,1
23:18:21,582,101,56,82,0,1,1
23:18:22,583,101,57,82,0,1,1
23:18:23,584,101,53,82,0,1,1
23:18:24,585,101,52,82,0,1,1
23:18:25,586,101,52,82,0,1,1
23:18:26,587,101,44,82,0,1,1
23:18:27,588,101,37,82,0,1,1
23:18:28,589,101,51,82,0,1,1
23:18:29,590,101,47,82,0,1,1
23:18:30,591,96,50,82,0,1,1
23:18:31,592,96,42,82,0,1,1
23:18:32,593,96,38,82,0,1,1
23:18:33,594,96,37,82,0,1,1
23:18:34,595,96,33,82,0,1,1
23:18:35,596,96,34,82,0,1,1
23:18:36,597,96,34,82,0,1,1
23:18:37,598,96,34,82,0,1,1
23:18:38,599,96,34,82,0,1,1
23:18:39,600,96,34,82,0,1,1
23:18:40,601,99,33,82,0,1,1
23:18:41,602,99,34,82,0,1,1
23:18:42,603,99,33,82,0,1,1
23:18:43,604,99,33,82,0,1,1
23:18:44,605,99,33,82,0,1,1
23:18:45,606,99,33,82,0,1,1
23:18:46,607,99,34,82,0,1,1
23:18:47,608,99,33,82,0,1,1
23:18:48,609,99,33,82,0,1,1
23:18:49,610,99,34,82,0,1,1
23:18:50,611,101,35,82,0,1,1
23:18:51,612,101,34,82,0,1,1
23:18:52,613,101,34,82,0,1,1
23:18:53,614,101,34,82,0,1,1
23:18:54,615,101,35,82,0,1,1
23:18:55,616,101,35,82,0,1,1
23:18:56,617,101,35,82,0,1,1
23:18:57,618,101,35,82,0,1,1
23:18:58,619,101,35,82,0,1,1
23:18:59,620,101,36,82,0,1,1
23:19:00,621,105,41,82,0,1,1
23:19:01,622,105,40,82,0,1,1
23:19:02,623,105,45,82,0,1,1
23:19:03,624,105,47,82,0,1,1
23:19:04,625,105,49,82,0,1,1
23:19:05,626,105,50,82,0,1,1
23:19:06,627,105,49,82,0,1,1
23:19:07,628,105,50,82,0,1,1
23:19:08,629,105,49,82,0,1,1
23:19:09,630,105,49,82,0,1,1
23:19:10,631,105,49,82,0,1,1
23:19:11,632,105,50,82,0,1,1
23:19:12,633,105,44,82,0,1,1
23:19:13,634,105,51,82,0,1,1
23:19:14,635,105,51,82,0,1,1
23:19:15,636,105,43,82,0,1,1
23:19:16,637,105,37,82,0,1,1
23:19:17,638,105,35,82,0,1,1
23:19:18,639,105,37,82,0,1,1
23:19:19,640,105,35,82,0,1,1
23:19:20,641,94,36,82,0,1,1
23:19:21,642,94,35,82,0,1,1
23:19:22,643,94,35,82,0,1,1
23:19:23,644,94,36,82,0,1,1
23:19:24,645,94,53,82,0,1,1
23:19:25,646,94,53,82,0,1,1
23:19:26,647,94,46,82,0,1,1
23:19:27,648,94,51,82,0,1,1
23:19:28,649,94,51,82,0,1,1
23:19:29,650,94,47,82,0,1,1
23:19:30,651,97,48,82,0,1,1
23:19:31,652,97,53,82,0,1,1
23:19:32,653,97,57,82,0,1,1
23:19:33,654,97,55,82,0,1,1
23:19:34,655,97,57,82,0,1,1
23:19:35,656,97,56,82,0,1,1
23:19:36,657,97,57,82,0,1,1
23:19:37,658,97,51,82,0,1,1
23:19:38,659,97,55,82,0,1,1
23:19:39,660,97,57,82,0,1,1
23:19:40,661,97,57,82,0,1,1
23:19:41,662,97,56,82,0,1,1
23:19:42,663,98,57,82,0,1,1
23:19:43,664,99,56,82,0,1,1
23:19:44,665,100,55,82,0,1,1
23:19:45,666,101,53,82,0,1,1
23:19:46,667,101,55,82,0,1,1
23:19:47,668,101,52,82,0,1,1
23:19:48,669,101,51,82,0,1,1
23:19:49,670,102,55,82,0,1,1
23:19:50,671,102,54,82,0,1,1
23:19:51,672,102,57,82,0,1,1
23:19:52,673,102,53,82,0,1,1
23:19:53,674,102,56,82,0,1,1
23:19:54,675,102,54,82,0,1,1
23:19:55,676,102,53,82,0,1,1
23:19:56,677,102,56,82,0,1,1
23:19:57,678,102,51,82,0,1,1
23:19:58,679,102,53,82,0,1,1
23:19:59,680,102,54,82,0,1,1
23:20:00,681,103,55,82,0,1,1
23:20:01,682,103,55,82,0,1,1
23:20:02,683,103,55,82,0,1,1
23:20:03,684,103,55,82,0,1,1
23:20:04,685,103,57,82,0,1,1
23:20:05,686,103,55,82,0,1,1
23:20:06,687,103,55,82,0,1,1
23:20:07,688,103,50,82,0,1,1
23:20:08,689,103,54,82,0,1,1
23:20:09,690,103,57,82,0,1,1
23:20:10,691,105,55,82,0,1,1
23:20:11,692,105,55,82,0,1,1
23:20:12,693,105,55,82,0,1,1
23:20:13,694,105,58,82,0,1,1
23:20:14,695,104,49,82,0,1,1
23:20:15,696,104,53,82,0,1,1
23:20:16,697,104,51,82,0,1,1
23:20:17,698,104,46,82,0,1,1
23:20:18,699,104,53,82,0,1,1
23:20:19,700,105,49,82,0,1,1
23:20:20,701,105,56,82,0,1,1
23:20:21,702,106,53,82,0,1,1
23:20:22,703,106,53,82,0,1,1
23:20:23,704,106,53,82,0,1,1
23:20:24,705,106,54,82,0,1,1
23:20:25,706,106,56,82,0,1,1
23:20:26,707,106,56,82,0,1,1
23:20:27,708,106,58,82,0,1,1
23:20:28,709,106,56,82,0,1,1
23:20:29,710,106,56,82,0,1,1
23:20:30,711,109,55,82,0,1,1
23:20:31,712,109,57,82,0,1,1
23:20:32,713,109,54,82,0,1,1
23:20:33,714,109,56,82,0,1,1
23:20:34,715,110,52,82,0,1,1
23:20:35,716,111,54,82,0,1,1
23:20:36,717,111,57,82,0,1,1
23:20:37,718,110,56,82,0,1,1
23:20:38,719,110,55,82,0,1,1
23:20:39,720,110,54,82,0,1,1
23:20:40,721,110,56,82,0,1,1
23:20:41,722,110,56,82,0,1,1
23:20:42,723,109,57,82,0,1,1
23:20:43,724,109,55,82,0,1,1
23:20:44,725,109,52,82,0,1,1
23:20:45,726,109,55,82,0,1,1
23:20:46,727,109,56,82,0,1,1
23:20:47,728,109,57,82,0,1,1
23:20:48,729,109,55,82,0,1,1
23:20:49,730,109,57,82,0,1,1
23:20:50,731,105,56,82,0,1,1
23:20:51,732,105,56,82,0,1,1
23:20:52,733,105,53,82,0,1,1
23:20:53,734,105,56,82,0,1,1
23:20:54,735,105,54,82,0,1,1
23:20:55,736,105,55,82,0,1,1
23:20:56,737,105,55,82,0,1,1
23:20:57,738,105,54,82,0,1,1
23:20:58,739,105,53,82,0,1,1
23:20:59,740,105,54,82,0,1,1
23:21:00,741,97,52,82,0,1,1
23:21:01,742,97,55,82,0,1,1
23:21:02,743,97,51,82,0,1,1
23:21:03,744,97,55,82,0,1,1
23:21:04,745,97,56,82,0,1,1
23:21:05,746,97,50,82,0,1,1
23:21:06,747,97,55,82,0,1,1
23:21:07,748,97,55,82,0,1,1
23:21:08,749,97,56,82,0,1,1
23:21:09,750,97,55,82,0,1,1
23:21:10,751,96,57,82,0,1,1
23:21:11,752,96,56,82,0,1,1
23:21:12,753,96,53,82,0,1,1
23:21:13,754,96,53,82,0,1,1
23:21:14,755,96,55,82,0,1,1
23:21:15,756,96,56,82,0,1,1
23:21:16,757,96,53,82,0,1,1
23:21:17,758,96,54,82,0,1,1
23:21:18,759,96,54,82,0,1,1
23:21:19,760,96,58,82,0,1,1
23:21:20,761,95,49,82,0,1,1
23:21:21,762,95,55,82,0,1,1
23:21:22,763,95,56,82,0,1,1
23:21:23,764,95,54,82,0,1,1
23:21:24,765,95,57,82,0,1,1
23:21:25,766,95,55,82,0,1,1
23:21:26,767,95,57,82,0,1,1
23:21:27,768,95,56,82,0,1,1
23:21:28,769,95,56,82,0,1,1
23:21:29,770,95,54,82,0,1,1
23:21:30,771,102,57,82,0,1,1
23:21:31,772,102,54,82,0,1,1
23:21:32,773,102,56,82,0,1,1
23:21:33,774,102,56,82,0,1,1
23:21:34,775,102,58,82,0,1,1
23:21:35,776,102,58,82,0,1,1
23:21:36,777,102,56,82,0,1,1
23:21:37,778,102,57,82,0,1,1
23:21:38,779,102,56,82,0,1,1
23:21:39,780,102,56,82,0,1,1
23:21:40,781,99,55,82,0,1,1
23:21:41,782,99,57,82,0,1,1
23:21:42,783,99,58,82,0,1,1
23:21:43,784,99,56,82,0,1,1
23:21:44,785,99,52,82,0,1,1
23:21:45,786,99,56,82,0,1,1
23:21:46,787,99,53,82,0,1,1
23:21:47,788,99,58,82,0,1,1
23:21:48,789,99,53,82,0,1,1
23:21:49,790,99,58,82,0,1,1
23:21:50,791,97,54,82,0,1,1
23:21:51,792,97,56,82,0,1,1
23:21:52,793,97,59,82,0,1,1
23:21:53,794,97,58,82,0,1,1
23:21:54,795,97,58,82,0,1,1
23:21:55,796,97,56,82,0,1,1
23:21:56,797,97,58,82,0,1,1
23:21:57,798,97,56,82,0,1,1
23:21:58,799,97,56,82,0,1,1
23:21:59,800,97,58,82,0,1,1
23:22:00,801,100,59,82,0,1,1
23:22:01,802,100,57,82,0,1,1
23:22:02,803,100,58,82,0,1,1
23:22:03,804,100,58,82,0,1,1
23:22:04,805,100,58,82,0,1,1
23:22:05,806,100,56,82,0,1,1
23:22:06,807,100,58,82,0,1,1
23:22:07,808,100,57,82,0,1,1
23:22:08,809,100,56,82,0,1,1
23:22:09,810,100,56,82,0,1,1
23:22:10,811,102,60,82,0,1,1
23:22:11,812,102,57,82,0,1,1
23:22:12,813,102,56,82,0,1,1
23:22:13,814,102,56,82,0,1,1
23:22:14,815,102,59,82,0,1,1
23:22:15,816,102,54,82,0,1,1
23:22:16,817,102,56,82,0,1,1
23:22:17,818,102,55,82,0,1,1
23:22:18,819,102,58,82,0,1,1
23:22:19,820,102,57,82,0,1,1
23:22:20,821,103,58,82,0,1,1
23:22:21,822,103,59,82,0,1,1
23:22:22,823,103,55,82,0,1,1
23:22:23,824,103,55,82,0,1,1
23:22:24,825,103,55,82,0,1,1
23:22:25,826,103,57,82,0,1,1
23:22:26,827,103,51,82,0,1,1
23:22:27,828,103,56,82,0,1,1
23:22:28,829,103,55,82,0,1,1
23:22:29,830,103,57,82,0,1,1
23:22:30,831,103,56,82,0,1,1
23:22:31,832,103,54,82,0,1,1
23:22:32,833,103,55,82,0,1,1
23:22:33,834,103,57,82,0,1,1
23:22:34,835,103,56,82,0,1,1
23:22:35,836,103,53,82,0,1,1
23:22:36,837,103,56,82,0,1,1
23:22:37,838,103,55,82,0,1,1
23:22:38,839,103,55,82,0,1,1
23:22:39,840,103,58,82,0,1,1
23:22:40,841,103,55,82,0,1,1
23:22:41,842,103,57,82,0,1,1
23:22:42,843,103,56,82,0,1,1
23:22:43,844,103,56,82,0,1,1
23:22:44,845,103,55,82,0,1,1
23:22:45,846,103,56,82,0,1,1
23:22:46,847,103,55,82,0,1,1
23:22:47,848,103,52,82,0,1,1
23:22:48,849,103,56,82,0,1,1
23:22:49,850,103,55,82,0,1,1
23:22:50,851,106,55,82,0,1,1
23:22:51,852,106,54,82,0,1,1
23:22:52,853,106,55,82,0,1,1
23:22:53,854,106,58,82,0,1,1
23:22:54,855,107,54,82,0,1,1
23:22:55,856,108,56,82,0,1,1
23:22:56,857,109,51,82,0,1,1
23:22:57,858,109,57,82,0,1,1
23:22:58,859,110,55,82,0,1,1
23:22:59,860,110,54,82,0,1,1
23:23:00,861,110,55,82,0,1,1
23:23:01,862,109,56,82,0,1,1
23:23:02,863,109,55,82,0,1,1
23:23:03,864,109,55,82,0,1,1
23:23:04,865,109,53,82,0,1,1
23:23:05,866,109,58,82,0,1,1
23:23:06,867,109,56,82,0,1,1
23:23:07,868,109,55,82,0,1,1
23:23:08,869,109,57,82,0,1,1
23:23:09,870,109,56,82,0,1,1
23:23:10,871,106,56,82,0,1,1
23:23:11,872,106,57,82,0,1,1
23:23:12,873,106,58,82,0,1,1
23:23:13,874,106,55,82,0,1,1
23:23:14,875,106,56,82,0,1,1
23:23:15,876,106,55,82,0,1,1
23:23:16,877,106,59,82,0,1,1
23:23:17,878,106,55,82,0,1,1
23:23:18,879,106,57,82,0,1,1
23:23:19,880,106,54,82,0,1,1
23:23:20,881,105,55,82,0,1,1
23:23:21,882,105,55,82,0,1,1
23:23:22,883,105,55,82,0,1,1
23:23:23,884,105,57,82,0,1,1
23:23:24,885,105,56,82,0,1,1
23:23:25,886,105,56,82,0,1,1
23:23:26,887,105,57,82,0,1,1
23:23:27,888,105,58,82,0,1,1
23:23:28,889,105,56,82,0,1,1
23:23:29,890,105,48,82,0,1,1
23:23:30,891,105,42,82,0,1,1
23:23:31,892,105,34,82,0,1,1
23:23:32,893,105,33,82,0,1,1
23:23:33,894,105,33,82,0,1,1
23:23:34,895,105,35,82,0,1,1
23:23:35,896,105,35,82,0,1,1
23:23:36,897,105,35,82,0,1,1
23:23:37,898,105,34,82,0,1,1
23:23:38,899,105,38,82,0,1,1
23:23:39,900,105,35,82,0,1,1
23:23:40,901,104,35,82,0,1,1
23:23:41,902,104,37,82,0,1,1
23:23:42,903,104,36,82,0,1,1
23:23:43,904,104,37,82,0,1,1
23:23:44,905,104,36,82,0,1,1
23:23:45,906,104,36,82,0,1,1
23:23:46,907,104,44,82,0,1,1
23:23:47,908,104,48,82,0,1,1
23:23:48,909,104,49,82,0,1,1
23:23:49,910,104,50,82,0,1,1
23:23:50,911,103,50,82,0,1,1
23:23:51,912,103,49,82,0,1,1
23:23:52,913,103,47,82,0,1,1
23:23:53,914,103,44,82,0,1,1
23:23:54,915,103,45,82,0,1,1
23:23:55,916,103,51,82,0,1,1
23:23:56,917,103,46,82,0,1,1
23:23:57,918,103,49,82,0,1,1
23:23:58,919,103,52,82,0,1,1
23:23:59,920,103,50,82,0,1,1
23:24:00,921,103,49,82,0,1,1
23:24:01,922,103,47,82,0,1,1
23:24:02,923,103,47,82,0,1,1
23:24:03,924,103,49,82,0,1,1
23:24:04,925,103,48,82,0,1,1
23:24:05,926,103,48,82,0,1,1
23:24:06,927,103,47,82,0,1,1
23:24:07,928,103,47,82,0,1,1
23:24:08,929,103,48,82,0,1,1
23:24:09,930,103,54,82,0,1,1
23:24:10,931,103,55,82,0,1,1
23:24:11,932,103,54,82,0,1,1
23:24:12,933,103,55,82,0,1,1
23:24:13,934,103,52,82,0,1,1
23:24:14,935,103,49,82,0,1,1
23:24:15,936,103,46,82,0,1,1
23:24:16,937,103,46,82,0,1,1
23:24:17,938,103,58,82,0,1,1
23:24:18,939,103,53,82,0,1,1
23:24:19,940,103,53,82,0,1,1
23:24:20,941,103,56,82,0,1,1
23:24:21,942,103,52,82,0,1,1
23:24:22,943,103,50,82,0,1,1
23:24:23,944,103,50,82,0,1,1
23:24:24,945,103,49,82,0,1,1
23:24:25,946,103,52,82,0,1,1
23:24:26,947,102,50,82,0,1,1
23:24:27,948,102,48,82,0,1,1
23:24:28,949,102,44,82,0,1,1
23:24:29,950,102,52,82,0,1,1
23:24:30,951,101,49,82,0,1,1
23:24:31,952,101,51,82,0,1,1
23:24:32,953,101,55,82,0,1,1
23:24:33,954,101,53,82,0,1,1
23:24:34,955,101,57,82,0,1,1
23:24:35,956,101,59,82,0,1,1
23:24:36,957,101,52,82,0,1,1
23:24:37,958,101,52,82,0,1,1
23:24:38,959,101,51,82,0,1,1
23:24:39,960,101,55,82,0,1,1
23:24:40,961,101,58,82,0,1,1
23:24:41,962,101,58,82,0,1,1
23:24:42,963,101,53,82,0,1,1
23:24:43,964,101,55,82,0,1,1
23:24:44,965,101,53,82,0,1,1
23:24:45,966,101,57,82,0,1,1
23:24:46,967,101,61,82,0,1,1
23:24:47,968,101,55,82,0,1,1
23:24:48,969,101,56,82,0,1,1
23:24:49,970,101,58,82,0,1,1
23:24:50,971,100,54,82,0,1,1
23:24:51,972,100,56,82,0,1,1
23:24:52,973,100,54,82,0,1,1
23:24:53,974,100,55,82,0,1,1
23:24:54,975,100,56,82,0,1,1
23:24:55,976,100,54,82,0,1,1
23:24:56,977,100,55,82,0,1,1
23:24:57,978,100,56,82,0,1,1
23:24:58,979,100,54,82,0,1,1
23:24:59,980,100,54,82,0,1,1
23:25:00,981,100,56,82,0,1,1
23:25:01,982,100,55,82,0,1,1
23:25:02,983,100,55,82,0,1,1
23:25:03,984,100,55,82,0,1,1
23:25:04,985,100,55,82,0,1,1
23:25:05,986,100,52,82,0,1,1
23:25:06,987,100,55,82,0,1,1
23:25:07,988,100,54,82,0,1,1
23:25:08,989,100,53,82,0,1,1
23:25:09,990,100,54,82,0,1,1
23:25:10,991,99,53,82,0,1,1
23:25:11,992,99,54,82,0,1,1
23:25:12,993,99,47,82,0,1,1
23:25:13,994,99,51,82,0,1,1
23:25:14,995,99,49,82,0,1,1
23:25:15,996,99,46,82,0,1,1
23:25:16,997,99,52,82,0,1,1
23:25:17,998,99,51,82,0,1,1
23:25:18,999,99,52,82,0,1,1
23:25:19,1000,99,52,82,0,1,1
23:25:20,1001,108,54,82,0,1,1
23:25:21,1002,108,51,82,0,1,1
23:25:22,1003,108,52,82,0,1,1
23:25:23,1004,108,51,82,0,1,1
23:25:24,1005,108,55,82,0,1,1
23:25:25,1006,108,56,82,0,1,1
23:25:26,1007,108,52,82,0,1,1
23:25:27,1008,108,53,82,0,1,1
23:25:28,1009,108,53,82,0,1,1
23:25:29,1010,108,52,82,0,1,1
23:25:30,1011,106,54,82,0,1,1
23:25:31,1012,106,53,82,0,1,1
23:25:32,1013,106,48,82,0,1,1
23:25:33,1014,106,55,82,0,1,1
23:25:34,1015,106,53,82,0,1,1
23:25:35,1016,106,53,82,0,1,1
23:25:36,1017,106,53,82,0,1,1
23:25:37,1018,106,50,82,0,1,1
23:25:38,1019,106,46,82,0,1,1
23:25:39,1020,106,54,82,0,1,1
23:25:40,1021,100,53,82,0,1,1
23:25:41,1022,100,55,82,0,1,1
23:25:42,1023,100,54,82,0,1,1
23:25:43,1024,100,53,82,0,1,1
23:25:44,1025,100,52,82,0,1,1
23:25:45,1026,100,51,82,0,1,1
23:25:46,1027,100,52,82,0,1,1
23:25:47,1028,100,55,82,0,1,1
23:25:48,1029,100,53,82,0,1,1
23:25:49,1030,100,53,82,0,1,1
23:25:50,1031,97,47,82,0,1,1
23:25:51,1032,97,53,82,0,1,1
23:25:52,1033,97,52,82,0,1,1
23:25:53,1034,97,51,82,0,1,1
23:25:54,1035,97,51,82,0,1,1
23:25:55,1036,97,54,82,0,1,1
23:25:56,1037,97,51,82,0,1,1
23:25:57,1038,97,53,82,0,1,1
23:25:58,1039,97,55,82,0,1,1
23:25:59,1040,97,54,82,0,1,1
23:26:00,1041,102,51,82,0,1,1
23:26:01,1042,102,35,82,0,1,1
23:26:02,1043,102,34,82,0,1,1
23:26:03,1044,102,35,82,0,1,1
23:26:04,1045,102,35,82,0,1,1
23:26:05,1046,102,34,82,0,1,1
23:26:06,1047,102,34,82,0,1,1
23:26:07,1048,102,33,82,0,1,1
23:26:08,1049,102,34,82,0,1,1
23:26:09,1050,102,34,82,0,1,1
23:26:10,1051,102,32,82,0,1,1
23:26:11,1052,102,31,82,0,1,1
23:26:12,1053,102,33,82,0,1,1
23:26:13,1054,102,30,82,0,1,1
23:26:14,1055,102,30,82,0,1,1
23:26:15,1056,102,33,82,0,1,1
23:26:16,1057,102,34,82,0,1,1
23:26:17,1058,102,35,82,0,1,1
23:26:18,1059,102,32,82,0,1,1
23:26:19,1060,102,33,82,0,1,1
23:26:20,1061,104,33,82,0,1,1
23:26:21,1062,104,34,82,0,1,1
23:26:22,1063,104,35,82,0,1,1
23:26:23,1064,104,37,82,0,1,1
23:26:24,1065,104,36,82,0,1,1
23:26:25,1066,104,37,82,0,1,1
23:26:26,1067,104,36,82,0,1,1
23:26:27,1068,104,35,82,0,1,1
23:26:28,1069,104,37,82,0,1,1
23:26:29,1070,104,36,82,0,1,1
23:26:30,1071,103,35,82,0,1,1
23:26:31,1072,103,37,82,0,1,1
23:26:32,1073,103,35,82,0,1,1
23:26:33,1074,103,37,82,0,1,1
23:26:34,1075,103,35,82,0,1,1
23:26:35,1076,103,35,82,0,1,1
23:26:36,1077,103,35,82,0,1,1
23:26:37,1078,103,34,82,0,1,1
23:26:38,1079,103,37,82,0,1,1
23:26:39,1080,103,40,82,0,1,1
23:26:40,1081,100,37,82,0,1,1
23:26:41,1082,100,35,82,0,1,1
23:26:42,1083,100,34,82,0,1,1
23:26:43,1084,100,34,82,0,1,1
23:26:44,1085,100,38,82,0,1,1
23:26:45,1086,100,41,82,0,1,1
23:26:46,1087,100,37,82,0,1,1
23:26:47,1088,100,34,82,0,1,1
23:26:48,1089,100,36,82,0,1,1
23:26:49,1090,100,34,82,0,1,1
23:26:50,1091,91,38,82,0,1,1
23:26:51,1092,91,36,82,0,1,1
23:26:52,1093,91,34,82,0,1,1
23:26:53,1094,91,35,82,0,1,1
23:26:54,1095,91,35,82,0,1,1
23:26:55,1096,91,34,82,0,1,1
23:26:56,1097,91,36,82,0,1,1
23:26:57,1098,91,37,82,0,1,1
23:26:58,1099,91,36,82,0,1,1
23:26:59,1100,91,36,82,0,1,1
23:27:00,1101,96,35,82,0,1,1
23:27:01,1102,96,38,82,0,1,1
23:27:02,1103,96,36,82,0,1,1
23:27:03,1104,96,35,82,0,1,1
23:27:04,1105,96,36,82,0,1,1
23:27:05,1106,96,35,82,0,1,1
23:27:06,1107,96,35,82,0,1,1
23:27:07,1108,96,36,82,0,1,1
23:27:08,1109,96,33,82,0,1,1
23:27:09,1110,96,36,82,0,1,1
23:27:10,1111,96,34,82,0,1,1
23:27:11,1112,96,35,82,0,1,1
23:27:12,1113,96,35,82,0,1,1
23:27:13,1114,96,31,82,0,1,1
23:27:14,1115,96,35,82,0,1,1
23:27:15,1116,96,32,82,0,1,1
23:27:16,1117,96,37,82,0,1,1
23:27:17,1118,96,34,82,0,1,1
23:27:18,1119,96,34,82,0,1,1
23:27:19,1120,96,38,82,0,1,1
23:27:20,1121,97,39,82,0,1,1
23:27:21,1122,97,38,82,0,1,1
23:27:22,1123,97,37,82,0,1,1
23:27:23,1124,97,36,82,0,1,1
23:27:24,1125,97,36,82,0,1,1
23:27:25,1126,97,36,82,0,1,1
23:27:26,1127,97,36,82,0,1,1
23:27:27,1128,97,36,82,0,1,1
23:27:28,1129,97,36,82,0,1,1
23:27:29,1130,97,37,82,0,1,1
23:27:30,1131,98,36,82,0,1,1
23:27:31,1132,98,34,82,0,1,1
23:27:32,1133,98,36,82,0,1,1
23:27:33,1134,98,37,82,0,1,1
23:27:34,1135,98,33,82,0,1,1
23:27:35,1136,98,39,82,0,1,1
23:27:36,1137,98,37,82,0,1,1
23:27:37,1138,98,37,82,0,1,1
23:27:38,1139,98,37,82,0,1,1
23:27:39,1140,98,33,82,0,1,1
23:27:40,1141,98,34,82,0,1,1
23:27:41,1142,98,36,82,0,1,1
23:27:42,1143,98,34,82,0,1,1
23:27:43,1144,98,36,82,0,1,1
23:27:44,1145,98,37,82,0,1,1
23:27:45,1146,98,38,82,0,1,1
23:27:46,1147,98,41,82,0,1,1
23:27:47,1148,98,40,82,0,1,1
23:27:48,1149,98,38,82,0,1,1
23:27:49,1150,98,36,82,0,1,1
23:27:50,1151,97,35,82,0,1,1
23:27:51,1152,97,38,82,0,1,1
23:27:52,1153,97,36,82,0,1,1
23:27:53,1154,97,35,82,0,1,1
23:27:54,1155,97,37,82,0,1,1
23:27:55,1156,97,36,82,0,1,1
23:27:56,1157,97,37,82,0,1,1
23:27:57,1158,97,36,82,0,1,1
23:27:58,1159,97,36,82,0,1,1
23:27:59,1160,99,36,82,0,1,1
23:28:00,1161,98,36,82,0,1,1
23:28:01,1162,98,38,82,0,1,1
23:28:02,1163,98,36,82,0,1,1
23:28:03,1164,98,35,82,0,1,1
23:28:04,1165,98,35,82,0,1,1
23:28:05,1166,98,36,82,0,1,1
23:28:06,1167,98,34,82,0,1,1
23:28:07,1168,98,36,82,0,1,1
23:28:08,1169,98,36,82,0,1,1
23:28:09,1170,98,34,82,0,1,1
23:28:10,1171,98,35,82,0,1,1
23:28:11,1172,98,36,82,0,1,1
23:28:12,1173,98,34,82,0,1,1
23:28:13,1174,98,38,82,0,1,1
23:28:14,1175,98,34,82,0,1,1
23:28:15,1176,100,35,82,0,1,1
23:28:16,1177,99,37,82,0,1,1
23:28:17,1178,99,35,82,0,1,1
23:28:18,1179,98,35,82,0,1,1
23:28:19,1180,98,36,82,0,1,1
23:28:20,1181,97,35,82,0,1,1
23:28:21,1182,97,37,82,0,1,1
23:28:22,1183,96,34,82,0,1,1
23:28:23,1184,96,35,82,0,1,1
23:28:24,1185,96,37,82,0,1,1
23:28:25,1186,96,47,82,0,1,1
23:28:26,1187,96,36,82,0,1,1
23:28:27,1188,96,35,82,0,1,1
23:28:28,1189,96,35,82,0,1,1
23:28:29,1190,96,36,82,0,1,1
23:28:30,1191,96,35,82,0,1,1
23:28:31,1192,96,34,82,0,1,1
23:28:32,1193,96,36,82,0,1,1
23:28:33,1194,96,35,82,0,1,1
23:28:34,1195,96,36,82,0,1,1
23:28:35,1196,96,36,82,0,1,1
23:28:36,1197,96,34,82,0,1,1
23:28:37,1198,96,36,82,0,1,1
23:28:38,1199,96,36,82,0,1,1
23:28:39,1200,96,36,82,0,1,1
23:28:40,1201,96,34,82,0,1,1
23:28:41,1202,96,37,82,0,1,1
23:28:42,1203,96,34,82,0,1,1
23:28:43,1204,96,36,82,0,1,1
23:28:44,1205,96,36,82,0,1,1
23:28:45,1206,96,35,82,0,1,1
23:28:46,1207,96,37,82,0,1,1
23:28:47,1208,96,37,82,0,1,1
23:28:48,1209,96,37,82,0,1,1
23:28:49,1210,96,36,82,0,1,1
23:28:50,1211,95,36,82,0,1,1
23:28:51,1212,95,34,82,0,1,1
23:28:52,1213,95,36,82,0,1,1
23:28:53,1214,95,36,82,0,1,1
23:28:54,1215,95,35,82,0,1,1
23:28:55,1216,95,35,82,0,1,1
23:28:56,1217,95,34,82,0,1,1
23:28:57,1218,95,35,82,0,1,1
23:28:58,1219,95,37,82,0,1,1
23:28:59,1220,95,33,82,0,1,1
23:29:00,1221,95,35,82,0,1,1
23:29:01,1222,95,36,82,0,1,1
23:29:02,1223,95,32,82,0,1,1
23:29:03,1224,95,34,82,0,1,1
23:29:04,1225,95,34,82,0,1,1
23:29:05,1226,95,33,82,0,1,1
23:29:06,1227,95,36,82,0,1,1
23:29:07,1228,95,34,82,0,1,1
23:29:08,1229,95,33,82,0,1,1
23:29:09,1230,95,35,82,0,1,1
23:29:10,1231,94,35,82,0,1,1
23:29:11,1232,94,32,82,0,1,1
23:29:12,1233,94,36,82,0,1,1
23:29:13,1234,94,35,82,0,1,1
23:29:14,1235,94,35,82,0,1,1
23:29:15,1236,94,34,82,0,1,1
23:29:16,1237,94,33,82,0,1,1
23:29:17,1238,94,33,82,0,1,1
23:29:18,1239,94,36,82,0,1,1
23:29:19,1240,94,34,82,0,1,1
23:29:20,1241,102,34,82,0,1,1
23:29:21,1242,102,36,82,0,1,1
23:29:22,1243,102,34,82,0,1,1
23:29:23,1244,102,35,82,0,1,1
23:29:24,1245,102,37,82,0,1,1
23:29:25,1246,102,34,82,0,1,1
23:29:26,1247,102,35,82,0,1,1
23:29:27,1248,102,35,82,0,1,1
23:29:28,1249,102,34,82,0,1,1
23:29:29,1250,102,36,82,0,1,1
23:29:30,1251,99,36,82,0,1,1
23:29:31,1252,99,34,82,0,1,1
23:29:32,1253,99,36,82,0,1,1
23:29:33,1254,99,36,82,0,1,1
23:29:34,1255,98,35,82,0,1,1
23:29:35,1256,97,35,82,0,1,1
23:29:36,1257,96,36,82,0,1,1
23:29:37,1258,96,35,82,0,1,1
23:29:38,1259,95,35,82,0,1,1
23:29:39,1260,94,36,82,0,1,1
23:29:40,1261,94,34,82,0,1,1
23:29:41,1262,93,34,82,0,1,1
23:29:42,1263,92,31,82,0,1,1
23:29:43,1264,92,34,82,0,1,1
23:29:44,1265,92,35,82,0,1,1
23:29:45,1266,92,35,82,0,1,1
23:29:46,1267,92,32,82,0,1,1
23:29:47,1268,92,36,82,0,1,1
23:29:48,1269,92,36,82,0,1,1
23:29:49,1270,92,35,82,0,1,1
23:29:50,1271,88,36,82,0,1,1
23:29:51,1272,88,37,82,0,1,1
23:29:52,1273,88,36,82,0,1,1
23:29:53,1274,88,37,82,0,1,1
23:29:54,1275,88,35,82,0,1,1
23:29:55,1276,88,36,82,0,1,1
23:29:56,1277,88,36,82,0,1,1
23:29:57,1278,88,35,82,0,1,1
23:29:58,1279,88,34,82,0,1,1
23:29:59,1280,88,35,82,0,1,1
23:30:00,1281,102,34,82,0,1,1
23:30:01,1282,102,34,82,0,1,1
23:30:02,1283,102,35,82,0,1,1
23:30:03,1284,102,33,82,0,1,1
23:30:04,1285,102,35,82,0,1,1
23:30:05,1286,102,33,82,0,1,1
23:30:06,1287,102,33,82,0,1,1
23:30:07,1288,102,35,82,0,1,1
23:30:08,1289,102,32,82,0,1,1
23:30:09,1290,102,32,82,0,1,1
23:30:10,1291,99,34,82,0,1,1
23:30:11,1292,99,35,82,0,1,1
23:30:12,1293,99,35,82,0,1,1
23:30:13,1294,99,34,82,0,1,1
23:30:14,1295,99,34,82,0,1,1
23:30:15,1296,99,35,82,0,1,1
23:30:16,1297,99,36,82,0,1,1
23:30:17,1298,99,33,82,0,1,1
23:30:18,1299,99,35,82,0,1,1
23:30:19,1300,99,36,82,0,1,1
23:30:20,1301,99,33,82,0,1,1
23:30:21,1302,99,33,82,0,1,1
23:30:22,1303,99,35,82,0,1,1
23:30:23,1304,99,36,82,0,1,1
23:30:24,1305,99,32,82,0,1,1
23:30:25,1306,99,33,82,0,1,1
23:30:26,1307,99,35,82,0,1,1
23:30:27,1308,99,34,82,0,1,1
23:30:28,1309,99,35,82,0,1,1
23:30:29,1310,99,32,82,0,1,1
23:30:30,1311,90,34,82,0,1,1
23:30:31,1312,90,35,82,0,1,1
23:30:32,1313,90,32,82,0,1,1
23:30:33,1314,90,35,82,0,1,1
23:30:34,1315,90,35,82,0,1,1
23:30:35,1316,90,35,82,0,1,1
23:30:36,1317,90,35,82,0,1,1
23:30:37,1318,90,35,82,0,1,1
23:30:38,1319,90,34,82,0,1,1
23:30:39,1320,90,35,82,0,1,1
23:30:40,1321,88,36,82,0,1,1
23:30:41,1322,88,39,82,0,1,1
23:30:42,1323,88,41,82,0,1,1
23:30:43,1324,88,38,82,0,1,1
23:30:44,1325,88,39,82,0,1,1
23:30:45,1326,88,39,82,0,1,1
23:30:46,1327,88,41,82,0,1,1
23:30:47,1328,88,38,82,0,1,1
23:30:48,1329,88,39,82,0,1,1
23:30:49,1330,88,38,82,0,1,1
23:30:50,1331,87,37,82,0,1,1
23:30:51,1332,87,37,82,0,1,1
23:30:52,1333,87,35,82,0,1,1
23:30:53,1334,87,35,82,0,1,1
23:30:54,1335,87,35,82,0,1,1
23:30:55,1336,87,33,82,0,1,1
23:30:56,1337,87,36,82,0,1,1
23:30:57,1338,87,35,82,0,1,1
23:30:58,1339,87,36,82,0,1,1
23:30:59,1340,87,37,82,0,1,1
23:31:00,1341,82,35,82,0,1,1
23:31:01,1342,82,34,82,0,1,1
23:31:02,1343,82,37,82,0,1,1
23:31:03,1344,82,37,82,0,1,1
23:31:04,1345,82,34,82,0,1,1
23:31:05,1346,82,36,82,0,1,1
23:31:06,1347,82,37,82,0,1,1
23:31:07,1348,82,35,82,0,1,1
23:31:08,1349,82,37,82,0,1,1
23:31:09,1350,82,36,82,0,1,1
23:31:10,1351,82,36,82,0,1,1
23:31:11,1352,82,36,82,0,1,1
23:31:12,1353,82,36,82,0,1,1
23:31:13,1354,82,36,82,0,1,1
23:31:14,1355,82,38,82,0,1,1
23:31:15,1356,82,36,82,0,1,1
23:31:16,1357,82,35,82,0,1,1
23:31:17,1358,82,37,82,0,1,1
23:31:18,1359,82,37,82,0,1,1
23:31:19,1360,82,35,82,0,1,1
23:31:20,1361,82,37,82,0,1,1
23:31:21,1362,82,37,82,0,1,1
23:31:22,1363,82,36,82,0,1,1
23:31:23,1364,82,37,82,0,1,1
23:31:24,1365,82,36,82,0,1,1
23:31:25,1366,82,36,82,0,1,1
23:31:26,1367,82,39,82,0,1,1
23:31:27,1368,82,38,82,0,1,1
23:31:28,1369,82,35,82,0,1,1
23:31:29,1370,82,36,82,0,1,1
23:31:30,1371,82,36,82,0,1,1
23:31:31,1372,82,34,82,0,1,1
23:31:32,1373,82,36,82,0,1,1
23:31:33,1374,84,36,82,0,1,1
23:31:34,1375,85,33,82,0,1,1
23:31:35,1376,87,36,82,0,1,1
23:31:36,1377,87,35,82,0,1,1
23:31:37,1378,87,33,82,0,1,1
23:31:38,1379,87,34,82,0,1,1
23:31:39,1380,87,34,82,0,1,1
23:31:40,1381,87,33,82,0,1,1
23:31:41,1382,87,35,82,0,1,1
23:31:42,1383,87,35,82,0,1,1
23:31:43,1384,87,34,82,0,1,1
23:31:44,1385,87,36,82,0,1,1
23:31:45,1386,87,33,82,0,1,1
23:31:46,1387,87,34,82,0,1,1
23:31:47,1388,87,37,82,0,1,1
23:31:48,1389,87,36,82,0,1,1
23:31:49,1390,87,33,82,0,1,1
23:31:50,1391,90,36,82,0,1,1
23:31:51,1392,90,37,82,0,1,1
23:31:52,1393,90,36,82,0,1,1
23:31:53,1394,90,35,82,0,1,1
23:31:54,1395,90,36,82,0,1,1
23:31:55,1396,90,35,82,0,1,1
23:31:56,1397,90,35,82,0,1,1
23:31:57,1398,95,36,82,0,1,1
23:31:58,1399,95,35,82,0,1,1
23:31:59,1400,95,36,82,0,1,1
23:32:00,1401,95,36,82,0,1,1
23:32:01,1402,95,36,82,0,1,1
23:32:02,1403,95,38,82,0,1,1
23:32:03,1404,95,37,82,0,1,1
23:32:04,1405,95,38,82,0,1,1
23:32:05,1406,95,39,82,0,1,1
23:32:06,1407,95,37,82,0,1,1
23:32:07,1408,95,36,82,0,1,1
23:32:08,1409,95,37,82,0,1,1
23:32:09,1410,95,37,82,0,1,1
23:32:10,1411,94,35,82,0,1,1
23:32:11,1412,94,36,82,0,1,1
23:32:12,1413,94,37,82,0,1,1
23:32:13,1414,94,36,82,0,1,1
23:32:14,1415,94,36,82,0,1,1
23:32:15,1416,94,37,82,0,1,1
23:32:16,1417,94,37,82,0,1,1
23:32:17,1418,94,38,82,0,1,1
23:32:18,1419,94,37,82,0,1,1
23:32:19,1420,94,38,82,0,1,1
23:32:20,1421,93,36,82,0,1,1
23:32:21,1422,93,36,82,0,1,1
23:32:22,1423,93,36,82,0,1,1
23:32:23,1424,93,36,82,0,1,1
23:32:24,1425,93,37,82,0,1,1
23:32:25,1426,93,36,82,0,1,1
23:32:26,1427,93,36,82,0,1,1
23:32:27,1428,93,37,82,0,1,1
23:32:28,1429,93,37,82,0,1,1
23:32:29,1430,93,36,82,0,1,1
23:32:30,1431,96,37,82,0,1,1
23:32:31,1432,96,38,82,0,1,1
23:32:32,1433,96,36,82,0,1,1
23:32:33,1434,96,36,82,0,1,1
23:32:34,1435,96,38,82,0,1,1
23:32:35,1436,96,36,82,0,1,1
23:32:36,1437,96,36,82,0,1,1
23:32:37,1438,96,37,82,0,1,1
23:32:38,1439,96,37,82,0,1,1
23:32:39,1440,96,36,82,0,1,1
23:32:40,1441,98,38,82,0,1,1
23:32:41,1442,98,36,82,0,1,1
23:32:42,1443,98,37,82,0,1,1
23:32:43,1444,98,37,82,0,1,1
23:32:44,1445,98,35,82,0,1,1
23:32:45,1446,98,37,82,0,1,1
23:32:46,1447,98,37,82,0,1,1
23:32:47,1448,98,36,82,0,1,1
23:32:48,1449,98,35,82,0,1,1
23:32:49,1450,98,39,82,0,1,1
23:32:50,1451,107,36,82,0,1,1
23:32:51,1452,107,35,82,0,1,1
23:32:52,1453,107,37,82,0,1,1
23:32:53,1454,107,37,82,0,1,1
23:32:54,1455,107,35,82,0,1,1
23:32:55,1456,107,38,82,0,1,1
23:32:56,1457,107,38,82,0,1,1
23:32:57,1458,107,36,82,0,1,1
23:32:58,1459,107,36,82,0,1,1
23:32:59,1460,107,35,82,0,1,1
23:33:00,1461,99,34,82,0,1,1
23:33:01,1462,99,38,82,0,1,1
23:33:02,1463,99,37,82,0,1,1
23:33:03,1464,99,34,82,0,1,1
23:33:04,1465,99,33,82,0,1,1
23:33:05,1466,99,36,82,0,1,1
23:33:06,1467,99,33,82,0,1,1
23:33:07,1468,99,35,82,0,1,1
23:33:08,1469,99,35,82,0,1,1
23:33:09,1470,99,36,82,0,1,1
23:33:10,1471,103,35,82,0,1,1
23:33:11,1472,103,37,82,0,1,1
23:33:12,1473,103,36,82,0,1,1
23:33:13,1474,103,36,82,0,1,1
23:33:14,1475,103,37,82,0,1,1
23:33:15,1476,103,37,82,0,1,1
23:33:16,1477,103,36,82,0,1,1
23:33:17,1478,103,37,82,0,1,1
23:33:18,1479,103,37,82,0,1,1
23:33:19,1480,103,36,82,0,1,1
23:33:20,1481,100,37,82,0,1,1
23:33:21,1482,100,38,82,0,1,1
23:33:22,1483,100,36,82,0,1,1
23:33:23,1484,100,37,82,0,1,1
23:33:24,1485,100,36,82,0,1,1
23:33:25,1486,100,35,82,0,1,1
23:33:26,1487,100,35,82,0,1,1
23:33:27,1488,100,35,82,0,1,1
23:33:28,1489,98,35,82,0,1,1
23:33:29,1490,98,33,82,0,1,1
23:33:30,1491,97,34,82,0,1,1
23:33:31,1492,97,34,82,0,1,1
23:33:32,1493,96,33,82,0,1,1
23:33:33,1494,96,35,82,0,1,1
23:33:34,1495,96,35,82,0,1,1
23:33:35,1496,95,34,82,0,1,1
23:33:36,1497,94,34,82,0,1,1
23:33:37,1498,93,36,82,0,1,1
23:33:38,1499,93,34,82,0,1,1
23:33:39,1500,93,37,82,0,1,1
23:33:40,1501,97,39,82,0,1,1
23:33:41,1502,97,36,82,0,1,1
23:33:42,1503,97,36,82,0,1,1
23:33:43,1504,97,39,82,0,1,1
23:33:44,1505,97,37,82,0,1,1
23:33:45,1506,97,36,82,0,1,1
23:33:46,1507,97,37,82,0,1,1
23:33:47,1508,97,36,82,0,1,1
23:33:48,1509,97,35,82,0,1,1
23:33:49,1510,97,36,82,0,1,1
23:33:50,1511,100,37,82,0,1,1
23:33:51,1512,100,35,82,0,1,1
23:33:52,1513,100,36,82,0,1,1
23:33:53,1514,100,36,82,0,1,1
23:33:54,1515,100,34,82,0,1,1
23:33:55,1516,100,33,82,0,1,1
23:33:56,1517,100,36,82,0,1,1
23:33:57,1518,100,33,82,0,1,1
23:33:58,1519,100,36,82,0,1,1
23:33:59,1520,100,34,82,0,1,1
23:34:00,1521,97,35,82,0,1,1
23:34:01,1522,97,35,82,0,1,1
23:34:02,1523,97,36,82,0,1,1
23:34:03,1524,97,40,82,0,1,1
23:34:04,1525,97,39,82,0,1,1
23:34:05,1526,97,37,82,0,1,1
23:34:06,1527,97,37,82,0,1,1
23:34:07,1528,97,36,82,0,1,1
23:34:08,1529,97,39,82,0,1,1
23:34:09,1530,97,40,82,0,1,1
23:34:10,1531,96,38,82,0,1,1
23:34:11,1532,96,35,82,0,1,1
23:34:12,1533,96,38,82,0,1,1
23:34:13,1534,96,36,82,0,1,1
23:34:14,1535,96,33,82,0,1,1
23:34:15,1536,96,33,82,0,1,1
23:34:16,1537,96,33,82,0,1,1
23:34:17,1538,96,34,82,0,1,1
23:34:18,1539,96,34,82,0,1,1
23:34:19,1540,96,37,82,0,1,1
23:34:20,1541,99,36,82,0,1,1
23:34:21,1542,99,34,82,0,1,1
23:34:22,1543,99,38,82,0,1,1
23:34:23,1544,99,38,82,0,1,1
23:34:24,1545,99,38,82,0,1,1
23:34:25,1546,99,39,82,0,1,1
23:34:26,1547,99,38,82,0,1,1
23:34:27,1548,99,42,82,0,1,1
23:34:28,1549,99,35,82,0,1,1
23:34:29,1550,99,37,82,0,1,1
23:34:30,1551,101,36,82,0,1,1
23:34:31,1552,101,35,82,0,1,1
23:34:32,1553,101,34,82,0,1,1
23:34:33,1554,101,36,82,0,1,1
23:34:34,1555,101,33,82,0,1,1
23:34:35,1556,101,33,82,0,1,1
23:34:36,1557,101,36,82,0,1,1
23:34:37,1558,101,35,82,0,1,1
23:34:38,1559,100,35,82,0,1,1
23:34:39,1560,97,38,82,0,1,1
23:34:40,1561,97,37,82,0,1,1
23:34:41,1562,97,35,82,0,1,1
23:34:42,1563,97,36,82,0,1,1
23:34:43,1564,97,38,82,0,1,1
23:34:44,1565,97,37,82,0,1,1
23:34:45,1566,96,37,82,0,1,1
23:34:46,1567,96,36,82,0,1,1
23:34:47,1568,95,37,82,0,1,1
23:34:48,1569,95,36,82,0,1,1
23:34:49,1570,95,35,82,0,1,1
23:34:50,1571,94,34,82,0,1,1
23:34:51,1572,94,36,82,0,1,1
23:34:52,1573,94,33,82,0,1,1
23:34:53,1574,94,35,82,0,1,1
23:34:54,1575,94,34,82,0,1,1
23:34:55,1576,94,33,82,0,1,1
23:34:56,1577,94,35,82,0,1,1
23:34:57,1578,94,34,82,0,1,1
23:34:58,1579,94,33,82,0,1,1
23:34:59,1580,94,35,82,0,1,1
23:35:00,1581,93,34,82,0,1,1
23:35:01,1582,93,37,82,0,1,1
23:35:02,1583,93,35,82,0,1,1
23:35:03,1584,93,35,82,0,1,1
23:35:04,1585,93,36,82,0,1,1
23:35:05,1586,93,36,82,0,1,1
23:35:06,1587,93,35,82,0,1,1
23:35:07,1588,93,38,82,0,1,1
23:35:08,1589,93,39,82,0,1,1
23:35:09,1590,93,35,82,0,1,1
23:35:10,1591,94,36,82,0,1,1
23:35:11,1592,94,39,82,0,1,1
23:35:12,1593,94,35,82,0,1,1
23:35:13,1594,94,33,82,0,1,1
23:35:14,1595,94,34,82,0,1,1
23:35:15,1596,94,34,82,0,1,1
23:35:16,1597,94,34,82,0,1,1
23:35:17,1598,94,33,82,0,1,1
23:35:18,1599,94,36,82,0,1,1
23:35:19,1600,94,34,82,0,1,1
23:35:20,1601,95,33,82,0,1,1
23:35:21,1602,95,35,82,0,1,1
23:35:22,1603,95,36,82,0,1,1
23:35:23,1604,94,35,82,0,1,1
23:35:24,1605,93,36,82,0,1,1
23:35:25,1606,93,35,82,0,1,1
23:35:26,1607,93,37,82,0,1,1
23:35:27,1608,93,35,82,0,1,1
23:35:28,1609,93,36,82,0,1,1
23:35:29,1610,93,37,82,0,1,1
23:35:30,1611,93,36,82,0,1,1
23:35:31,1612,93,35,82,0,1,1
23:35:32,1613,94,36,82,0,1,1
23:35:33,1614,94,36,82,0,1,1
23:35:34,1615,94,31,82,0,1,1
23:35:35,1616,94,34,82,0,1,1
23:35:36,1617,94,37,82,0,1,1
23:35:37,1618,94,32,82,0,1,1
23:35:38,1619,94,33,82,0,1,1
23:35:39,1620,94,34,82,0,1,1
23:35:40,1621,93,36,82,0,1,1
23:35:41,1622,93,35,82,0,1,1
23:35:42,1623,93,35,82,0,1,1
23:35:43,1624,93,39,82,0,1,1
23:35:44,1625,93,38,82,0,1,1
23:35:45,1626,93,38,82,0,1,1
23:35:46,1627,93,39,82,0,1,1
23:35:47,1628,93,38,82,0,1,1
23:35:48,1629,93,39,82,0,1,1
23:35:49,1630,93,38,82,0,1,1
23:35:50,1631,99,34,82,0,1,1
23:35:51,1632,99,35,82,0,1,1
23:35:52,1633,99,36,82,0,1,1
23:35:53,1634,99,36,82,0,1,1
23:35:54,1635,99,37,82,0,1,1
23:35:55,1636,99,38,82,0,1,1
23:35:56,1637,99,38,82,0,1,1
23:35:57,1638,99,38,82,0,1,1
23:35:58,1639,99,41,82,0,1,1
23:35:59,1640,99,41,82,0,1,1
23:36:00,1641,98,41,82,0,1,1
23:36:01,1642,98,38,82,0,1,1
23:36:02,1643,98,35,82,0,1,1
23:36:03,1644,98,35,82,0,1,1
23:36:04,1645,98,34,82,0,1,1
23:36:05,1646,98,34,82,0,1,1
23:36:06,1647,100,36,82,0,1,1
23:36:07,1648,100,35,82,0,1,1
23:36:08,1649,100,37,82,0,1,1
23:36:09,1650,100,39,82,0,1,1
23:36:10,1651,100,34,82,0,1,1
23:36:11,1652,100,36,82,0,1,1
23:36:12,1653,100,37,82,0,1,1
23:36:13,1654,100,37,82,0,1,1
23:36:14,1655,100,38,82,0,1,1
23:36:15,1656,100,36,82,0,1,1
23:36:16,1657,100,34,82,0,1,1
23:36:17,1658,100,37,82,0,1,1
23:36:18,1659,100,34,82,0,1,1
23:36:19,1660,103,34,82,0,1,1
23:36:20,1661,103,33,82,0,1,1
23:36:21,1662,104,34,82,0,1,1
23:36:22,1663,104,37,82,0,1,1
23:36:23,1664,104,33,82,0,1,1
23:36:24,1665,104,34,82,0,1,1
23:36:25,1666,104,34,82,0,1,1
23:36:26,1667,104,38,82,0,1,1
23:36:27,1668,104,35,82,0,1,1
23:36:28,1669,104,35,82,0,1,1
23:36:29,1670,104,41,82,0,1,1
23:36:30,1671,104,33,82,0,1,1
23:36:31,1672,104,33,82,0,1,1
23:36:32,1673,104,34,82,0,1,1
23:36:33,1674,104,32,82,0,1,1
23:36:34,1675,104,31,82,0,1,1
23:36:35,1676,104,32,82,0,1,1
23:36:36,1677,104,33,82,0,1,1
23:36:37,1678,104,33,82,0,1,1
23:36:38,1679,104,33,82,0,1,1
23:36:39,1680,104,35,82,0,1,1
23:36:40,1681,104,34,82,0,1,1
23:36:41,1682,104,34,82,0,1,1
23:36:42,1683,104,34,82,0,1,1
23:36:43,1684,104,34,82,0,1,1
23:36:44,1685,104,34,82,0,1,1
23:36:45,1686,104,35,82,0,1,1
23:36:46,1687,104,32,82,0,1,1
23:36:47,1688,104,33,82,0,1,1
23:36:48,1689,104,31,82,0,1,1
23:36:49,1690,104,31,82,0,1,1
23:36:50,1691,104,32,82,0,1,1
23:36:51,1692,103,31,82,0,1,1
23:36:52,1693,103,32,82,0,1,1
23:36:53,1694,103,31,82,0,1,1
23:36:54,1695,103,31,82,0,1,1
23:36:55,1696,103,32,82,0,1,1
23:36:56,1697,103,32,82,0,1,1
23:36:57,1698,103,32,82,0,1,1
23:36:58,1699,103,33,82,0,1,1
23:36:59,1700,103,34,82,0,1,1
23:37:00,1701,101,50,82,0,1,1
23:37:01,1702,101,53,82,0,1,1
23:37:02,1703,100,33,82,0,1,1
23:37:03,1704,100,34,82,0,1,1
23:37:04,1705,100,34,82,0,1,1
23:37:05,1706,100,34,82,0,1,1
23:37:06,1707,100,35,82,0,1,1
23:37:07,1708,100,35,82,0,1,1
23:37:08,1709,100,35,82,0,1,1
23:37:09,1710,100,35,82,0,1,1
23:37:10,1711,100,34,82,0,1,1
23:37:11,1712,100,34,84,0,1,1
23:37:12,1713,100,34,84,0,1,1
23:37:13,1714,100,37,84,0,1,1
23:37:14,1715,100,35,84,0,1,1
23:37:15,1716,100,36,84,0,1,1
23:37:16,1717,100,36,84,0,1,1
23:37:17,1718,100,34,84,0,1,1
23:37:18,1719,100,31,84,0,1,1
23:37:19,1720,100,36,84,0,1,1
23:37:20,1721,100,43,84,0,1,1
23:37:21,1722,100,38,84,0,1,1
23:37:22,1723,100,35,84,0,1,1
23:37:23,1724,100,38,84,0,1,1
23:37:24,1725,100,37,84,0,1,1
23:37:25,1726,100,32,84,0,1,1
23:37:26,1727,100,33,84,0,1,1
23:37:27,1728,100,43,84,0,1,1
23:37:28,1729,100,42,84,0,1,1
23:37:29,1730,100,37,84,0,1,1
23:37:30,1731,96,38,84,0,1,1
23:37:31,1732,96,40,84,0,1,1
23:37:32,1733,96,38,84,0,1,1
23:37:33,1734,96,35,84,0,1,1
23:37:34,1735,96,35,84,0,1,1
23:37:35,1736,96,35,84,0,1,1
23:37:36,1737,96,37,84,0,1,1
23:37:37,1738,96,38,84,0,1,1
23:37:38,1739,96,36,84,0,1,1
23:37:39,1740,96,39,84,0,1,1
23:37:40,1741,99,35,84,0,1,1
23:37:41,1742,99,33,84,0,1,1
23:37:42,1743,99,40,84,0,1,1
23:37:43,1744,99,37,84,0,1,1
23:37:44,1745,99,35,84,0,1,1
23:37:45,1746,99,35,84,0,1,1
23:37:46,1747,99,43,84,0,1,1
23:37:47,1748,99,55,84,0,1,1
23:37:48,1749,99,44,84,0,1,1
23:37:49,1750,99,56,84,0,1,1
23:37:50,1751,99,52,84,0,1,1
23:37:51,1752,99,55,84,0,1,1
23:37:52,1753,99,55,84,0,1,1
23:37:53,1754,99,55,84,0,1,1
23:37:54,1755,99,57,84,0,1,1
23:37:55,1756,99,54,84,0,1,1
23:37:56,1757,99,53,84,0,1,1
23:37:57,1758,99,54,84,0,1,1
23:37:58,1759,99,57,84,0,1,1
23:37:59,1760,99,57,84,0,1,1
23:38:00,1761,94,55,84,0,1,1
23:38:01,1762,94,56,84,0,1,1
23:38:02,1763,94,52,84,0,1,1
23:38:03,1764,94,48,84,0,1,1
23:38:04,1765,94,52,84,0,1,1
23:38:05,1766,94,55,84,0,1,1
23:38:06,1767,94,53,84,0,1,1
23:38:07,1768,94,56,84,0,1,1
23:38:08,1769,94,48,84,0,1,1
23:38:09,1770,94,57,84,0,1,1
23:38:10,1771,99,51,84,0,1,1
23:38:11,1772,99,52,84,0,1,1
23:38:12,1773,99,47,84,0,1,1
23:38:13,1774,99,52,84,0,1,1
23:38:14,1775,99,54,84,0,1,1
23:38:15,1776,99,53,84,0,1,1
23:38:16,1777,99,51,84,0,1,1
23:38:17,1778,99,53,84,0,1,1
23:38:18,1779,99,54,84,0,1,1
23:38:19,1780,99,56,84,0,1,1
23:38:20,1781,104,59,84,0,1,1
23:38:21,1782,104,56,84,0,1,1
23:38:22,1783,104,52,84,0,1,1
23:38:23,1784,104,58,84,0,1,1
23:38:24,1785,104,54,84,0,1,1
23:38:25,1786,104,56,84,0,1,1
23:38:26,1787,104,55,84,0,1,1
23:38:27,1788,104,58,84,0,1,1
23:38:28,1789,104,56,84,0,1,1
23:38:29,1790,104,57,84,0,1,1
23:38:30,1791,100,57,84,0,1,1
23:38:31,1792,100,58,84,0,1,1
23:38:32,1793,100,57,84,0,1,1
23:38:33,1794,100,56,84,0,1,1
23:38:34,1795,100,53,84,0,1,1
23:38:35,1796,100,60,84,0,1,1
23:38:36,1797,100,56,84,0,1,1
23:38:37,1798,100,49,84,0,1,1
23:38:38,1799,100,48,84,0,1,1
23:38:39,1800,100,47,84,0,1,1
23:38:40,1801,111,44,84,0,1,1
23:38:41,1802,111,44,84,0,1,1
23:38:42,1803,111,52,84,0,1,1
23:38:43,1804,111,47,84,0,1,1
23:38:44,1805,111,53,84,0,1,1
23:38:45,1806,111,55,84,0,1,1
23:38:46,1807,111,55,84,0,1,1
23:38:47,1808,111,53,84,0,1,1
23:38:48,1809,111,56,84,0,1,1
23:38:49,1810,111,52,84,0,1,1
23:38:50,1811,105,48,84,0,1,1
23:38:51,1812,105,45,84,0,1,1
23:38:52,1813,105,46,84,0,1,1
23:38:53,1814,105,46,84,0,1,1
23:38:54,1815,105,45,84,0,1,1
23:38:55,1816,105,41,84,0,1,1
23:38:56,1817,105,41,84,0,1,1
23:38:57,1818,105,39,84,0,1,1
23:38:58,1819,105,42,84,0,1,1
23:38:59,1820,105,44,84,0,1,1
23:39:00,1821,107,44,84,0,1,1
23:39:01,1822,107,46,84,0,1,1
23:39:02,1823,107,43,84,0,1,1
23:39:03,1824,107,44,84,0,1,1
23:39:04,1825,107,47,84,0,1,1
23:39:05,1826,107,41,84,0,1,1
23:39:06,1827,107,40,84,0,1,1
23:39:07,1828,107,40,84,0,1,1
23:39:08,1829,107,41,84,0,1,1
23:39:09,1830,107,45,84,0,1,1
23:39:10,1831,101,46,84,0,1,1
23:39:11,1832,101,40,84,0,1,1
23:39:12,1833,101,42,84,0,1,1
23:39:13,1834,101,40,84,0,1,1
23:39:14,1835,101,41,84,0,1,1
23:39:15,1836,101,43,84,0,1,1
23:39:16,1837,101,43,84,0,1,1
23:39:17,1838,101,44,84,0,1,1
23:39:18,1839,101,45,84,0,1,1
23:39:19,1840,101,44,84,0,1,1
23:39:20,1841,104,44,84,0,1,1
23:39:21,1842,104,43,84,0,1,1
23:39:22,1843,104,43,84,0,1,1
23:39:23,1844,104,43,84,0,1,1
23:39:24,1845,104,45,84,0,1,1
23:39:25,1846,104,44,84,0,1,1
23:39:26,1847,104,44,84,0,1,1
23:39:27,1848,104,44,84,0,1,1
23:39:28,1849,104,37,84,0,1,1
23:39:29,1850,104,42,84,0,1,1
23:39:30,1851,107,43,84,0,1,1
23:39:31,1852,107,48,84,0,1,1
23:39:32,1853,107,34,84,0,1,1
23:39:33,1854,107,31,84,0,1,1
23:39:34,1855,107,30,84,0,1,1
23:39:35,1856,107,31,84,0,1,1
23:39:36,1857,107,32,84,0,1,1
23:39:37,1858,107,30,84,0,1,1
23:39:38,1859,107,31,84,0,1,1
23:39:39,1860,107,32,84,0,1,1
23:39:40,1861,103,33,84,0,1,1
23:39:41,1862,103,31,84,0,1,1
23:39:42,1863,103,39,84,0,1,1
23:39:43,1864,103,43,84,0,1,1
23:39:44,1865,103,41,84,0,1,1
23:39:45,1866,103,42,84,0,1,1
23:39:46,1867,103,41,84,0,1,1
23:39:47,1868,103,41,84,0,1,1
23:39:48,1869,103,42,84,0,1,1
23:39:49,1870,103,36,84,0,1,1
23:39:50,1871,102,43,84,0,1,1
23:39:51,1872,102,39,84,0,1,1
23:39:52,1873,102,46,84,0,1,1
23:39:53,1874,102,43,84,0,1,1
23:39:54,1875,102,46,84,0,1,1
23:39:55,1876,102,44,84,0,1,1
23:39:56,1877,102,45,84,0,1,1
23:39:57,1878,102,48,84,0,1,1
23:39:58,1879,102,46,84,0,1,1
23:39:59,1880,102,45,84,0,1,1
23:40:00,1881,98,45,84,0,1,1
23:40:01,1882,98,46,84,0,1,1
23:40:02,1883,98,43,84,0,1,1
23:40:03,1884,98,45,84,0,1,1
23:40:04,1885,98,43,84,0,1,1
23:40:05,1886,98,44,84,0,1,1
23:40:06,1887,98,41,84,0,1,1
23:40:07,1888,98,43,84,0,1,1
23:40:08,1889,98,41,84,0,1,1
23:40:09,1890,98,43,84,0,1,1
23:40:10,1891,99,43,84,0,1,1
23:40:11,1892,99,44,84,0,1,1
23:40:12,1893,99,44,84,0,1,1
23:40:13,1894,99,44,84,0,1,1
23:40:14,1895,99,45,84,0,1,1
23:40:15,1896,99,44,84,0,1,1
23:40:16,1897,99,44,84,0,1,1
23:40:17,1898,99,43,84,0,1,1
23:40:18,1899,99,45,84,0,1,1
23:40:19,1900,99,45,84,0,1,1
23:40:20,1901,104,44,84,0,1,1
23:40:21,1902,104,43,84,0,1,1
23:40:22,1903,104,42,84,0,1,1
23:40:23,1904,104,41,84,0,1,1
23:40:24,1905,104,43,84,0,1,1
23:40:25,1906,104,42,84,0,1,1
23:40:26,1907,104,45,84,0,1,1
23:40:27,1908,104,42,84,0,1,1
23:40:28,1909,104,43,84,0,1,1
23:40:29,1910,104,44,84,0,1,1
23:40:30,1911,106,44,84,0,1,1
23:40:31,1912,106,45,84,0,1,1
23:40:32,1913,106,44,84,0,1,1
23:40:33,1914,106,44,84,0,1,1
23:40:34,1915,106,41,84,0,1,1
23:40:35,1916,106,43,84,0,1,1
23:40:36,1917,106,41,84,0,1,1
23:40:37,1918,106,43,84,0,1,1
23:40:38,1919,106,41,84,0,1,1
23:40:39,1920,106,44,84,0,1,1
23:40:40,1921,105,42,84,0,1,1
23:40:41,1922,105,46,84,0,1,1
23:40:42,1923,105,44,84,0,1,1
23:40:43,1924,105,44,84,0,1,1
23:40:44,1925,105,43,84,0,1,1
23:40:45,1926,105,44,84,0,1,1
23:40:46,1927,105,43,84,0,1,1
23:40:47,1928,105,45,84,0,1,1
23:40:48,1929,105,44,84,0,1,1
23:40:49,1930,105,45,84,0,1,1
23:40:50,1931,110,45,84,0,1,1
23:40:51,1932,110,42,84,0,1,1
23:40:52,1933,110,44,84,0,1,1
23:40:53,1934,110,44,84,0,1,1
23:40:54,1935,110,43,84,0,1,1
23:40:55,1936,110,45,84,0,1,1
23:40:56,1937,110,45,84,0,1,1
23:40:57,1938,110,45,84,0,1,1
23:40:58,1939,110,44,84,0,1,1
23:40:59,1940,110,47,84,0,1,1
23:41:00,1941,110,48,84,0,1,1
23:41:01,1942,110,46,84,0,1,1
23:41:02,1943,110,43,84,0,1,1
23:41:03,1944,111,44,84,0,1,1
23:41:04,1945,111,44,84,0,1,1
23:41:05,1946,112,45,84,0,1,1
23:41:06,1947,113,44,84,0,1,1
23:41:07,1948,113,45,84,0,1,1
23:41:08,1949,113,43,84,0,1,1
23:41:09,1950,113,44,84,0,1,1
23:41:10,1951,113,43,84,0,1,1
23:41:11,1952,113,44,84,0,1,1
23:41:12,1953,113,44,84,0,1,1
23:41:13,1954,113,44,84,0,1,1
23:41:14,1955,113,43,84,0,1,1
23:41:15,1956,113,42,84,0,1,1
23:41:16,1957,113,43,84,0,1,1
23:41:17,1958,113,43,84,0,1,1
23:41:18,1959,113,42,84,0,1,1
23:41:19,1960,113,44,84,0,1,1
23:41:20,1961,111,43,84,0,1,1
23:41:21,1962,111,42,84,0,1,1
23:41:22,1963,111,46,84,0,1,1
23:41:23,1964,111,45,84,0,1,1
23:41:24,1965,111,48,84,0,1,1
23:41:25,1966,111,44,84,0,1,1
23:41:26,1967,111,45,84,0,1,1
23:41:27,1968,111,44,84,0,1,1
23:41:28,1969,111,44,84,0,1,1
23:41:29,1970,111,45,84,0,1,1
23:41:30,1971,100,44,84,0,1,1
23:41:31,1972,100,43,84,0,1,1
23:41:32,1973,100,44,84,0,1,1
23:41:33,1974,100,43,84,0,1,1
23:41:34,1975,100,43,84,0,1,1
23:41:35,1976,100,44,84,0,1,1
23:41:36,1977,100,44,84,0,1,1
23:41:37,1978,100,45,84,0,1,1
23:41:38,1979,100,46,84,0,1,1
23:41:39,1980,100,45,84,0,1,1
23:41:40,1981,103,43,84,0,1,1
23:41:41,1982,103,45,84,0,1,1
23:41:42,1983,103,44,84,0,1,1
23:41:43,1984,103,43,84,0,1,1
23:41:44,1985,103,44,84,0,1,1
23:41:45,1986,103,44,84,0,1,1
23:41:46,1987,103,45,84,0,1,1
23:41:47,1988,110,44,84,0,1,1
23:41:48,1989,110,44,84,0,1,1
23:41:49,1990,110,45,84,0,1,1
23:41:50,1991,110,46,84,0,1,1
23:41:51,1992,110,43,84,0,1,1
23:41:52,1993,110,43,84,0,1,1
23:41:53,1994,110,42,84,0,1,1
23:41:54,1995,110,44,84,0,1,1
23:41:55,1996,110,43,84,0,1,1
23:41:56,1997,110,42,84,0,1,1
23:41:57,1998,110,43,84,0,1,1
23:41:58,1999,110,43,84,0,1,1
23:41:59,2000,109,45,84,0,1,1
23:42:00,2001,109,44,84,0,1,1
23:42:01,2002,109,43,84,0,1,1
23:42:02,2003,109,44,84,0,1,1
23:42:03,2004,109,43,84,0,1,1
23:42:04,2005,109,41,84,0,1,1
23:42:05,2006,109,44,84,0,1,1
23:42:06,2007,109,43,84,0,1,1
23:42:07,2008,109,41,84,0,1,1
23:42:08,2009,109,42,84,0,1,1
23:42:09,2010,109,41,84,0,1,1
23:42:10,2011,108,43,84,0,1,1
23:42:11,2012,108,44,84,0,1,1
23:42:12,2013,108,42,84,0,1,1
23:42:13,2014,108,42,84,0,1,1
23:42:14,2015,108,44,84,0,1,1
23:42:15,2016,108,43,84,0,1,1
23:42:16,2017,108,42,84,0,1,1
23:42:17,2018,108,42,84,0,1,1
23:42:18,2019,108,44,84,0,1,1
23:42:19,2020,108,44,84,0,1,1
23:42:20,2021,96,44,84,0,1,1
23:42:21,2022,96,40,84,0,1,1
23:42:22,2023,96,37,84,0,1,1
23:42:23,2024,96,44,84,0,1,1
23:42:24,2025,96,43,84,0,1,1
23:42:25,2026,96,45,84,0,1,1
23:42:26,2027,96,42,84,0,1,1
23:42:27,2028,96,44,84,0,1,1
23:42:28,2029,96,43,84,0,1,1
23:42:29,2030,101,44,84,0,1,1
23:42:30,2031,102,44,84,0,1,1
23:42:31,2032,102,44,82,0,1,1
23:42:32,2033,102,46,82,0,1,1
23:42:33,2034,103,42,82,0,1,1
23:42:34,2035,103,45,82,0,1,1
23:42:35,2036,103,44,82,0,1,1
23:42:36,2037,103,44,82,0,1,1
23:42:37,2038,103,41,82,0,1,1
23:42:38,2039,103,42,82,0,1,1
23:42:39,2040,103,41,82,0,1,1
23:42:40,2041,103,44,82,0,1,1
23:42:41,2042,103,43,82,0,1,1
23:42:42,2043,103,45,82,0,1,1
23:42:43,2044,103,46,82,0,1,1
23:42:44,2045,103,44,82,0,1,1
23:42:45,2046,103,44,82,0,1,1
23:42:46,2047,103,44,82,0,1,1
23:42:47,2048,103,44,82,0,1,1
23:42:48,2049,103,40,82,0,1,1
23:42:49,2050,103,43,82,0,1,1
23:42:50,2051,105,42,82,0,1,1
23:42:51,2052,105,42,82,0,1,1
23:42:52,2053,105,43,82,0,1,1
23:42:53,2054,105,43,82,0,1,1
23:42:54,2055,105,41,82,0,1,1
23:42:55,2056,105,45,82,0,1,1
23:42:56,2057,105,43,82,0,1,1
23:42:57,2058,105,45,82,0,1,1
23:42:58,2059,105,43,82,0,1,1
23:42:59,2060,105,45,82,0,1,1
23:43:00,2061,102,43,82,0,1,1
23:43:01,2062,102,44,82,0,1,1
23:43:02,2063,102,43,82,0,1,1
23:43:03,2064,102,44,82,0,1,1
23:43:04,2065,102,43,82,0,1,1
23:43:05,2066,102,43,82,0,1,1
23:43:06,2067,102,44,82,0,1,1
23:43:07,2068,102,43,82,0,1,1
23:43:08,2069,102,42,82,0,1,1
23:43:09,2070,102,42,82,0,1,1
23:43:10,2071,103,43,82,0,1,1
23:43:11,2072,103,42,82,0,1,1
23:43:12,2073,103,45,82,0,1,1
23:43:13,2074,103,43,82,0,1,1
23:43:14,2075,103,45,82,0,1,1
23:43:15,2076,103,42,82,0,1,1
23:43:16,2077,103,45,82,0,1,1
23:43:17,2078,103,45,82,0,1,1
23:43:18,2079,103,43,82,0,1,1
23:43:19,2080,103,44,82,0,1,1
23:43:20,2081,104,43,82,0,1,1
23:43:21,2082,104,35,82,0,1,1
23:43:22,2083,104,32,82,0,1,1
23:43:23,2084,104,30,82,0,1,1
23:43:24,2085,104,29,82,0,1,1
23:43:25,2086,104,31,82,0,1,1
23:43:26,2087,104,30,82,0,1,1
23:43:27,2088,104,41,82,0,1,1
23:43:28,2089,104,35,82,0,1,1
23:43:29,2090,104,38,82,0,1,1
23:43:30,2091,104,41,82,0,1,1
23:43:31,2092,104,42,82,0,1,1
23:43:32,2093,104,38,82,0,1,1
23:43:33,2094,104,38,82,0,1,1
23:43:34,2095,104,40,82,0,1,1
23:43:35,2096,104,42,82,0,1,1
23:43:36,2097,104,42,82,0,1,1
23:43:37,2098,104,42,82,0,1,1
23:43:38,2099,104,41,82,0,1,1
23:43:39,2100,104,40,82,0,1,1
23:43:40,2101,105,40,82,0,1,1
23:43:41,2102,105,42,82,0,1,1
23:43:42,2103,105,41,82,0,1,1
23:43:43,2104,105,41,82,0,1,1
23:43:44,2105,105,42,82,0,1,1
23:43:45,2106,105,42,82,0,1,1
23:43:46,2107,105,41,82,0,1,1
23:43:47,2108,105,36,82,0,1,1
23:43:48,2109,105,38,82,0,1,1
23:43:49,2110,105,41,82,0,1,1
23:43:50,2111,104,41,82,0,1,1
23:43:51,2112,104,43,82,0,1,1
23:43:52,2113,104,41,82,0,1,1
23:43:53,2114,104,41,82,0,1,1
23:43:54,2115,104,41,82,0,1,1
23:43:55,2116,104,40,82,0,1,1
23:43:56,2117,104,43,82,0,1,1
23:43:57,2118,104,43,82,0,1,1
23:43:58,2119,104,41,82,0,1,1
23:43:59,2120,104,42,82,0,1,1
23:44:00,2121,104,43,82,0,1,1
23:44:01,2122,104,42,82,0,1,1
23:44:02,2123,104,40,82,0,1,1
23:44:03,2124,104,41,82,0,1,1
23:44:04,2125,104,41,82,0,1,1
23:44:05,2126,104,42,82,0,1,1
23:44:06,2127,104,42,82,0,1,1
23:44:07,2128,107,43,82,0,1,1
23:44:08,2129,107,40,82,0,1,1
23:44:09,2130,106,42,82,0,1,1
23:44:10,2131,106,43,82,0,1,1
23:44:11,2132,106,41,82,0,1,1
23:44:12,2133,106,41,82,0,1,1
23:44:13,2134,106,42,82,0,1,1
23:44:14,2135,106,43,82,0,1,1
23:44:15,2136,105,42,82,0,1,1
23:44:16,2137,105,42,82,0,1,1
23:44:17,2138,105,41,82,0,1,1
23:44:18,2139,105,41,82,0,1,1
23:44:19,2140,105,41,82,0,1,1
23:44:20,2141,105,41,82,0,1,1
23:44:21,2142,105,43,82,0,1,1
23:44:22,2143,105,42,82,0,1,1
23:44:23,2144,105,42,82,0,1,1
23:44:24,2145,105,42,82,0,1,1
23:44:25,2146,105,41,82,0,1,1
23:44:26,2147,105,43,82,0,1,1
23:44:27,2148,105,40,82,0,1,1
23:44:28,2149,105,43,82,0,1,1
23:44:29,2150,105,42,82,0,1,1
23:44:30,2151,103,42,82,0,1,1
23:44:31,2152,103,43,82,0,1,1
23:44:32,2153,103,41,82,0,1,1
23:44:33,2154,103,39,82,0,1,1
23:44:34,2155,103,41,82,0,1,1
23:44:35,2156,103,43,82,0,1,1
23:44:36,2157,103,44,82,0,1,1
23:44:37,2158,103,38,82,0,1,1
23:44:38,2159,103,40,82,0,1,1
23:44:39,2160,103,42,82,0,1,1
23:44:40,2161,104,42,82,0,1,1
23:44:41,2162,104,42,82,0,1,1
23:44:42,2163,104,45,82,0,1,1
23:44:43,2164,104,44,82,0,1,1
23:44:44,2165,104,43,31,0,1,1
23:44:45,2166,104,43,69,0,1,1
23:44:46,2167,104,44,69,0,1,1
23:44:47,2168,104,41,69,0,1,1
23:44:48,2169,104,42,69,0,1,1
23:44:49,2170,104,43,69,0,1,1
23:44:50,2171,100,41,69,0,1,1
23:44:51,2172,100,44,69,0,1,1
23:44:52,2173,100,41,69,0,1,1
23:44:53,2174,100,42,69,0,1,1
23:44:54,2175,100,44,69,0,1,1
23:44:55,2176,100,44,69,0,1,1
23:44:56,2177,100,45,69,0,1,1
23:44:57,2178,100,43,69,0,1,1
23:44:58,2179,100,41,69,0,1,1
23:44:59,2180,100,41,69,0,1,1
23:45:00,2181,100,44,69,0,1,1
23:45:01,2182,100,42,69,0,1,1
23:45:02,2183,101,41,69,0,1,1
23:45:03,2184,101,41,69,0,1,1
23:45:04,2185,101,42,69,0,1,1
23:45:05,2186,101,42,69,0,1,1
23:45:06,2187,101,41,69,0,1,1
23:45:07,2188,101,41,69,0,1,1
23:45:08,2189,101,44,69,0,1,1
23:45:09,2190,101,42,69,0,1,1
23:45:10,2191,101,43,69,0,1,1
23:45:11,2192,101,43,69,0,1,1
23:45:12,2193,101,41,69,0,1,1
23:45:13,2194,101,42,69,0,1,1
23:45:14,2195,101,43,69,0,1,1
23:45:15,2196,101,43,69,0,1,1
23:45:16,2197,101,42,69,0,1,1
23:45:17,2198,101,39,69,0,1,1
23:45:18,2199,101,43,69,0,1,1
23:45:19,2200,101,43,69,0,1,1
23:45:20,2201,101,43,69,0,1,1
23:45:21,2202,101,43,69,0,1,1
23:45:22,2203,101,40,69,0,1,1
23:45:23,2204,101,41,69,0,1,1
23:45:24,2205,101,41,69,0,1,1
23:45:25,2206,101,41,69,0,1,1
23:45:26,2207,101,43,69,0,1,1
23:45:27,2208,101,43,69,0,1,1
23:45:28,2209,101,43,69,0,1,1
23:45:29,2210,101,43,69,0,1,1
23:45:30,2211,100,43,69,0,1,1
23:45:31,2212,100,42,69,0,1,1
23:45:32,2213,100,39,69,0,1,1
23:45:33,2214,101,42,69,0,1,1
23:45:34,2215,102,45,69,0,1,1
23:45:35,2216,102,43,69,0,1,1
23:45:36,2217,103,42,69,0,1,1
23:45:37,2218,103,41,69,0,1,1
23:45:38,2219,103,40,69,0,1,1
23:45:39,2220,103,42,69,0,1,1
23:45:40,2221,103,43,69,0,1,1
23:45:41,2222,103,43,69,0,1,1
23:45:42,2223,103,42,69,0,1,1
23:45:43,2224,103,43,69,0,1,1
23:45:44,2225,103,43,69,0,1,1
23:45:45,2226,103,43,69,0,1,1
23:45:46,2227,103,45,69,0,1,1
23:45:47,2228,103,43,69,0,1,1
23:45:48,2229,103,42,69,0,1,1
23:45:49,2230,103,43,69,0,1,1
23:45:50,2231,102,42,69,0,1,1
23:45:51,2232,102,40,69,0,1,1
23:45:52,2233,102,40,69,0,1,1
23:45:53,2234,102,39,69,0,1,1
23:45:54,2235,102,40,69,0,1,1
23:45:55,2236,102,41,69,0,1,1
23:45:56,2237,102,43,69,0,1,1
23:45:57,2238,102,43,69,0,1,1
23:45:58,2239,102,43,69,0,1,1
23:45:59,2240,102,43,69,0,1,1
23:46:00,2241,97,42,69,0,1,1
23:46:01,2242,97,47,69,0,1,1
23:46:02,2243,97,44,69,0,1,1
23:46:03,2244,97,43,69,0,1,1
23:46:04,2245,97,40,69,0,1,1
23:46:05,2246,97,45,69,0,1,1
23:46:06,2247,97,47,69,0,1,1
23:46:07,2248,97,42,69,0,1,1
23:46:08,2249,97,43,69,0,1,1
23:46:09,2250,97,43,69,0,1,1
23:46:10,2251,107,39,69,0,1,1
23:46:11,2252,107,45,69,0,1,1
23:46:12,2253,107,40,69,0,1,1
23:46:13,2254,107,46,69,0,1,1
23:46:14,2255,108,43,69,0,1,1
23:46:15,2256,108,44,69,0,1,1
23:46:16,2257,108,44,69,0,1,1
23:46:17,2258,107,41,69,0,1,1
23:46:18,2259,107,41,69,0,1,1
23:46:19,2260,107,47,69,0,1,1
23:46:20,2261,107,44,69,0,1,1
23:46:21,2262,107,44,69,0,1,1
23:46:22,2263,107,42,69,0,1,1
23:46:23,2264,107,40,69,0,1,1
23:46:24,2265,107,42,69,0,1,1
23:46:25,2266,107,41,69,0,1,1
23:46:26,2267,107,41,69,0,1,1
23:46:27,2268,107,41,69,0,1,1
23:46:28,2269,107,42,69,0,1,1
23:46:29,2270,107,41,69,0,1,1
23:46:30,2271,107,43,69,0,1,1
23:46:31,2272,107,44,69,0,1,1
23:46:32,2273,107,41,69,0,1,1
23:46:33,2274,107,40,69,0,1,1
23:46:34,2275,107,44,69,0,1,1
23:46:35,2276,107,42,69,0,1,1
23:46:36,2277,107,39,69,0,1,1
23:46:37,2278,107,39,69,0,1,1
23:46:38,2279,107,43,69,0,1,1
23:46:39,2280,107,43,69,0,1,1
23:46:40,2281,108,43,69,0,1,1
23:46:41,2282,108,42,69,0,1,1
23:46:42,2283,108,42,69,0,1,1
23:46:43,2284,108,43,69,0,1,1
23:46:44,2285,108,44,69,0,1,1
23:46:45,2286,108,42,69,0,1,1
23:46:46,2287,108,41,69,0,1,1
23:46:47,2288,108,40,69,0,1,1
23:46:48,2289,108,40,69,0,1,1
23:46:49,2290,108,41,69,0,1,1
23:46:50,2291,108,42,69,0,1,1
23:46:51,2292,108,42,69,0,1,1
23:46:52,2293,108,41,69,0,1,1
23:46:53,2294,108,45,69,0,1,1
23:46:54,2295,108,43,69,0,1,1
23:46:55,2296,108,40,69,0,1,1
23:46:56,2297,108,44,69,0,1,1
23:46:57,2298,108,41,69,0,1,1
23:46:58,2299,108,38,69,0,1,1
23:46:59,2300,108,42,69,0,1,1
23:47:00,2301,108,43,69,0,1,1
23:47:01,2302,108,42,69,0,1,1
23:47:02,2303,108,41,69,0,1,1
23:47:03,2304,108,45,69,0,1,1
23:47:04,2305,108,39,69,0,1,1
23:47:05,2306,108,40,69,0,1,1
23:47:06,2307,108,42,69,0,1,1
23:47:07,2308,108,42,69,0,1,1
23:47:08,2309,108,43,69,0,1,1
23:47:09,2310,108,45,69,0,1,1
23:47:10,2311,105,41,69,0,1,1
23:47:11,2312,105,45,69,0,1,1
23:47:12,2313,105,48,69,0,1,1
23:47:13,2314,105,43,69,0,1,1
23:47:14,2315,105,42,69,0,1,1
23:47:15,2316,105,42,69,0,1,1
23:47:16,2317,105,41,69,0,1,1
23:47:17,2318,105,42,69,0,1,1
23:47:18,2319,105,46,69,0,1,1
23:47:19,2320,105,47,69,0,1,1
23:47:20,2321,101,44,69,0,1,1
23:47:21,2322,101,44,69,0,1,1
23:47:22,2323,101,45,69,0,1,1
23:47:23,2324,101,43,69,0,1,1
23:47:24,2325,101,45,69,0,1,1
23:47:25,2326,101,46,69,0,1,1
23:47:26,2327,101,45,69,0,1,1
23:47:27,2328,101,46,69,0,1,1
23:47:28,2329,101,33,69,0,1,1
23:47:29,2330,101,33,69,0,1,1
23:47:30,2331,97,32,69,0,1,1
23:47:31,2332,97,32,69,0,1,1
23:47:32,2333,97,32,69,0,1,1
23:47:33,2334,97,31,69,0,1,1
23:47:34,2335,97,33,69,0,1,1
23:47:35,2336,97,32,69,0,1,1
23:47:36,2337,97,31,69,0,1,1
23:47:37,2338,97,31,69,0,1,1
23:47:38,2339,97,31,69,0,1,1
23:47:39,2340,97,31,69,0,1,1
23:47:40,2341,92,29,69,0,1,1
23:47:41,2342,92,31,69,0,1,1
23:47:42,2343,92,32,69,0,1,1
23:47:43,2344,92,33,69,0,1,1
23:47:44,2345,92,32,69,0,1,1
23:47:45,2346,92,33,69,0,1,1
23:47:46,2347,92,32,69,0,1,1
23:47:47,2348,92,32,69,0,1,1
23:47:48,2349,92,42,69,0,1,1
23:47:49,2350,92,34,69,0,1,1
23:47:50,2351,92,33,69,0,1,1
23:47:51,2352,92,36,69,0,1,1
23:47:52,2353,92,33,69,0,1,1
23:47:53,2354,92,35,69,0,1,1
23:47:54,2355,92,34,69,0,1,1
23:47:55,2356,92,33,69,0,1,1
23:47:56,2357,92,34,69,0,1,1
23:47:57,2358,92,33,69,0,1,1
23:47:58,2359,92,33,69,0,1,1
23:47:59,2360,92,33,69,0,1,1
23:48:00,2361,95,32,69,0,1,1
23:48:01,2362,95,32,69,0,1,1
23:48:02,2363,95,32,69,0,1,1
23:48:03,2364,95,30,69,0,1,1
23:48:04,2365,95,32,69,0,1,1
23:48:05,2366,95,31,69,0,1,1
23:48:06,2367,95,31,69,0,1,1
23:48:07,2368,95,32,69,0,1,1
23:48:08,2369,95,32,69,0,1,1
23:48:09,2370,95,33,69,0,1,1
23:48:10,2371,96,44,69,0,1,1
23:48:11,2372,96,33,69,0,1,1
23:48:12,2373,96,34,69,0,1,1
23:48:13,2374,96,33,69,0,1,1
23:48:14,2375,96,33,69,0,1,1
23:48:15,2376,96,33,69,0,1,1
23:48:16,2377,96,33,69,0,1,1
23:48:17,2378,96,33,69,0,1,1
23:48:18,2379,96,32,69,0,1,1
23:48:19,2380,96,34,69,0,1,1
23:48:20,2381,96,34,69,0,1,1
23:48:21,2382,96,33,69,0,1,1
23:48:22,2383,96,33,69,0,1,1
23:48:23,2384,96,33,69,0,1,1
23:48:24,2385,96,34,69,0,1,1
23:48:25,2386,96,32,69,0,1,1
23:48:26,2387,96,34,69,0,1,1
23:48:27,2388,96,34,69,0,1,1
23:48:28,2389,96,32,69,0,1,1
23:48:29,2390,96,32,69,0,1,1
23:48:30,2391,95,33,69,0,1,1
23:48:31,2392,95,32,69,0,1,1
23:48:32,2393,95,32,69,0,1,1
23:48:33,2394,95,30,69,0,1,1
23:48:34,2395,95,32,69,0,1,1
23:48:35,2396,95,30,69,0,1,1
23:48:36,2397,95,32,69,0,1,1
23:48:37,2398,95,30,69,0,1,1
23:48:38,2399,95,30,69,0,1,1
23:48:39,2400,95,32,69,0,1,1
23:48:40,2401,96,31,69,0,1,1
23:48:41,2402,96,29,69,0,1,1
23:48:42,2403,96,33,69,0,1,1
23:48:43,2404,96,37,69,0,1,1
23:48:44,2405,96,39,69,0,1,1
23:48:45,2406,96,31,69,0,1,1
23:48:46,2407,96,32,69,0,1,1
23:48:47,2408,96,32,69,0,1,1
23:48:48,2409,96,31,69,0,1,1
23:48:49,2410,96,33,69,0,1,1
23:48:50,2411,96,32,69,0,1,1
23:48:51,2412,96,32,69,0,1,1
23:48:52,2413,96,32,69,0,1,1
23:48:53,2414,96,32,69,0,1,1
23:48:54,2415,96,33,69,0,1,1
23:48:55,2416,96,32,69,0,1,1
23:48:56,2417,96,32,69,0,1,1
23:48:57,2418,96,33,69,0,1,1
23:48:58,2419,96,33,69,0,1,1
23:48:59,2420,96,34,69,0,1,1
23:49:00,2421,96,32,69,0,1,1
23:49:01,2422,96,33,69,0,1,1
23:49:02,2423,96,34,69,0,1,1
23:49:03,2424,96,32,69,0,1,1
23:49:04,2425,96,32,69,0,1,1
23:49:05,2426,96,33,69,0,1,1
23:49:06,2427,96,33,69,0,1,1
23:49:07,2428,96,34,69,0,1,1
23:49:08,2429,96,33,69,0,1,1
23:49:09,2430,96,33,69,0,1,1
23:49:10,2431,96,34,69,0,1,1
23:49:11,2432,96,32,69,0,1,1
23:49:12,2433,96,33,69,0,1,1
23:49:13,2434,96,32,69,0,1,1
23:49:14,2435,96,33,69,0,1,1
23:49:15,2436,96,32,69,0,1,1
23:49:16,2437,96,31,69,0,1,1
23:49:17,2438,96,34,69,0,1,1
23:49:18,2439,96,32,69,0,1,1
23:49:19,2440,96,30,69,0,1,1
23:49:20,2441,104,32,69,0,1,1
23:49:21,2442,104,32,69,0,1,1
23:49:22,2443,104,32,69,0,1,1
23:49:23,2444,104,29,69,0,1,1
23:49:24,2445,104,30,69,0,1,1
23:49:25,2446,104,33,69,0,1,1
23:49:26,2447,103,30,69,0,1,1
23:49:27,2448,103,29,69,0,1,1
23:49:28,2449,103,32,69,0,1,1
23:49:29,2450,103,36,69,0,1,1
23:49:30,2451,103,32,69,0,1,1
23:49:31,2452,104,29,69,0,1,1
23:49:32,2453,105,33,69,0,1,1
23:49:33,2454,106,32,69,0,1,1
23:49:34,2455,107,32,69,0,1,1
23:49:35,2456,107,30,69,0,1,1
23:49:36,2457,107,30,69,0,1,1
23:49:37,2458,106,33,69,0,1,1
23:49:38,2459,106,33,69,0,1,1
23:49:39,2460,105,31,69,0,1,1
23:49:40,2461,104,30,69,0,1,1
23:49:41,2462,103,33,69,0,1,1
23:49:42,2463,102,34,69,0,1,1
23:49:43,2464,102,32,69,0,1,1
23:49:44,2465,102,31,69,0,1,1
23:49:45,2466,102,32,69,0,1,1
23:49:46,2467,102,32,69,0,1,1
23:49:47,2468,102,33,69,0,1,1
23:49:48,2469,102,33,69,0,1,1
23:49:49,2470,102,33,69,0,1,1
23:49:50,2471,102,35,69,0,1,1
23:49:51,2472,102,38,69,0,1,1
23:49:52,2473,102,32,69,0,1,1
23:49:53,2474,102,34,69,0,1,1
23:49:54,2475,100,34,69,0,1,1
23:49:55,2476,99,33,69,0,1,1
23:49:56,2477,98,34,69,0,1,1
23:49:57,2478,96,35,69,0,1,1
23:49:58,2479,96,34,69,0,1,1
23:49:59,2480,96,39,69,0,1,1
23:50:00,2481,97,33,69,0,1,1
23:50:01,2482,97,34,69,0,1,1
23:50:02,2483,96,35,69,0,1,1
23:50:03,2484,96,36,69,0,1,1
23:50:04,2485,95,35,69,0,1,1
23:50:05,2486,95,36,69,0,1,1
23:50:06,2487,95,33,69,0,1,1
23:50:07,2488,95,31,69,0,1,1
23:50:08,2489,95,31,69,0,1,1
23:50:09,2490,95,30,69,0,1,1
23:50:10,2491,95,31,69,0,1,1
23:50:11,2492,95,31,69,0,1,1
23:50:12,2493,95,32,69,0,1,1
23:50:13,2494,95,32,69,0,1,1
23:50:14,2495,95,30,69,0,1,1
23:50:15,2496,95,36,69,0,1,1
23:50:16,2497,94,41,69,0,1,1
23:50:17,2498,94,33,69,0,1,1
23:50:18,2499,93,34,69,0,1,1
23:50:19,2500,92,33,69,0,1,1
23:50:20,2501,92,34,69,0,1,1
23:50:21,2502,91,34,69,0,1,1
23:50:22,2503,91,33,69,0,1,1
23:50:23,2504,91,34,69,0,1,1
23:50:24,2505,91,32,69,0,1,1
23:50:25,2506,91,32,69,0,1,1
23:50:26,2507,91,34,69,0,1,1
23:50:27,2508,91,33,69,0,1,1
23:50:28,2509,91,33,69,0,1,1
23:50:29,2510,91,32,69,0,1,1
23:50:30,2511,90,32,69,0,1,1
23:50:31,2512,90,34,69,0,1,1
23:50:32,2513,90,31,69,0,1,1
23:50:33,2514,90,31,69,0,1,1
23:50:34,2515,90,31,69,0,1,1
23:50:35,2516,90,32,69,0,1,1
23:50:36,2517,90,33,69,0,1,1
23:50:37,2518,90,31,69,0,1,1
23:50:38,2519,90,32,69,0,1,1
23:50:39,2520,90,31,69,0,1,1
23:50:40,2521,87,34,69,0,1,1
23:50:41,2522,87,36,69,0,1,1
23:50:42,2523,87,33,69,0,1,1
23:50:43,2524,87,34,69,0,1,1
23:50:44,2525,87,33,69,0,1,1
23:50:45,2526,87,34,69,0,1,1
23:50:46,2527,87,35,69,0,1,1
23:50:47,2528,86,36,69,0,1,1
23:50:48,2529,85,34,69,0,1,1
23:50:49,2530,85,34,69,0,1,1
23:50:50,2531,85,34,69,0,1,1
23:50:51,2532,85,34,69,0,1,1
23:50:52,2533,85,33,69,0,1,1
23:50:53,2534,85,33,69,0,1,1
23:50:54,2535,85,33,69,0,1,1
23:50:55,2536,85,34,69,0,1,1
23:50:56,2537,85,31,69,0,1,1
23:50:57,2538,85,31,69,0,1,1
23:50:58,2539,85,33,69,0,1,1
23:50:59,2540,85,32,69,0,1,1
23:51:00,2541,85,31,69,0,1,1
23:51:01,2542,85,32,69,0,1,1
23:51:02,2543,85,31,69,0,1,1
23:51:03,2544,85,31,69,0,1,1
23:51:04,2545,85,31,69,0,1,1
23:51:05,2546,85,32,69,0,1,1
23:51:06,2547,84,32,69,0,1,1
23:51:07,2548,84,30,69,0,1,1
23:51:08,2549,84,31,69,0,1,1
23:51:09,2550,84,32,69,0,1,1
23:51:10,2551,84,32,69,0,1,1
23:51:11,2552,84,34,69,0,1,1
23:51:12,2553,84,32,69,0,1,1
23:51:13,2554,84,33,69,0,1,1
23:51:14,2555,84,32,69,0,1,1
23:51:15,2556,84,32,69,0,1,1
23:51:16,2557,84,32,69,0,1,1
23:51:17,2558,84,32,69,0,1,1
23:51:18,2559,84,33,69,0,1,1
23:51:19,2560,84,33,79,0,1,1
23:51:20,2561,84,32,79,0,1,1
23:51:21,2562,84,33,79,0,1,1
23:51:22,2563,84,34,79,0,1,1
23:51:23,2564,84,33,79,0,1,1
23:51:24,2565,84,34,79,0,1,1
23:51:25,2566,84,34,79,0,1,1
23:51:26,2567,84,34,79,0,1,1
23:51:27,2568,84,34,79,0,1,1
23:51:28,2569,84,34,79,0,1,1
23:51:29,2570,84,34,79,0,1,1
23:51:30,2571,84,33,79,0,1,1
23:51:31,2572,84,32,79,0,1,1
23:51:32,2573,84,33,79,0,1,1
23:51:33,2574,84,33,79,0,1,1
23:51:34,2575,84,34,79,0,1,1
23:51:35,2576,84,35,79,0,1,1
23:51:36,2577,84,32,79,0,1,1
23:51:37,2578,84,34,79,0,1,1
23:51:38,2579,84,34,79,0,1,1
23:51:39,2580,84,32,79,0,1,1
23:51:40,2581,84,32,79,0,1,1
23:51:41,2582,84,32,79,0,1,1
23:51:42,2583,84,31,79,0,1,1
23:51:43,2584,84,32,79,0,1,1
23:51:44,2585,84,33,79,0,1,1
23:51:45,2586,84,31,79,0,1,1
23:51:46,2587,84,32,79,0,1,1
23:51:47,2588,84,33,79,0,1,1
23:51:48,2589,84,34,79,0,1,1
23:51:49,2590,84,31,79,0,1,1
23:51:50,2591,84,33,79,0,1,1
23:51:51,2592,84,33,79,0,1,1
23:51:52,2593,84,33,79,0,1,1
23:51:53,2594,84,32,79,0,1,1
23:51:54,2595,84,33,79,0,1,1
23:51:55,2596,84,34,79,0,1,1
23:51:56,2597,84,33,79,0,1,1
23:51:57,2598,84,32,79,0,1,1
23:51:58,2599,84,33,79,0,1,1
23:51:59,2600,84,34,79,0,1,1
23:52:00,2601,87,32,79,0,1,1
23:52:01,2602,87,31,79,0,1,1
23:52:02,2603,87,33,79,0,1,1
23:52:03,2604,87,31,79,0,1,1
23:52:04,2605,87,32,79,0,1,1
23:52:05,2606,87,31,79,0,1,1
23:52:06,2607,87,32,79,0,1,1
23:52:07,2608,87,32,79,0,1,1
23:52:08,2609,87,31,79,0,1,1
23:52:09,2610,87,31,79,0,1,1
23:52:10,2611,88,33,79,0,1,1
23:52:11,2612,88,35,79,0,1,1
23:52:12,2613,88,31,79,0,1,1
23:52:13,2614,88,32,79,0,1,1
23:52:14,2615,88,33,79,0,1,1
23:52:15,2616,88,33,79,0,1,1
23:52:16,2617,88,34,79,0,1,1
23:52:17,2618,88,34,79,0,1,1
23:52:18,2619,88,33,79,0,1,1
23:52:19,2620,88,32,79,0,1,1
23:52:20,2621,93,32,79,0,1,1
23:52:21,2622,93,34,79,0,1,1
23:52:22,2623,93,33,79,0,1,1
23:52:23,2624,93,31,79,0,1,1
23:52:24,2625,93,34,79,0,1,1
23:52:25,2626,93,33,79,0,1,1
23:52:26,2627,93,32,79,0,1,1
23:52:27,2628,93,30,79,0,1,1
23:52:28,2629,93,31,79,0,1,1
23:52:29,2630,93,34,79,0,1,1
23:52:30,2631,92,32,79,0,1,1
23:52:31,2632,92,32,79,0,1,1
23:52:32,2633,92,33,79,0,1,1
23:52:33,2634,92,33,79,0,1,1
23:52:34,2635,92,33,79,0,1,1
23:52:35,2636,92,32,79,0,1,1
23:52:36,2637,92,35,79,0,1,1
23:52:37,2638,92,33,79,0,1,1
23:52:38,2639,92,31,79,0,1,1
23:52:39,2640,92,34,79,0,1,1
23:52:40,2641,91,32,79,0,1,1
23:52:41,2642,91,32,79,0,1,1
23:52:42,2643,91,32,79,0,1,1
23:52:43,2644,91,34,79,0,1,1
23:52:44,2645,91,33,79,0,1,1
23:52:45,2646,91,32,79,0,1,1
23:52:46,2647,91,31,79,0,1,1
23:52:47,2648,91,33,79,0,1,1
23:52:48,2649,91,32,79,0,1,1
23:52:49,2650,91,31,79,0,1,1
23:52:50,2651,91,32,79,0,1,1
23:52:51,2652,91,33,79,0,1,1
23:52:52,2653,91,34,79,0,1,1
23:52:53,2654,91,33,79,0,1,1
23:52:54,2655,91,33,79,0,1,1
23:52:55,2656,91,34,79,0,1,1
23:52:56,2657,91,33,79,0,1,1
23:52:57,2658,91,37,79,0,1,1
23:52:58,2659,91,43,79,0,1,1
23:52:59,2660,91,39,79,0,1,1
23:53:00,2661,91,52,79,0,1,1
23:53:01,2662,91,42,79,0,1,1
23:53:02,2663,91,33,79,0,1,1
23:53:03,2664,91,33,79,0,1,1
23:53:04,2665,91,35,79,0,1,1
23:53:05,2666,91,37,79,0,1,1
23:53:06,2667,91,38,79,0,1,1
23:53:07,2668,91,35,79,0,1,1
23:53:08,2669,91,37,79,0,1,1
23:53:09,2670,91,35,79,0,1,1
23:53:10,2671,91,37,79,0,1,1
23:53:11,2672,91,34,79,0,1,1
23:53:12,2673,91,34,79,0,1,1
23:53:13,2674,91,39,79,0,1,1
23:53:14,2675,91,36,79,0,1,1
23:53:15,2676,91,41,79,0,1,1
23:53:16,2677,91,37,79,0,1,1
23:53:17,2678,91,40,79,0,1,1
23:53:18,2679,91,33,79,0,1,1
23:53:19,2680,91,33,79,0,1,1
23:53:20,2681,91,32,79,0,1,1
23:53:21,2682,91,39,79,0,1,1
23:53:22,2683,91,38,79,0,1,1
23:53:23,2684,91,37,79,0,1,1
23:53:24,2685,91,43,79,0,1,1
23:53:25,2686,90,41,79,0,1,1
23:53:26,2687,90,39,70,0,1,1
23:53:27,2688,90,40,77,0,1,1
23:53:28,2689,90,41,77,0,1,1
23:53:29,2690,90,36,77,0,1,1
23:53:30,2691,90,33,77,0,1,1
23:53:31,2692,90,32,77,0,1,1
23:53:32,2693,90,33,77,0,1,1
23:53:33,2694,90,34,77,0,1,1
23:53:34,2695,90,34,77,0,1,1
23:53:35,2696,89,31,77,0,1,1
23:53:36,2697,89,32,77,0,1,1
23:53:37,2698,89,34,77,0,1,1
