Time_Val,Time_sec,Heart_Rate,Sound,Light,Phone_Active,User_Attention
17:55:52,1,65,37,48,0,4
17:55:53,2,65,51,48,0,4
17:55:54,3,65,38,48,0,4
17:55:55,4,66,37,48,0,4
17:55:56,5,66,37,48,0,4
17:55:57,6,66,36,48,0,4
17:55:58,7,67,36,48,0,4
17:55:59,8,68,37,48,0,4
17:56:00,9,69,36,48,0,4
17:56:01,10,69,37,48,0,4
17:56:02,11,69,37,48,0,4
17:56:03,12,69,37,48,0,4
17:56:04,13,69,47,48,0,4
17:56:05,14,69,44,48,0,4
17:56:06,15,69,49,48,0,4
17:56:07,16,69,44,48,0,4
17:56:08,17,69,57,48,0,4
17:56:09,18,69,41,48,0,4
17:56:10,19,69,40,48,0,4
17:56:11,20,70,58,48,0,4
17:56:12,21,70,48,48,0,4
17:56:13,22,70,41,48,0,4
17:56:14,23,70,38,48,0,4
17:56:15,24,71,39,48,0,4
17:56:16,25,71,37,38,0,4
17:56:17,26,71,38,42,0,4
17:56:18,27,71,38,37,0,4
17:56:19,28,71,36,41,0,4
17:56:20,29,71,38,41,0,4
17:56:21,30,71,38,41,0,4
17:56:22,31,71,36,41,0,4
17:56:23,32,71,36,45,0,4
17:56:24,33,71,36,45,0,4
17:56:25,34,71,36,45,0,4
17:56:26,35,71,36,45,0,4
17:56:27,36,73,35,45,0,4
17:56:28,37,73,37,45,0,4
17:56:29,38,73,35,45,0,4
17:56:30,39,73,36,45,0,4
17:56:31,40,73,36,45,0,4
17:56:32,41,73,36,45,0,4
17:56:33,42,73,36,45,0,4
17:56:34,43,74,42,45,0,4
17:56:35,44,73,39,45,0,4
17:56:36,45,73,40,45,0,4
17:56:37,46,73,37,45,0,4
17:56:38,47,73,42,45,0,4
17:56:39,48,73,42,45,0,4
17:56:40,49,73,36,45,0,4
17:56:41,50,73,36,45,0,4
17:56:42,51,73,38,45,0,4
17:56:43,52,73,37,45,0,4
17:56:44,53,73,37,45,0,4
17:56:45,54,72,35,45,0,4
17:56:46,55,72,42,45,0,4
17:56:47,56,72,39,45,0,4
17:56:48,57,72,42,45,0,4
17:56:49,58,72,51,45,0,4
17:56:50,59,70,49,45,0,4
17:56:51,60,70,43,45,0,4
17:56:52,61,70,43,45,0,4
17:56:53,62,70,47,45,0,4
17:56:54,63,70,48,45,0,4
17:56:55,64,70,50,45,0,4
17:56:56,65,70,53,45,0,4
17:56:57,66,70,56,45,0,4
17:56:58,67,70,39,45,0,4
17:56:59,68,70,37,45,0,4
17:57:00,69,69,38,45,0,4
17:57:01,70,69,42,45,0,4
17:57:02,71,69,48,45,0,4
17:57:03,72,69,57,45,0,4
17:57:04,73,69,56,45,0,4
17:57:05,74,69,54,45,0,4
17:57:06,75,69,52,45,0,4
17:57:07,76,69,50,45,0,4
17:57:08,77,69,53,45,0,4
17:57:09,78,69,49,45,0,4
17:57:10,79,68,50,45,0,4
17:57:11,80,68,51,50,0,4
17:57:12,81,68,49,50,0,4
17:57:13,82,68,49,50,0,4
17:57:14,83,68,49,50,0,4
17:57:15,84,68,53,50,0,4
17:57:16,85,68,56,50,0,4
17:57:17,86,68,55,50,0,4
17:57:18,87,68,50,50,0,4
17:57:19,88,68,55,50,0,4
17:57:20,89,68,52,50,0,4
17:57:21,90,68,53,50,0,4
17:57:22,91,68,49,50,0,4
17:57:23,92,68,52,51,0,4
17:57:24,93,68,50,51,0,4
17:57:25,94,68,49,51,0,4
17:57:26,95,68,55,51,0,4
17:57:27,96,68,51,51,0,4
17:57:28,97,68,52,51,0,4
17:57:29,98,68,54,51,0,4
17:57:30,99,68,39,51,0,4
17:57:31,100,68,36,51,0,4
17:57:32,101,68,34,51,0,4
17:57:33,102,68,35,51,0,4
17:57:34,103,68,35,51,0,4
17:57:35,104,68,60,51,0,4
17:57:36,105,68,59,51,0,4
17:57:37,106,68,53,51,0,4
17:57:38,107,68,51,51,0,4
17:57:39,108,68,49,51,0,4
17:57:40,109,68,47,51,0,4
17:57:41,110,68,49,51,0,4
17:57:42,111,68,44,51,0,4
17:57:43,112,68,43,51,0,4
17:57:44,113,68,45,51,0,4
17:57:45,114,68,49,51,0,4
17:57:46,115,68,40,51,0,4
17:57:47,116,68,45,51,0,4
17:57:48,117,68,37,51,0,4
17:57:49,118,68,41,51,0,4
17:57:50,119,67,41,51,0,4
17:57:51,120,67,47,51,0,4
17:57:52,121,67,45,51,0,4
17:57:53,122,67,39,51,0,4
17:57:54,123,66,44,51,0,4
17:57:55,124,66,38,51,0,4
17:57:56,125,66,43,51,0,4
17:57:57,126,67,49,51,0,4
17:57:58,127,67,48,51,0,4
17:57:59,128,67,43,51,0,4
17:58:00,129,67,43,51,0,4
17:58:01,130,67,44,51,0,4
17:58:02,131,67,38,51,0,4
17:58:03,132,67,42,51,0,4
17:58:04,133,67,44,51,0,4
17:58:05,134,67,48,51,0,4
17:58:06,135,67,40,51,0,4
17:58:07,136,67,45,51,0,4
17:58:08,137,67,42,51,0,4
17:58:09,138,67,45,51,0,4
17:58:10,139,68,45,51,0,4
17:58:11,140,68,43,51,0,4
17:58:12,141,67,43,51,0,4
17:58:13,142,67,36,51,0,4
17:58:14,143,67,41,51,0,4
17:58:15,144,67,38,51,0,4
17:58:16,145,67,35,51,0,4
17:58:17,146,67,41,51,0,4
17:58:18,147,67,35,51,0,4
17:58:19,148,67,38,51,0,4
17:58:20,149,67,43,51,0,4
17:58:21,150,67,41,51,0,4
17:58:22,151,67,40,51,0,4
17:58:23,152,67,38,51,0,4
17:58:24,153,67,41,51,0,4
17:58:25,154,67,40,51,0,4
17:58:26,155,67,41,51,0,4
17:58:27,156,67,37,51,0,4
17:58:28,157,67,44,51,0,4
17:58:29,158,68,42,51,0,4
17:58:30,159,67,45,51,0,4
17:58:31,160,67,54,51,0,4
17:58:32,161,67,44,51,0,4
17:58:33,162,67,40,51,0,4
17:58:34,163,67,54,51,0,4
17:58:35,164,66,52,51,0,4
17:58:36,165,66,47,51,0,4
17:58:37,166,66,52,51,0,4
17:58:38,167,66,49,51,0,4
17:58:39,168,66,54,51,0,4
17:58:40,169,65,52,51,0,4
17:58:41,170,65,46,51,0,4
17:58:42,171,65,46,51,0,4
17:58:43,172,65,39,51,0,4
17:58:44,173,65,44,51,0,4
17:58:45,174,65,44,51,0,4
17:58:46,175,65,40,51,0,4
17:58:47,176,65,37,51,0,4
17:58:48,177,65,43,51,0,4
17:58:49,178,65,54,51,0,4
17:58:50,179,63,51,51,0,4
17:58:51,180,63,59,51,0,4
17:58:52,181,63,53,51,0,4
17:58:53,182,63,50,51,0,4
17:58:54,183,63,37,51,0,4
17:58:55,184,63,37,51,0,4
17:58:56,185,63,36,51,0,4
17:58:57,186,63,37,51,0,4
17:58:58,187,64,36,51,0,4
17:58:59,188,64,40,22,0,4
17:59:00,189,63,36,40,0,4
17:59:01,190,63,34,40,0,4
17:59:02,191,62,34,40,0,4
17:59:03,192,62,36,40,0,4
17:59:04,193,62,35,40,0,4
17:59:05,194,62,36,40,0,4
17:59:06,195,62,34,40,0,4
17:59:07,196,62,35,40,0,4
17:59:08,197,62,34,40,0,4
17:59:09,198,62,36,40,0,4
17:59:10,199,62,37,40,0,4
17:59:11,200,62,36,40,0,4
17:59:12,201,62,35,40,0,4
17:59:13,202,62,35,40,0,4
17:59:14,203,62,34,40,0,4
17:59:15,204,62,34,40,0,4
17:59:16,205,62,35,40,0,4
17:59:17,206,62,34,40,0,4
17:59:18,207,62,36,40,0,4
17:59:19,208,62,35,40,0,4
17:59:20,209,62,33,40,0,4
17:59:21,210,62,36,40,0,4
17:59:22,211,62,36,40,0,4
17:59:23,212,62,35,40,0,4
17:59:24,213,62,35,40,0,4
17:59:25,214,62,36,40,0,4
17:59:26,215,62,35,40,0,4
17:59:27,216,62,35,40,0,4
17:59:28,217,62,34,40,0,4
17:59:29,218,62,35,40,0,4
17:59:30,219,67,37,40,0,4
17:59:31,220,67,37,40,0,4
17:59:32,221,67,34,40,0,4
17:59:33,222,67,35,40,0,4
17:59:34,223,67,36,40,0,4
17:59:35,224,67,35,40,0,4
17:59:36,225,67,34,40,0,4
17:59:37,226,67,33,40,0,4
17:59:38,227,67,33,40,0,3
17:59:39,228,67,34,40,0,3
17:59:40,229,68,33,40,0,3
17:59:41,230,68,33,40,0,3
17:59:42,231,68,35,40,0,3
17:59:43,232,68,35,40,0,3
17:59:44,233,68,37,40,0,3
17:59:45,234,68,35,40,0,3
17:59:46,235,68,35,40,0,3
17:59:47,236,68,36,40,0,3
17:59:48,237,68,35,40,0,3
17:59:49,238,68,36,40,0,3
17:59:50,239,68,36,40,0,3
17:59:51,240,68,36,40,0,3
17:59:52,241,68,35,40,0,3
17:59:53,242,68,36,40,0,3
17:59:54,243,68,34,40,0,3
17:59:55,244,68,35,40,0,3
17:59:56,245,68,35,40,0,3
17:59:57,246,68,36,40,0,3
17:59:58,247,68,37,40,0,3
17:59:59,248,68,34,40,0,3
18:00:00,249,69,34,40,0,3
18:00:01,250,69,36,40,0,3
18:00:02,251,69,34,40,0,3
18:00:03,252,69,33,40,0,3
18:00:04,253,69,34,40,0,3
18:00:05,254,69,45,40,0,3
18:00:06,255,69,44,40,0,3
18:00:07,256,69,39,40,0,3
18:00:08,257,69,40,40,0,3
18:00:09,258,69,42,40,0,3
18:00:10,259,70,37,40,0,3
18:00:11,260,70,41,40,0,3
18:00:12,261,70,41,40,0,3
18:00:13,262,70,43,40,0,3
18:00:14,263,70,37,40,0,3
18:00:15,264,70,39,40,0,3
18:00:16,265,70,41,40,0,3
18:00:17,266,70,45,40,0,3
18:00:18,267,70,41,40,0,3
18:00:19,268,70,41,40,0,3
18:00:20,269,71,47,40,0,3
18:00:21,270,71,53,40,0,3
18:00:22,271,71,49,40,0,3
18:00:23,272,71,51,40,0,3
18:00:24,273,71,52,40,0,3
18:00:25,274,71,53,40,0,3
18:00:26,275,71,53,40,0,3
18:00:27,276,71,50,40,0,3
18:00:28,277,71,49,40,0,3
18:00:29,278,71,51,40,0,3
18:00:30,279,67,52,40,0,3
18:00:31,280,67,52,40,0,3
18:00:32,281,67,50,40,0,3
18:00:33,282,67,43,40,0,3
18:00:34,283,67,47,40,0,3
18:00:35,284,67,49,40,0,3
18:00:36,285,67,46,40,0,3
18:00:37,286,67,49,40,0,3
18:00:38,287,67,52,40,0,3
18:00:39,288,67,48,40,0,3
18:00:40,289,67,51,40,0,3
18:00:41,290,67,49,40,0,3
18:00:42,291,67,52,40,0,3
18:00:43,292,66,48,40,0,3
18:00:44,293,66,51,40,0,3
18:00:45,294,65,49,40,0,3
18:00:46,295,65,50,40,0,3
18:00:47,296,64,50,40,0,3
18:00:48,297,64,51,40,0,3
18:00:49,298,64,53,40,0,3
18:00:50,299,64,54,40,0,3
18:00:51,300,64,34,40,0,3
18:00:52,301,64,34,40,0,3
18:00:53,302,64,34,40,0,3
18:00:54,303,64,34,40,0,3
18:00:55,304,64,35,40,0,3
18:00:56,305,64,36,40,0,3
18:00:57,306,64,45,40,0,3
18:00:58,307,64,35,40,0,3
18:00:59,308,66,36,40,0,3
18:01:00,309,67,46,40,0,3
18:01:01,310,67,45,40,0,3
18:01:02,311,68,44,40,0,3
18:01:03,312,68,38,40,0,3
18:01:04,313,68,35,40,0,3
18:01:05,314,68,41,40,0,3
18:01:06,315,68,46,40,0,3
18:01:07,316,68,34,40,0,3
18:01:08,317,68,44,40,0,3
18:01:09,318,68,41,40,0,3
18:01:10,319,68,34,14,0,3
18:01:11,320,68,42,39,0,3
18:01:12,321,68,35,39,0,3
18:01:13,322,68,35,39,0,3
18:01:14,323,68,33,39,0,3
18:01:15,324,68,34,39,0,3
18:01:16,325,68,35,39,0,3
18:01:17,326,68,35,39,0,3
18:01:18,327,68,35,39,0,3
18:01:19,328,68,36,39,0,3
18:01:20,329,68,36,39,0,3
18:01:21,330,68,39,39,0,3
18:01:22,331,68,34,39,0,3
18:01:23,332,68,35,39,0,3
18:01:24,333,68,33,39,0,3
18:01:25,334,68,34,39,0,3
18:01:26,335,68,35,39,0,3
18:01:27,336,68,33,39,0,3
18:01:28,337,68,33,39,0,3
18:01:29,338,68,39,39,0,3
18:01:30,339,66,35,39,0,3
18:01:31,340,66,33,39,0,3
18:01:32,341,66,35,39,0,3
18:01:33,342,66,34,39,0,3
18:01:34,343,66,38,39,0,3
18:01:35,344,66,45,39,0,3
18:01:36,345,66,34,39,0,3
18:01:37,346,66,34,39,0,3
18:01:38,347,66,36,39,0,3
18:01:39,348,66,34,39,0,3
18:01:40,349,64,35,39,0,3
18:01:41,350,64,44,39,0,3
18:01:42,351,64,35,39,0,3
18:01:43,352,64,47,39,0,3
18:01:44,353,64,35,39,0,3
18:01:45,354,64,36,39,0,3
18:01:46,355,64,34,39,0,3
18:01:47,356,64,41,5,0,3
18:01:48,357,64,33,37,0,3
18:01:49,358,64,34,37,0,3
18:01:50,359,64,33,37,0,3
18:01:51,360,64,43,37,0,3
18:01:52,361,64,34,37,0,3
18:01:53,362,64,32,37,0,3
18:01:54,363,64,32,37,0,3
18:01:55,364,64,34,37,0,3
18:01:56,365,64,35,37,0,3
18:01:57,366,64,35,37,0,3
18:01:58,367,64,33,37,0,3
18:01:59,368,64,34,37,0,3
18:02:00,369,64,33,37,0,3
18:02:01,370,64,33,37,0,3
18:02:02,371,64,39,37,0,3
18:02:03,372,63,34,37,0,3
18:02:04,373,63,35,37,0,3
18:02:05,374,63,33,37,0,3
18:02:06,375,63,34,37,0,3
18:02:07,376,63,36,37,0,3
18:02:08,377,63,40,37,0,3
18:02:09,378,63,34,37,0,3
18:02:10,379,63,35,37,0,3
18:02:11,380,63,41,37,0,3
18:02:12,381,63,45,37,0,3
18:02:13,382,63,41,37,0,3
18:02:14,383,63,41,37,0,3
18:02:15,384,63,44,37,0,3
18:02:16,385,63,35,37,0,3
18:02:17,386,63,44,37,0,3
18:02:18,387,65,42,37,0,3
18:02:19,388,65,45,37,0,3
18:02:20,389,65,43,37,0,3
18:02:21,390,65,36,37,0,3
18:02:22,391,65,34,37,0,3
18:02:23,392,65,34,37,0,3
18:02:24,393,65,34,37,0,3
18:02:25,394,65,38,37,0,3
18:02:26,395,65,35,37,0,3
18:02:27,396,65,42,15,0,3
18:02:28,397,65,34,15,0,3
18:02:29,398,65,34,8,0,3
18:02:30,399,64,53,33,0,3
18:02:31,400,64,41,33,0,3
18:02:32,401,64,33,39,0,3
18:02:33,402,64,38,39,0,3
18:02:34,403,64,38,34,0,3
18:02:35,404,64,34,34,0,3
18:02:36,405,64,41,34,0,3
18:02:37,406,64,34,34,0,3
18:02:38,407,65,38,34,0,3
18:02:39,408,66,42,34,0,3
18:02:40,409,67,37,21,0,3
18:02:41,410,68,36,27,0,3
18:02:42,411,67,34,31,0,3
18:02:43,412,67,35,5,0,3
18:02:44,413,67,36,13,0,3
18:02:45,414,67,33,13,0,3
18:02:46,415,67,33,13,0,3
18:02:47,416,67,34,13,0,3
18:02:48,417,67,34,13,0,3
18:02:49,418,67,32,13,0,3
18:02:50,419,67,34,13,0,3
18:02:51,420,67,33,13,0,3
18:02:52,421,67,41,13,0,3
18:02:53,422,67,34,13,0,3
18:02:54,423,67,35,13,0,3
18:02:55,424,67,36,13,0,3
18:02:56,425,67,39,13,0,3
18:02:57,426,67,36,13,0,3
18:02:58,427,67,39,13,0,3
18:02:59,428,67,35,13,0,3
18:03:00,429,68,35,13,0,3
18:03:01,430,68,34,13,0,3
18:03:02,431,69,35,13,0,3
18:03:03,432,69,51,13,0,3
18:03:04,433,69,52,13,0,3
18:03:05,434,69,54,13,0,3
18:03:06,435,69,49,13,0,3
18:03:07,436,69,66,13,0,3
18:03:08,437,69,54,13,0,3
18:03:09,438,69,48,13,0,3
18:03:10,439,69,56,13,0,3
18:03:11,440,69,45,13,0,3
18:03:12,441,69,51,13,0,3
18:03:13,442,69,46,13,0,3
18:03:14,443,69,47,13,0,3
18:03:15,444,69,52,13,0,3
18:03:16,445,69,48,13,0,3
18:03:17,446,70,52,13,0,3
18:03:18,447,70,51,13,0,3
18:03:19,448,70,53,13,0,3
18:03:20,449,70,52,13,0,3
18:03:21,450,70,52,13,0,3
18:03:22,451,70,51,13,0,3
18:03:23,452,70,51,13,0,3
18:03:24,453,70,51,13,0,3
18:03:25,454,70,51,13,0,3
18:03:26,455,70,50,13,0,3
18:03:27,456,70,53,13,0,3
18:03:28,457,70,51,13,0,3
18:03:29,458,70,50,13,0,3
18:03:30,459,69,53,13,0,3
18:03:31,460,69,55,13,0,3
18:03:32,461,69,50,13,0,3
18:03:33,462,69,52,13,0,3
18:03:34,463,69,52,13,0,3
18:03:35,464,69,54,13,0,3
18:03:36,465,69,53,13,0,3
18:03:37,466,69,50,13,0,3
18:03:38,467,69,52,13,0,3
18:03:39,468,69,55,13,0,3
18:03:40,469,65,52,13,0,3
18:03:41,470,65,53,13,0,3
18:03:42,471,65,55,13,0,3
18:03:43,472,65,51,13,0,3
18:03:44,473,65,54,13,0,3
18:03:45,474,65,49,13,0,3
18:03:46,475,65,53,13,0,3
18:03:47,476,65,52,13,0,3
18:03:48,477,65,53,13,0,3
18:03:49,478,65,47,13,0,3
18:03:50,479,65,37,13,0,3
18:03:51,480,65,45,13,0,3
18:03:52,481,65,46,13,0,3
18:03:53,482,65,50,13,0,3
18:03:54,483,65,50,13,0,3
18:03:55,484,65,50,13,0,3
18:03:56,485,65,50,13,0,3
18:03:57,486,65,50,13,0,3
18:03:58,487,65,51,13,0,3
18:03:59,488,65,50,13,0,3
18:04:00,489,57,48,13,0,3
18:04:01,490,57,52,13,0,3
18:04:02,491,57,50,13,0,3
18:04:03,492,57,47,13,0,3
18:04:04,493,57,47,13,0,3
18:04:05,494,57,53,13,0,3
18:04:06,495,57,47,13,0,3
18:04:07,496,57,51,13,0,3
18:04:08,497,57,51,13,0,3
18:04:09,498,57,51,13,0,3
18:04:10,499,58,48,13,0,3
18:04:11,500,58,51,13,0,3
18:04:12,501,58,51,13,0,3
18:04:13,502,58,52,13,0,3
18:04:14,503,58,48,13,0,3
18:04:15,504,58,50,13,0,3
18:04:16,505,58,51,13,0,3
18:04:17,506,58,51,13,0,3
18:04:18,507,58,50,13,0,3
18:04:19,508,58,52,13,0,3
18:04:20,509,58,53,13,0,3
18:04:21,510,58,52,13,0,3
18:04:22,511,58,49,13,0,3
18:04:23,512,58,44,13,0,3
18:04:24,513,58,48,13,0,3
18:04:25,514,58,48,13,0,3
18:04:26,515,58,46,13,0,3
18:04:27,516,58,48,13,0,3
18:04:28,517,58,46,13,0,3
18:04:29,518,58,46,13,0,3
18:04:30,519,61,51,13,0,3
18:04:31,520,61,47,13,0,3
18:04:32,521,61,51,13,0,3
18:04:33,522,61,51,13,0,3
18:04:34,523,61,52,13,0,3
18:04:35,524,61,52,13,0,3
18:04:36,525,61,54,13,0,3
18:04:37,526,61,45,13,0,3
18:04:38,527,61,39,13,0,3
18:04:39,528,61,35,13,0,3
18:04:40,529,63,35,13,0,3
18:04:41,530,63,36,13,0,3
18:04:42,531,63,34,13,0,3
18:04:43,532,63,36,13,0,3
18:04:44,533,63,37,13,0,3
18:04:45,534,63,34,13,0,3
18:04:46,535,63,35,13,0,3
18:04:47,536,63,36,13,0,3
18:04:48,537,63,36,13,0,3
18:04:49,538,63,33,13,0,3
18:04:50,539,65,33,13,0,3
18:04:51,540,65,34,13,0,5
18:04:52,541,65,34,13,0,5
18:04:53,542,65,33,13,0,5
18:04:54,543,65,34,13,0,5
18:04:55,544,65,33,13,0,5
18:04:56,545,65,32,13,0,5
18:04:57,546,65,33,13,0,5
18:04:58,547,65,34,13,0,5
18:04:59,548,65,34,13,0,5
18:05:00,549,67,34,13,0,5
18:05:01,550,67,35,13,0,5
18:05:02,551,67,35,13,0,5
18:05:03,552,67,35,13,0,5
18:05:04,553,67,36,13,0,5
18:05:05,554,67,34,13,0,5
18:05:06,555,67,35,13,0,5
18:05:07,556,67,34,13,0,5
18:05:08,557,67,36,13,0,5
18:05:09,558,66,37,13,0,5
18:05:10,559,66,49,13,0,5
18:05:11,560,66,52,13,0,5
18:05:12,561,66,44,13,0,5
18:05:13,562,66,45,13,0,5
18:05:14,563,66,46,13,0,5
18:05:15,564,67,49,13,0,5
18:05:16,565,67,53,13,0,5
18:05:17,566,67,48,13,0,5
18:05:18,567,67,46,13,0,5
18:05:19,568,67,48,13,0,5
18:05:20,569,67,49,13,0,5
18:05:21,570,67,48,13,0,5
18:05:22,571,67,45,13,0,5
18:05:23,572,67,43,13,0,5
18:05:24,573,67,49,13,0,5
18:05:25,574,67,49,13,0,5
18:05:26,575,67,48,13,0,5
18:05:27,576,67,39,13,0,5
18:05:28,577,67,41,13,0,5
18:05:29,578,67,48,13,0,5
18:05:30,579,67,48,13,0,5
18:05:31,580,67,49,13,0,5
18:05:32,581,67,47,13,0,5
18:05:33,582,67,45,13,0,5
18:05:34,583,67,47,13,0,5
18:05:35,584,67,41,13,0,5
18:05:36,585,67,40,13,0,5
18:05:37,586,67,47,13,0,5
18:05:38,587,67,49,13,0,5
18:05:39,588,67,44,13,0,5
18:05:40,589,63,48,13,0,5
18:05:41,590,63,45,13,0,5
18:05:42,591,63,40,13,0,5
18:05:43,592,63,49,13,0,5
18:05:44,593,63,44,13,0,5
18:05:45,594,63,45,13,0,5
18:05:46,595,63,46,13,0,5
18:05:47,596,63,42,13,0,5
18:05:48,597,63,51,13,0,5
18:05:49,598,63,47,13,0,5
18:05:50,599,63,49,13,0,5
18:05:51,600,63,46,13,0,5
18:05:52,601,63,45,13,0,5
18:05:53,602,63,45,13,0,5
18:05:54,603,63,49,13,0,5
18:05:55,604,63,50,13,0,5
18:05:56,605,63,49,13,0,5
18:05:57,606,63,49,13,0,5
18:05:58,607,63,51,13,0,5
18:05:59,608,63,46,13,0,5
18:06:00,609,57,49,13,0,5
18:06:01,610,57,48,13,0,5
18:06:02,611,57,33,13,0,5
18:06:03,612,57,33,13,0,5
18:06:04,613,57,39,13,0,5
18:06:05,614,57,38,13,0,5
18:06:06,615,57,45,13,0,5
18:06:07,616,57,38,13,0,5
18:06:08,617,57,41,13,0,5
18:06:09,618,57,41,13,0,5
18:06:10,619,60,46,13,0,5
18:06:11,620,60,47,13,0,5
18:06:12,621,60,48,13,0,5
18:06:13,622,60,46,13,0,5
18:06:14,623,60,45,13,0,5
18:06:15,624,60,44,13,0,5
18:06:16,625,60,43,13,0,5
18:06:17,626,60,41,13,0,5
18:06:18,627,60,41,13,0,5
18:06:19,628,60,42,13,0,5
18:06:20,629,59,46,13,0,5
18:06:21,630,59,45,13,0,5
18:06:22,631,59,49,13,0,5
18:06:23,632,59,35,13,0,5
18:06:24,633,59,44,13,0,5
18:06:25,634,59,51,13,0,5
18:06:26,635,59,53,13,0,5
18:06:27,636,59,49,13,0,5
18:06:28,637,59,45,13,0,5
18:06:29,638,59,49,13,0,5
18:06:30,639,60,45,13,0,5
18:06:31,640,60,46,13,0,5
18:06:32,641,60,50,13,0,5
18:06:33,642,60,46,13,0,5
18:06:34,643,60,45,13,0,5
18:06:35,644,60,44,13,0,5
18:06:36,645,60,44,13,0,5
18:06:37,646,60,50,13,0,5
18:06:38,647,60,48,13,0,5
18:06:39,648,60,48,13,0,5
18:06:40,649,62,47,13,0,5
18:06:41,650,62,46,13,0,5
18:06:42,651,62,45,13,0,5
18:06:43,652,62,48,13,0,5
18:06:44,653,62,46,13,0,5
18:06:45,654,62,47,13,0,5
18:06:46,655,62,47,13,0,5
18:06:47,656,62,49,13,0,5
18:06:48,657,62,45,13,0,5
18:06:49,658,62,48,13,0,5
18:06:50,659,61,48,13,0,5
18:06:51,660,61,49,13,0,5
18:06:52,661,61,43,13,0,5
18:06:53,662,61,47,13,0,5
18:06:54,663,61,48,13,0,5
18:06:55,664,61,47,13,0,5
18:06:56,665,61,50,13,0,5
18:06:57,666,61,50,13,0,5
18:06:58,667,61,48,13,0,5
18:06:59,668,61,46,13,0,5
18:07:00,669,61,47,13,0,5
18:07:01,670,61,48,13,0,5
18:07:02,671,61,48,13,0,5
18:07:03,672,62,46,13,0,5
18:07:04,673,62,46,13,0,5
18:07:05,674,62,50,13,0,5
18:07:06,675,63,49,13,0,5
18:07:07,676,63,48,13,0,5
18:07:08,677,63,46,13,0,5
18:07:09,678,63,46,13,0,5
18:07:10,679,63,45,13,0,5
18:07:11,680,63,48,13,0,5
18:07:12,681,63,45,13,0,5
18:07:13,682,63,45,13,0,5
18:07:14,683,63,49,13,0,5
18:07:15,684,63,48,13,0,5
18:07:16,685,63,45,13,0,5
18:07:17,686,63,45,13,0,5
18:07:18,687,63,43,13,0,5
18:07:19,688,63,48,13,0,5
18:07:20,689,63,51,13,0,5
18:07:21,690,63,46,13,0,5
18:07:22,691,63,44,13,0,5
18:07:23,692,63,46,13,0,5
18:07:24,693,63,49,13,0,5
18:07:25,694,66,36,13,0,5
18:07:26,695,66,45,13,0,5
18:07:27,696,66,39,13,0,5
18:07:28,697,66,41,13,0,5
18:07:29,698,66,38,13,0,5
18:07:30,699,66,35,13,0,5
18:07:31,700,66,39,13,0,5
18:07:32,701,66,34,13,0,5
18:07:33,702,67,35,13,0,5
18:07:34,703,67,34,13,0,5
18:07:35,704,67,33,13,0,5
18:07:36,705,67,34,13,0,5
18:07:37,706,67,34,13,0,5
18:07:38,707,67,32,13,0,5
18:07:39,708,67,33,13,0,5
18:07:40,709,67,37,13,0,5
18:07:41,710,67,32,13,0,5
18:07:42,711,67,35,13,0,5
18:07:43,712,67,34,13,0,5
18:07:44,713,67,32,13,0,4
18:07:45,714,67,33,13,0,4
18:07:46,715,67,33,13,0,4
18:07:47,716,67,33,13,0,4
18:07:48,717,67,34,13,0,4
18:07:49,718,67,32,13,0,4
18:07:50,719,68,36,13,0,4
18:07:51,720,68,33,13,0,4
18:07:52,721,68,38,13,0,4
18:07:53,722,68,34,13,0,4
18:07:54,723,68,36,13,0,4
18:07:55,724,68,37,13,0,4
18:07:56,725,68,38,13,0,4
18:07:57,726,68,37,13,0,4
18:07:58,727,68,35,13,0,4
18:07:59,728,68,38,13,0,4
18:08:00,729,68,38,13,0,4
18:08:01,730,68,35,13,0,4
18:08:02,731,68,33,13,0,4
18:08:03,732,68,32,13,0,4
18:08:04,733,68,33,13,0,4
18:08:05,734,68,39,13,0,4
18:08:06,735,68,37,13,0,4
18:08:07,736,68,33,13,0,4
18:08:08,737,68,33,13,0,4
18:08:09,738,68,32,13,0,4
18:08:10,739,68,31,13,0,4
18:08:11,740,69,34,13,0,4
18:08:12,741,69,32,13,0,4
18:08:13,742,69,31,13,0,4
18:08:14,743,69,32,13,0,4
18:08:15,744,70,33,13,0,4
18:08:16,745,70,35,13,0,4
18:08:17,746,70,34,13,0,4
18:08:18,747,70,33,13,0,4
18:08:19,748,70,33,13,0,4
18:08:20,749,70,32,13,0,4
18:08:21,750,70,32,13,0,4
18:08:22,751,70,33,13,0,4
18:08:23,752,70,30,13,0,4
18:08:24,753,70,31,13,0,4
18:08:25,754,70,37,13,0,4
18:08:26,755,70,35,13,0,4
18:08:27,756,70,33,13,0,4
18:08:28,757,70,33,13,0,4
18:08:29,758,70,32,13,0,4
18:08:30,759,70,35,13,0,4
18:08:31,760,70,32,13,0,4
18:08:32,761,70,33,13,0,4
18:08:33,762,70,35,13,0,4
18:08:34,763,70,35,13,0,4
18:08:35,764,70,33,13,0,4
18:08:36,765,70,35,41,0,4
18:08:37,766,70,32,41,0,4
18:08:38,767,70,32,41,0,4
18:08:39,768,70,31,41,0,4
18:08:40,769,68,33,41,0,4
18:08:41,770,68,34,41,0,4
18:08:42,771,68,33,41,0,4
18:08:43,772,68,33,41,0,4
18:08:44,773,68,33,41,0,4
18:08:45,774,67,31,41,0,4
18:08:46,775,68,33,41,0,4
18:08:47,776,68,33,41,0,4
18:08:48,777,68,32,41,0,4
18:08:49,778,68,33,41,0,4
18:08:50,779,68,32,41,0,4
18:08:51,780,68,32,41,0,4
18:08:52,781,68,31,41,0,4
18:08:53,782,68,32,41,0,4
18:08:54,783,68,32,41,0,4
18:08:55,784,68,31,41,0,4
18:08:56,785,68,32,41,0,4
18:08:57,786,68,32,41,0,4
18:08:58,787,68,32,41,0,4
18:08:59,788,68,34,41,0,4
18:09:00,789,63,31,41,0,4
18:09:01,790,63,32,41,0,4
18:09:02,791,63,33,41,0,4
18:09:03,792,63,32,41,0,4
18:09:04,793,63,31,41,0,4
18:09:05,794,63,33,41,0,4
18:09:06,795,63,33,41,0,4
18:09:07,796,63,32,41,0,4
18:09:08,797,63,32,41,0,4
18:09:09,798,63,31,41,0,4
18:09:10,799,60,41,41,0,4
18:09:11,800,60,32,41,0,4
18:09:12,801,60,32,41,0,4
18:09:13,802,60,32,41,0,4
18:09:14,803,60,32,41,0,4
18:09:15,804,60,32,41,0,4
18:09:16,805,60,32,41,0,4
18:09:17,806,60,32,41,0,4
18:09:18,807,60,32,41,0,4
18:09:19,808,60,32,41,0,4
18:09:20,809,63,33,41,0,4
18:09:21,810,63,32,41,0,4
18:09:22,811,63,32,41,0,4
18:09:23,812,63,33,41,0,4
18:09:24,813,63,33,41,0,4
18:09:25,814,63,32,41,0,4
18:09:26,815,63,34,41,0,4
18:09:27,816,63,33,41,0,4
18:09:28,817,63,34,41,0,4
18:09:29,818,63,34,41,0,4
18:09:30,819,58,35,41,0,4
18:09:31,820,58,33,41,0,4
18:09:32,821,58,33,41,0,4
18:09:33,822,58,34,41,0,4
18:09:34,823,58,33,41,0,4
18:09:35,824,58,34,41,0,4
18:09:36,825,58,33,41,0,4
18:09:37,826,58,33,41,0,4
18:09:38,827,58,33,41,0,4
18:09:39,828,58,34,41,0,4
18:09:40,829,58,34,41,0,4
18:09:41,830,58,33,41,0,4
18:09:42,831,58,34,41,0,4
18:09:43,832,58,34,41,0,4
18:09:44,833,58,35,41,0,4
18:09:45,834,58,34,41,0,4
18:09:46,835,58,36,41,0,4
18:09:47,836,58,33,41,0,4
18:09:48,837,58,33,41,0,4
18:09:49,838,58,34,41,0,4
18:09:50,839,58,34,41,0,4
18:09:51,840,58,34,41,0,4
18:09:52,841,58,33,41,0,4
18:09:53,842,58,34,41,0,4
18:09:54,843,58,35,41,0,4
18:09:55,844,58,34,41,0,4
18:09:56,845,58,35,41,0,4
18:09:57,846,58,32,41,0,4
18:09:58,847,58,32,41,0,4
18:09:59,848,58,32,41,0,4
18:10:00,849,56,33,41,0,4
18:10:01,850,56,33,41,0,4
18:10:02,851,56,32,41,0,4
18:10:03,852,56,33,41,0,4
18:10:04,853,56,33,41,0,4
18:10:05,854,56,34,41,0,4
18:10:06,855,56,34,41,0,4
18:10:07,856,56,34,41,0,4
18:10:08,857,56,34,41,0,4
18:10:09,858,56,36,41,0,4
18:10:10,859,58,35,41,0,4
18:10:11,860,58,36,41,0,4
18:10:12,861,58,36,41,0,4
18:10:13,862,58,36,41,0,4
18:10:14,863,58,36,41,0,4
18:10:15,864,58,37,41,0,4
18:10:16,865,58,36,41,0,4
18:10:17,866,58,36,41,0,4
18:10:18,867,58,36,41,0,4
18:10:19,868,58,36,41,0,4
18:10:20,869,61,37,41,0,4
18:10:21,870,61,35,41,0,4
18:10:22,871,61,34,41,0,4
18:10:23,872,61,32,41,0,4
18:10:24,873,61,33,41,0,4
18:10:25,874,61,33,41,0,4
18:10:26,875,61,32,41,0,4
18:10:27,876,61,32,41,0,4
18:10:28,877,61,33,41,0,4
18:10:29,878,61,32,41,0,4
18:10:30,879,61,32,41,0,4
18:10:31,880,61,33,41,0,4
18:10:32,881,61,32,41,0,4
18:10:33,882,60,32,41,0,4
18:10:34,883,60,32,41,0,4
18:10:35,884,60,32,41,0,4
18:10:36,885,60,32,41,0,4
18:10:37,886,60,32,41,0,4
18:10:38,887,60,32,41,0,4
18:10:39,888,60,32,41,0,4
18:10:40,889,60,32,41,0,4
18:10:41,890,60,34,41,0,4
18:10:42,891,60,38,41,0,4
18:10:43,892,60,37,41,0,4
18:10:44,893,60,36,41,0,4
18:10:45,894,60,36,41,0,4
18:10:46,895,60,36,41,0,4
18:10:47,896,60,33,41,0,4
18:10:48,897,60,32,41,0,4
18:10:49,898,60,32,41,0,4
18:10:50,899,61,32,41,0,4
18:10:51,900,61,30,41,0,4
18:10:52,901,61,31,41,0,4
18:10:53,902,61,33,41,0,4
18:10:54,903,61,32,41,0,4
18:10:55,904,61,31,41,0,4
18:10:56,905,61,32,41,0,4
18:10:57,906,61,33,41,0,4
18:10:58,907,61,32,41,0,4
18:10:59,908,61,34,41,0,4
18:11:00,909,59,33,41,0,4
18:11:01,910,59,35,41,0,4
18:11:02,911,59,35,41,0,4
18:11:03,912,59,35,41,0,4
18:11:04,913,59,34,41,0,4
18:11:05,914,59,33,41,0,4
18:11:06,915,59,40,41,0,4
18:11:07,916,59,38,41,0,4
18:11:08,917,59,39,41,0,4
18:11:09,918,59,40,41,0,4
18:11:10,919,56,39,41,0,4
18:11:11,920,56,38,41,0,4
18:11:12,921,56,36,41,0,4
18:11:13,922,56,36,41,0,4
18:11:14,923,56,34,41,0,4
18:11:15,924,56,34,41,0,4
18:11:16,925,56,34,41,0,4
18:11:17,926,56,35,41,0,4
18:11:18,927,56,37,41,0,4
18:11:19,928,56,35,41,0,4
18:11:20,929,60,33,41,0,4
18:11:21,930,60,34,41,0,4
18:11:22,931,60,34,41,0,2
18:11:23,932,60,34,41,0,2
18:11:24,933,60,35,41,0,2
18:11:25,934,65,36,41,0,2
18:11:26,935,66,34,41,0,2
18:11:27,936,66,34,41,0,2
18:11:28,937,66,36,41,0,2
18:11:29,938,66,34,41,0,2
18:11:30,939,67,35,41,0,2
18:11:31,940,67,35,41,0,2
18:11:32,941,67,35,41,0,2
18:11:33,942,67,34,41,0,2
18:11:34,943,67,37,37,0,2
18:11:35,944,67,34,37,0,2
18:11:36,945,67,34,37,0,2
18:11:37,946,67,39,37,0,2
18:11:38,947,67,35,37,0,2
18:11:39,948,67,34,37,0,2
18:11:40,949,67,35,37,0,2
18:11:41,950,67,35,37,0,2
18:11:42,951,67,36,37,0,2
18:11:43,952,67,35,37,0,2
18:11:44,953,67,35,37,0,2
18:11:45,954,67,35,37,0,2
18:11:46,955,66,35,37,0,2
18:11:47,956,66,46,37,0,2
18:11:48,957,66,34,37,0,2
18:11:49,958,66,37,37,0,2
18:11:50,959,66,35,37,0,2
18:11:51,960,66,35,37,0,2
18:11:52,961,65,32,37,0,2
18:11:53,962,65,33,37,0,2
18:11:54,963,65,35,37,0,2
18:11:55,964,65,32,37,0,2
18:11:56,965,65,34,37,0,2
18:11:57,966,65,33,37,0,2
18:11:58,967,65,36,37,0,2
18:11:59,968,65,35,37,0,2
18:12:00,969,65,33,37,0,2
18:12:01,970,65,32,37,0,2
18:12:02,971,65,32,37,0,2
18:12:03,972,65,33,37,0,2
18:12:04,973,65,35,37,0,2
18:12:05,974,65,33,37,0,2
18:12:06,975,65,33,37,0,2
18:12:07,976,65,31,37,0,2
18:12:08,977,65,32,37,0,2
18:12:09,978,65,32,37,0,2
18:12:10,979,65,35,4,0,2
18:12:11,980,65,37,7,0,2
18:12:12,981,65,39,4,0,2
18:12:13,982,65,36,8,0,2
18:12:14,983,65,35,8,0,2
18:12:15,984,65,36,11,0,2
18:12:16,985,65,36,16,0,2
18:12:17,986,65,35,16,0,2
18:12:18,987,65,36,16,0,2
18:12:19,988,65,37,19,0,2
18:12:20,989,65,36,17,0,2
18:12:21,990,65,35,15,0,2
18:12:22,991,65,36,15,0,2
18:12:23,992,65,36,15,0,2
18:12:24,993,66,36,15,0,2
18:12:25,994,66,39,10,0,2
18:12:26,995,65,36,18,0,2
18:12:27,996,65,38,16,0,2
18:12:28,997,65,36,16,0,2
18:12:29,998,65,36,16,0,2
18:12:30,999,65,36,16,0,2
18:12:31,1000,66,36,16,0,2
18:12:32,1001,66,36,15,0,2
18:12:33,1002,66,36,7,0,2
18:12:34,1003,66,38,14,0,2
18:12:35,1004,66,44,19,0,2
18:12:36,1005,66,36,19,0,2
18:12:37,1006,66,40,21,0,2
18:12:38,1007,66,35,21,0,2
18:12:39,1008,66,36,21,0,2
18:12:40,1009,67,36,21,0,2
18:12:41,1010,67,36,21,0,2
18:12:42,1011,67,35,21,0,2
18:12:43,1012,67,35,21,0,2
18:12:44,1013,67,34,19,0,2
18:12:45,1014,67,34,19,0,2
18:12:46,1015,67,33,19,0,2
18:12:47,1016,67,32,19,0,2
18:12:48,1017,67,33,19,0,2
18:12:49,1018,67,38,10,0,2
18:12:50,1019,67,33,10,0,2
18:12:51,1020,67,34,10,0,2
18:12:52,1021,67,33,10,0,2
18:12:53,1022,67,34,9,0,2
18:12:54,1023,67,34,9,0,2
18:12:55,1024,67,34,9,0,2
18:12:56,1025,67,36,8,0,2
18:12:57,1026,67,38,9,0,2
18:12:58,1027,67,37,9,0,2
18:12:59,1028,67,38,9,0,2
18:13:00,1029,73,37,9,0,2
18:13:01,1030,73,38,9,0,2
18:13:02,1031,73,37,9,0,2
18:13:03,1032,73,37,9,0,2
18:13:04,1033,73,38,9,0,2
18:13:05,1034,73,38,16,0,2
18:13:06,1035,73,38,16,0,2
18:13:07,1036,73,39,16,0,2
18:13:08,1037,73,38,16,0,2
18:13:09,1038,73,39,16,0,2
18:13:10,1039,73,38,16,0,2
18:13:11,1040,73,38,16,0,2
18:13:12,1041,73,38,16,0,2
18:13:13,1042,73,38,16,0,2
18:13:14,1043,73,38,16,0,2
18:13:15,1044,73,38,16,0,2
18:13:16,1045,73,41,16,0,2
18:13:17,1046,73,37,16,0,2
18:13:18,1047,73,37,16,0,2
18:13:19,1048,73,37,16,0,2
18:13:20,1049,73,37,16,0,2
18:13:21,1050,73,37,16,0,2
18:13:22,1051,73,36,16,0,2
18:13:23,1052,73,35,16,0,2
18:13:24,1053,73,35,16,0,2
18:13:25,1054,73,35,16,0,2
18:13:26,1055,73,34,16,0,2
18:13:27,1056,73,35,16,0,2
18:13:28,1057,73,33,16,0,2
18:13:29,1058,73,35,16,0,2
18:13:30,1059,72,36,16,0,2
18:13:31,1060,72,38,20,0,2
18:13:32,1061,72,36,20,0,2
18:13:33,1062,72,36,20,0,2
18:13:34,1063,72,37,20,0,2
18:13:35,1064,72,34,17,0,2
18:13:36,1065,72,35,19,0,2
18:13:37,1066,72,34,19,0,2
18:13:38,1067,72,34,19,0,2
18:13:39,1068,72,35,19,0,2
18:13:40,1069,73,37,19,0,2
18:13:41,1070,73,36,19,0,2
18:13:42,1071,73,36,19,0,2
18:13:43,1072,73,36,19,0,2
18:13:44,1073,73,36,19,0,2
18:13:45,1074,73,37,19,0,2
18:13:46,1075,73,37,19,0,2
18:13:47,1076,73,38,19,0,2
18:13:48,1077,73,38,19,0,2
18:13:49,1078,73,38,17,0,2
18:13:50,1079,68,38,17,0,2
18:13:51,1080,68,39,17,0,2
18:13:52,1081,68,39,17,0,2
18:13:53,1082,68,39,17,0,2
18:13:54,1083,68,39,17,0,2
18:13:55,1084,68,39,17,0,2
18:13:56,1085,68,41,17,0,2
18:13:57,1086,68,39,19,0,2
18:13:58,1087,68,38,19,0,2
18:13:59,1088,68,37,19,0,2
18:14:00,1089,66,37,19,0,2
18:14:01,1090,66,37,19,0,2
18:14:02,1091,66,36,19,0,2
18:14:03,1092,66,41,19,0,2
18:14:04,1093,66,43,19,0,2
18:14:05,1094,66,40,19,0,2
18:14:06,1095,66,39,136,0,2
18:14:07,1096,66,32,136,0,2
18:14:08,1097,66,40,119,0,2
18:14:09,1098,67,34,31,0,2
18:14:10,1099,67,34,31,0,2
18:14:11,1100,67,31,31,0,2
18:14:12,1101,67,38,31,0,2
18:14:13,1102,67,32,31,0,2
18:14:14,1103,67,34,31,0,2
18:14:15,1104,67,33,31,0,2
18:14:16,1105,67,34,31,0,2
18:14:17,1106,67,36,31,0,2
18:14:18,1107,67,36,16,0,2
18:14:19,1108,67,35,18,0,2
18:14:20,1109,67,36,18,0,2
18:14:21,1110,67,36,18,0,2
18:14:22,1111,67,36,18,0,2
18:14:23,1112,67,41,18,0,2
18:14:24,1113,67,36,20,0,2
18:14:25,1114,67,38,20,0,2
18:14:26,1115,67,39,20,0,2
18:14:27,1116,67,35,18,0,2
18:15:11,1117,67,35,19,0,2
18:15:12,1118,67,36,19,0,2
18:15:13,1119,76,38,19,0,2
18:15:14,1120,77,38,19,0,2
18:15:15,1121,77,50,138,0,2
18:15:16,1122,77,58,53,0,2
18:15:17,1123,77,40,53,0,2
18:15:18,1124,77,36,53,0,2
18:15:19,1125,77,35,53,0,2
18:15:20,1126,76,46,53,0,2
18:15:21,1127,76,34,53,0,2
18:15:22,1128,76,34,53,0,2
18:15:23,1129,75,34,53,0,2
18:15:24,1130,75,35,53,0,2
18:15:25,1131,75,38,53,0,2
18:15:26,1132,75,38,53,0,2
18:15:27,1133,75,36,53,0,2
18:15:28,1134,75,38,53,0,2
18:15:29,1135,75,35,53,0,2
18:15:30,1136,77,35,53,0,2
18:15:31,1137,77,35,53,0,2
18:15:32,1138,77,34,53,0,2
18:15:33,1139,80,35,53,0,2
18:15:34,1140,80,35,53,0,2
18:15:35,1141,80,34,53,0,2
18:15:36,1142,81,37,53,0,2
18:15:37,1143,81,32,53,0,2
18:15:38,1144,81,32,53,0,2
18:15:39,1145,81,32,53,0,2
18:15:40,1146,81,31,53,0,2
18:15:41,1147,81,32,53,0,2
18:15:42,1148,81,31,53,0,2
18:15:43,1149,81,31,53,0,2
18:15:44,1150,81,31,53,0,2
18:15:45,1151,81,33,53,0,2
18:15:46,1152,81,32,53,0,2
18:15:47,1153,81,33,53,0,2
18:15:48,1154,81,33,53,0,2
18:15:49,1155,81,33,53,0,2
18:15:50,1156,78,34,53,0,2
18:15:51,1157,78,33,53,0,2
18:15:52,1158,78,34,53,0,2
18:15:53,1159,78,34,53,0,2
18:15:54,1160,78,34,53,0,2
18:15:55,1161,78,34,53,0,2
18:15:56,1162,78,34,53,0,2
18:15:57,1163,78,34,53,0,2
18:15:58,1164,78,34,53,0,2
18:15:59,1165,78,34,53,0,2
18:16:00,1166,70,34,53,0,2
18:16:01,1167,70,34,53,0,2
18:16:02,1168,70,35,53,0,2
18:16:03,1169,70,34,53,0,2
18:16:04,1170,70,35,53,0,2
18:16:05,1171,70,34,53,0,2
18:16:06,1172,70,34,53,0,2
18:16:07,1173,70,34,53,0,2
18:16:08,1174,70,34,53,0,2
18:16:09,1175,70,35,53,0,2
18:16:10,1176,68,34,53,0,2
18:16:11,1177,68,34,53,0,2
18:16:12,1178,68,34,53,0,2
18:16:13,1179,68,36,53,0,2
18:16:14,1180,68,37,53,0,2
18:16:15,1181,68,35,52,0,2
18:16:16,1182,68,36,52,0,2
18:16:17,1183,68,35,52,0,2
18:16:18,1184,68,35,52,0,2
18:16:19,1185,68,34,52,0,2
18:16:20,1186,70,34,52,0,2
18:16:21,1187,70,40,52,0,2
18:16:22,1188,70,36,52,0,2
18:16:23,1189,69,36,52,0,2
18:16:24,1190,69,36,52,0,2
18:16:25,1191,69,37,52,0,2
18:16:26,1192,69,35,52,0,2
18:16:27,1193,69,35,52,0,2
18:16:28,1194,69,34,52,0,2
18:16:29,1195,69,34,52,0,2
18:16:30,1196,69,34,52,0,2
18:16:31,1197,69,34,52,0,2
18:16:32,1198,69,40,52,0,2
18:16:33,1199,69,33,52,0,2
18:16:34,1200,69,34,52,0,2
18:16:35,1201,69,35,52,0,2
18:16:36,1202,69,33,52,0,2
18:16:37,1203,69,31,52,0,2
18:16:38,1204,69,32,52,0,2
18:16:39,1205,69,35,52,0,2
18:16:40,1206,69,32,52,0,2
18:16:41,1207,69,32,52,0,2
18:16:42,1208,69,32,52,0,2
18:16:43,1209,70,33,52,0,2
18:16:44,1210,70,34,52,0,2
18:16:45,1211,70,35,52,0,2
18:16:46,1212,71,34,52,0,2
18:16:47,1213,71,35,52,0,2
18:16:48,1214,71,35,52,0,2
18:16:49,1215,71,35,52,0,2
18:16:50,1216,74,35,52,0,2
18:16:51,1217,74,35,52,0,3
18:16:52,1218,74,36,52,0,3
18:16:53,1219,74,35,52,0,3
18:16:54,1220,74,35,52,0,3
18:16:55,1221,74,37,52,0,3
18:16:56,1222,73,36,52,0,3
18:16:57,1223,73,36,52,0,3
18:16:58,1224,73,36,52,0,3
18:16:59,1225,73,35,52,0,3
18:17:00,1226,73,35,52,0,3
18:17:01,1227,73,34,52,0,3
18:17:02,1228,73,35,52,0,3
18:17:03,1229,72,32,52,0,3
18:17:04,1230,72,33,52,0,3
18:17:05,1231,73,44,52,0,3
18:17:06,1232,73,34,52,0,3
18:17:07,1233,74,43,52,0,3
18:17:08,1234,74,34,52,0,3
18:17:09,1235,74,33,52,0,3
18:17:10,1236,74,38,52,0,3
18:17:11,1237,74,38,52,0,3
18:17:12,1238,75,40,52,0,3
18:17:13,1239,75,39,52,0,3
18:17:14,1240,75,34,52,0,3
18:17:15,1241,74,39,52,0,3
18:17:16,1242,75,32,52,0,3
18:17:17,1243,74,44,52,0,3
18:17:18,1244,74,31,52,0,3
18:17:19,1245,75,32,52,0,3
18:17:20,1246,75,35,52,0,3
18:17:21,1247,75,33,52,0,3
18:17:22,1248,75,33,52,0,3
18:17:23,1249,75,36,52,0,3
18:17:24,1250,75,36,52,0,3
18:17:25,1251,75,33,52,0,3
18:17:26,1252,75,33,52,0,3
18:17:27,1253,75,34,52,0,3
18:17:28,1254,75,33,52,0,3
18:17:29,1255,75,34,52,0,3
18:17:30,1256,75,33,52,0,3
18:17:31,1257,75,34,52,0,3
18:17:32,1258,75,33,52,0,3
18:17:33,1259,75,33,52,0,3
18:17:34,1260,75,33,52,0,3
18:17:35,1261,75,33,52,0,3
18:17:36,1262,74,33,52,0,3
18:17:37,1263,74,46,33,0,3
18:17:38,1264,74,36,33,0,3
18:17:39,1265,74,35,33,0,3
18:17:40,1266,74,38,33,0,3
18:17:41,1267,73,36,33,0,3
18:17:42,1268,73,34,33,0,3
18:17:43,1269,73,35,33,0,3
18:17:44,1270,72,34,33,0,3
18:17:45,1271,72,34,33,0,3
18:17:46,1272,72,35,33,0,3
18:17:47,1273,72,34,33,0,3
18:17:48,1274,72,34,33,0,3
18:17:49,1275,72,34,33,0,3
18:17:50,1276,71,34,33,0,3
18:17:51,1277,71,34,49,0,3
18:17:52,1278,71,34,49,0,3
18:17:53,1279,71,34,49,0,3
18:17:54,1280,71,34,49,0,3
18:17:55,1281,71,33,49,0,3
18:17:56,1282,71,34,49,0,3
18:17:57,1283,71,33,49,0,3
18:17:58,1284,71,34,49,0,3
18:17:59,1285,71,32,49,0,3
18:18:00,1286,69,34,49,0,3
18:18:01,1287,69,32,49,0,3
18:18:02,1288,66,33,49,0,3
18:18:03,1289,66,37,49,0,3
18:18:04,1290,66,36,49,0,3
18:18:05,1291,66,31,49,0,3
18:18:06,1292,66,35,49,0,3
18:18:07,1293,66,37,49,0,3
18:18:08,1294,66,38,49,0,3
18:18:09,1295,66,38,49,0,3
18:18:10,1296,66,38,49,0,3
18:18:11,1297,66,35,49,0,3
18:18:12,1298,67,37,49,0,3
18:18:13,1299,67,36,49,0,3
18:18:14,1300,67,36,49,0,3
18:18:15,1301,67,36,49,0,3
18:18:16,1302,67,36,49,0,3
18:18:17,1303,67,36,49,0,3
18:18:18,1304,67,38,49,0,3
18:18:19,1305,67,37,49,0,3
18:18:20,1306,68,36,49,0,3
18:18:21,1307,68,35,49,0,3
18:18:22,1308,68,36,49,0,3
18:18:23,1309,68,36,49,0,3
18:18:24,1310,68,35,49,0,3
18:18:25,1311,68,35,49,0,3
18:18:26,1312,68,32,49,0,3
18:18:27,1313,68,33,49,0,3
18:18:28,1314,68,33,49,0,3
18:18:29,1315,68,32,49,0,3
18:18:30,1316,65,34,49,0,3
18:18:31,1317,65,34,49,0,3
18:18:32,1318,65,35,49,0,3
18:18:33,1319,65,36,49,0,3
18:18:34,1320,65,35,49,0,3
18:18:35,1321,65,36,49,0,3
18:18:36,1322,65,36,49,0,3
18:18:37,1323,65,36,49,0,3
18:18:38,1324,65,35,49,0,3
18:18:39,1325,65,35,49,0,3
18:18:40,1326,61,35,49,0,3
18:18:41,1327,61,34,49,0,3
18:18:42,1328,61,32,49,0,3
18:18:43,1329,61,31,49,0,3
18:18:44,1330,61,31,49,0,3
18:18:45,1331,61,31,49,0,3
18:18:46,1332,61,31,49,0,3
18:18:47,1333,61,32,49,0,3
18:18:48,1334,61,32,49,0,3
18:18:49,1335,61,33,49,0,3
18:18:50,1336,63,33,49,0,3
18:18:51,1337,63,34,49,0,3
18:18:52,1338,63,35,49,0,3
18:18:53,1339,63,35,49,0,3
18:18:54,1340,63,35,49,0,3
18:18:55,1341,63,36,49,0,3
18:18:56,1342,63,36,49,0,3
18:18:57,1343,63,36,49,0,3
18:18:58,1344,63,38,49,0,3
18:18:59,1345,64,36,49,0,3
18:19:00,1346,64,34,49,0,3
18:19:01,1347,64,34,49,0,3
18:19:02,1348,64,33,49,0,3
18:19:03,1349,64,36,49,0,3
18:19:04,1350,64,34,49,0,3
18:19:05,1351,64,35,49,0,3
18:19:06,1352,64,35,49,0,3
18:19:07,1353,64,31,49,0,3
18:19:08,1354,64,31,49,0,3
18:19:09,1355,64,33,49,0,3
18:19:10,1356,64,32,49,0,3
18:19:11,1357,64,33,49,0,3
18:19:12,1358,65,40,49,0,3
18:19:13,1359,65,35,49,0,3
18:19:14,1360,65,36,49,0,3
18:19:15,1361,65,40,49,0,3
18:19:16,1362,64,40,49,0,3
18:19:17,1363,64,39,49,0,3
18:19:18,1364,64,36,49,0,3
18:19:19,1365,64,36,49,0,3
18:19:20,1366,64,35,49,0,3
18:19:21,1367,64,37,49,0,3
18:19:22,1368,64,34,49,0,3
18:19:23,1369,64,35,49,0,3
18:19:24,1370,64,34,49,0,3
18:19:25,1371,64,33,49,0,3
18:19:26,1372,64,34,49,0,3
18:19:27,1373,63,32,49,0,3
18:19:28,1374,63,44,49,0,3
18:19:29,1375,63,32,49,0,3
18:19:30,1376,63,32,49,0,3
18:19:31,1377,63,32,49,0,3
18:19:32,1378,63,34,49,0,3
18:19:33,1379,63,33,49,0,3
18:19:34,1380,63,34,49,0,3
18:19:35,1381,63,35,49,0,3
18:19:36,1382,63,35,49,0,3
18:19:37,1383,63,35,49,0,3
18:19:38,1384,63,37,49,0,3
18:19:39,1385,63,36,49,0,3
18:19:40,1386,66,36,49,0,3
18:19:41,1387,66,37,49,0,3
18:19:42,1388,66,37,49,0,3
18:19:43,1389,66,36,49,0,3
18:19:44,1390,66,36,49,0,3
18:19:45,1391,66,36,49,0,3
18:19:46,1392,66,37,49,0,3
18:19:47,1393,66,37,49,0,3
18:19:48,1394,66,36,49,0,3
18:19:49,1395,66,36,49,0,3
18:19:50,1396,66,36,49,0,3
18:19:51,1397,66,34,49,0,3
18:19:52,1398,66,34,49,0,3
18:19:53,1399,66,36,49,0,3
18:19:54,1400,66,35,49,0,3
18:19:55,1401,66,34,49,0,3
18:19:56,1402,66,40,49,0,3
18:19:57,1403,66,34,49,0,3
18:19:58,1404,66,33,49,0,3
18:19:59,1405,66,34,49,0,3
18:20:00,1406,63,33,49,0,3
18:20:01,1407,63,34,49,0,3
18:20:02,1408,63,32,49,0,3
18:20:03,1409,63,33,49,0,3
18:20:04,1410,63,34,49,0,3
18:20:05,1411,63,33,49,0,3
18:20:06,1412,63,33,49,0,3
18:20:07,1413,63,32,49,0,3
18:20:08,1414,63,34,49,0,3
18:20:09,1415,63,32,49,0,3
18:20:10,1416,62,32,49,0,3
18:20:11,1417,62,31,49,0,3
18:20:12,1418,62,34,49,0,3
18:20:13,1419,62,36,49,0,3
18:20:14,1420,62,32,49,0,3
18:20:15,1421,62,33,49,0,3
18:20:16,1422,61,32,49,0,3
18:20:17,1423,61,31,49,0,3
18:20:18,1424,62,32,49,0,3
18:20:19,1425,62,34,49,0,3
18:20:20,1426,62,33,49,0,3
18:20:21,1427,62,33,49,0,3
18:20:22,1428,62,34,49,0,3
18:20:23,1429,63,32,49,0,3
18:20:24,1430,63,31,49,0,3
18:20:25,1431,63,33,49,0,3
18:20:26,1432,63,33,49,0,3
18:20:27,1433,63,34,49,0,3
18:20:28,1434,63,35,49,0,3
18:20:29,1435,63,34,49,0,3
18:20:30,1436,63,35,49,0,3
18:20:31,1437,63,35,49,0,3
18:20:32,1438,63,35,49,0,3
18:20:33,1439,63,37,49,0,3
18:20:34,1440,63,36,49,0,3
18:20:35,1441,63,39,49,0,3
18:20:36,1442,63,35,49,0,3
18:20:37,1443,63,38,49,0,3
18:20:38,1444,63,36,49,0,3
18:20:39,1445,63,36,49,0,3
18:20:40,1446,66,36,49,0,3
18:20:41,1447,66,36,49,0,3
18:20:42,1448,66,37,49,0,3
18:20:43,1449,66,36,49,0,3
18:20:44,1450,66,36,49,0,3
18:20:45,1451,66,36,49,0,3
18:20:46,1452,66,37,49,0,3
18:20:47,1453,66,37,49,0,3
18:20:48,1454,66,45,49,0,3
18:20:49,1455,66,38,49,0,3
18:20:50,1456,73,38,49,0,3
18:20:51,1457,73,36,49,0,3
18:20:52,1458,73,35,49,0,3
18:20:53,1459,73,35,49,0,3
18:20:54,1460,73,34,49,0,3
18:20:55,1461,73,32,49,0,3
18:20:56,1462,73,36,49,0,3
18:20:57,1463,73,33,49,0,3
18:20:58,1464,73,33,49,0,3
18:20:59,1465,73,35,49,0,3
18:21:00,1466,71,36,49,0,3
18:21:01,1467,71,36,49,0,3
18:21:02,1468,71,36,49,0,3
18:21:03,1469,71,36,49,0,3
18:21:04,1470,71,36,49,0,3
18:21:05,1471,71,36,49,0,3
18:21:06,1472,71,35,49,0,3
18:21:07,1473,71,34,49,0,3
18:21:08,1474,71,35,49,0,3
18:21:09,1475,71,33,49,0,3
18:21:10,1476,79,32,49,0,3
18:21:11,1477,79,35,49,0,3
18:21:12,1478,79,33,49,0,3
18:21:13,1479,79,34,49,0,3
18:21:14,1480,79,36,49,0,3
18:21:15,1481,79,37,49,0,3
18:21:16,1482,79,36,49,0,3
18:21:17,1483,75,36,49,0,3
18:21:18,1484,76,40,49,0,3
18:21:19,1485,76,38,49,0,3
18:21:20,1486,76,37,49,0,3
18:21:21,1487,76,37,49,0,3
18:21:22,1488,76,36,49,0,3
18:21:23,1489,75,33,49,0,3
18:21:24,1490,75,34,49,0,3
18:21:25,1491,75,34,49,0,3
18:21:26,1492,76,36,49,0,3
18:21:27,1493,76,34,49,0,3
18:21:28,1494,76,34,49,0,3
18:21:29,1495,76,35,49,0,3
18:21:30,1496,77,34,49,0,3
18:21:31,1497,77,35,49,0,3
18:21:32,1498,77,36,49,0,3
18:21:33,1499,77,36,49,0,3
18:21:34,1500,77,37,49,0,3
18:21:35,1501,77,35,49,0,3
18:21:36,1502,77,35,49,0,3
18:21:37,1503,77,35,49,0,3
18:21:38,1504,77,35,49,0,3
18:21:39,1505,77,34,49,0,3
18:21:40,1506,73,36,49,0,3
18:21:41,1507,73,35,49,0,3
18:21:42,1508,73,33,49,0,3
18:21:43,1509,73,34,49,0,3
18:21:44,1510,73,34,49,0,3
18:21:45,1511,73,34,49,0,3
18:21:46,1512,73,34,49,0,3
18:21:47,1513,73,35,49,0,3
18:21:48,1514,73,34,49,0,3
18:21:49,1515,73,33,49,0,3
18:21:50,1516,71,35,49,0,3
18:21:51,1517,71,37,49,0,3
18:21:52,1518,71,35,49,0,3
18:21:53,1519,71,37,49,0,3
18:21:54,1520,71,36,49,0,3
18:21:55,1521,71,35,49,0,3
18:21:56,1522,71,36,49,0,3
18:21:57,1523,71,36,49,0,3
18:21:58,1524,71,36,49,0,3
18:21:59,1525,71,36,49,0,3
18:22:00,1526,72,37,49,0,3
18:22:01,1527,72,36,49,0,3
18:22:02,1528,72,35,49,0,3
18:22:03,1529,72,35,49,0,3
18:22:04,1530,72,36,49,0,3
18:22:05,1531,72,37,49,0,3
18:22:06,1532,72,36,49,0,3
18:22:07,1533,72,44,49,0,3
18:22:08,1534,72,34,49,0,3
18:22:09,1535,72,35,49,0,3
18:22:10,1536,74,35,49,0,3
18:22:11,1537,74,35,49,0,3
18:22:12,1538,74,34,49,0,3
18:22:13,1539,74,34,49,0,3
18:22:14,1540,74,36,49,0,3
18:22:15,1541,74,34,49,0,3
18:22:16,1542,74,36,49,0,3
18:22:17,1543,74,37,49,0,3
18:22:18,1544,74,49,49,0,3
18:22:19,1545,74,37,49,0,3
18:22:20,1546,75,36,49,0,3
18:22:21,1547,75,35,49,0,3
18:22:22,1548,75,39,49,0,3
18:22:23,1549,75,34,49,0,3
18:22:24,1550,75,34,49,0,3
18:22:25,1551,75,34,49,0,3
18:22:26,1552,75,34,49,0,3
18:22:27,1553,75,35,49,0,3
18:22:28,1554,75,32,49,0,3
18:22:29,1555,75,34,49,0,3
18:22:30,1556,72,34,49,0,3
18:22:31,1557,72,33,49,0,3
18:22:32,1558,71,47,49,0,3
18:22:33,1559,71,42,49,0,3
18:22:34,1560,71,43,49,0,3
18:22:35,1561,71,46,49,0,3
18:22:36,1562,71,39,49,0,3
18:22:37,1563,71,39,49,0,3
18:22:38,1564,70,35,49,0,3
18:22:39,1565,71,37,49,0,3
18:22:40,1566,71,36,49,0,3
18:22:41,1567,74,36,49,0,3
18:22:42,1568,74,36,49,0,3
18:22:43,1569,74,37,49,0,3
18:22:44,1570,74,36,49,0,3
18:22:45,1571,74,35,49,0,3
18:22:46,1572,74,36,49,0,3
18:22:47,1573,74,36,49,0,3
18:22:48,1574,74,36,49,0,3
18:22:49,1575,74,35,49,0,3
18:22:50,1576,74,37,49,0,3
18:22:51,1577,74,35,49,0,3
18:22:52,1578,74,35,49,0,3
18:22:53,1579,74,36,49,0,3
18:22:54,1580,74,35,49,0,3
18:22:55,1581,74,32,49,0,3
18:22:56,1582,74,32,49,0,3
18:22:57,1583,74,33,49,0,3
18:22:58,1584,74,31,49,0,3
18:22:59,1585,74,33,49,0,3
18:23:00,1586,75,36,49,0,3
18:23:01,1587,75,32,49,0,3
18:23:02,1588,75,33,49,0,3
18:23:03,1589,75,35,49,0,3
18:23:04,1590,75,36,49,0,3
18:23:05,1591,75,38,49,0,3
18:23:06,1592,75,34,49,0,3
18:23:07,1593,75,35,49,0,3
18:23:08,1594,75,38,49,0,3
18:23:09,1595,75,36,49,0,3
18:23:10,1596,76,35,49,0,3
18:23:11,1597,76,34,49,0,3
18:23:12,1598,76,34,49,0,3
18:23:13,1599,76,33,49,0,3
18:23:14,1600,76,33,49,0,3
18:23:15,1601,76,32,49,0,3
18:23:16,1602,76,31,49,0,3
18:23:17,1603,76,32,49,0,3
18:23:18,1604,76,31,49,0,3
18:23:19,1605,76,31,49,0,3
18:23:20,1606,79,33,49,0,3
18:23:21,1607,79,34,49,0,3
18:23:22,1608,79,34,49,0,3
18:23:23,1609,79,34,49,0,3
18:23:24,1610,79,35,49,0,3
18:23:25,1611,79,35,49,0,3
18:23:26,1612,79,35,49,0,3
18:23:27,1613,79,34,49,0,3
18:23:28,1614,79,34,49,0,3
18:23:29,1615,79,34,49,0,3
18:23:30,1616,74,33,49,0,3
18:23:31,1617,75,39,49,0,3
18:23:32,1618,75,36,49,0,3
18:23:33,1619,75,40,49,0,3
18:23:34,1620,75,34,49,0,3
18:23:35,1621,75,34,49,0,3
18:23:36,1622,75,33,49,0,3
18:23:37,1623,75,33,49,0,3
18:23:38,1624,75,32,49,0,3
18:23:39,1625,75,33,49,0,3
18:23:40,1626,75,34,49,0,3
18:23:41,1627,75,33,49,0,3
18:23:42,1628,75,32,49,0,3
18:23:43,1629,75,33,49,0,3
18:23:44,1630,71,35,49,0,3
18:23:45,1631,71,38,49,0,3
18:23:46,1632,70,34,49,0,3
18:23:47,1633,70,35,49,0,3
18:23:48,1634,70,34,49,0,3
18:23:49,1635,70,35,49,0,3
18:23:50,1636,70,35,49,0,3
18:23:51,1637,70,34,49,0,3
18:23:52,1638,69,34,49,0,1
18:23:53,1639,69,35,49,0,1
18:23:54,1640,69,33,49,0,1
18:23:55,1641,69,32,49,0,1
18:23:56,1642,69,31,49,0,1
18:23:57,1643,69,41,49,0,1
18:23:58,1644,69,40,49,0,1
18:23:59,1645,69,31,49,0,1
18:24:00,1646,69,39,49,0,1
18:24:01,1647,69,38,49,0,1
18:24:02,1648,69,35,49,0,1
18:24:03,1649,69,34,49,0,1
18:24:04,1650,69,36,49,0,1
18:24:05,1651,69,37,49,0,1
18:24:06,1652,69,34,49,0,1
18:24:07,1653,69,35,49,0,1
18:24:08,1654,69,35,49,0,1
18:24:09,1655,69,33,49,0,1
18:24:10,1656,69,42,49,0,1
18:24:11,1657,69,44,49,0,1
18:24:12,1658,69,41,49,0,1
18:24:13,1659,69,36,49,0,1
18:24:14,1660,69,44,49,0,1
18:24:15,1661,69,38,49,0,1
18:24:16,1662,69,34,49,0,1
18:24:17,1663,69,35,49,0,1
18:24:18,1664,69,35,49,0,1
18:24:19,1665,69,34,49,0,1
18:24:20,1666,70,35,49,0,1
18:24:21,1667,70,33,49,0,1
18:24:22,1668,70,33,49,0,1
18:24:23,1669,70,31,49,0,1
18:24:24,1670,70,31,49,0,1
18:24:25,1671,70,33,49,0,1
18:24:26,1672,70,32,49,0,1
18:24:27,1673,70,31,49,0,1
18:24:28,1674,70,43,49,0,1
18:24:29,1675,70,33,49,0,1
18:24:30,1676,74,34,49,0,1
18:24:31,1677,74,34,49,0,1
18:24:32,1678,74,34,49,0,1
18:24:33,1679,74,34,49,0,1
18:24:34,1680,74,32,49,0,1
18:24:35,1681,74,35,49,0,1
18:24:36,1682,74,34,49,0,1
18:24:37,1683,74,32,49,0,1
18:24:38,1684,74,35,49,0,1
18:24:39,1685,74,36,49,0,1
18:24:40,1686,110,35,49,0,1
18:24:41,1687,110,33,49,0,1
18:24:42,1688,110,36,49,0,1
18:24:43,1689,110,34,49,0,1
18:24:44,1690,110,34,49,0,1
18:24:45,1691,110,34,49,0,1
18:24:46,1692,110,35,49,0,1
18:24:47,1693,110,34,49,0,1
18:24:48,1694,110,34,49,0,1
18:24:49,1695,110,35,49,0,1
18:24:50,1696,117,35,49,0,1
18:24:51,1697,117,34,49,0,1
18:24:52,1698,117,45,49,0,1
18:24:53,1699,118,34,49,0,1
18:24:54,1700,118,33,49,0,1
18:24:55,1701,118,35,49,0,1
18:24:56,1702,118,40,49,0,1
18:24:57,1703,118,42,49,0,1
18:24:58,1704,117,36,49,0,1
18:24:59,1705,117,33,49,0,1
18:25:00,1706,117,35,49,0,1
18:25:01,1707,117,33,49,0,1
18:25:02,1708,117,36,49,0,1
18:25:03,1709,117,36,49,0,1
18:25:04,1710,117,32,49,0,1
18:25:05,1711,117,33,49,0,1
18:25:06,1712,117,35,49,0,1
18:25:07,1713,117,33,49,0,1
18:25:08,1714,117,35,49,0,1
18:25:09,1715,117,34,49,0,1
18:25:10,1716,70,35,49,0,1
18:25:11,1717,70,35,49,0,1
18:25:12,1718,70,33,49,0,1
18:25:13,1719,70,38,49,0,1
18:25:14,1720,70,33,49,0,1
18:25:15,1721,70,33,49,0,1
18:25:16,1722,70,35,49,0,1
18:25:17,1723,71,34,49,0,1
18:25:18,1724,72,33,49,0,1
18:25:19,1725,72,33,49,0,1
18:25:20,1726,72,33,49,0,1
18:25:21,1727,72,34,49,0,1
18:25:22,1728,72,32,49,0,1
18:25:23,1729,72,32,49,0,1
18:25:24,1730,72,33,49,0,1
18:25:25,1731,72,32,49,0,1
18:25:26,1732,72,34,49,0,1
18:25:27,1733,72,32,49,0,1
18:25:28,1734,72,33,49,0,1
18:25:29,1735,72,33,49,0,1
18:25:30,1736,72,32,49,0,1
18:25:31,1737,72,34,49,0,1
18:25:32,1738,72,33,49,0,1
18:25:33,1739,72,33,49,0,1
18:25:34,1740,72,32,49,0,1
18:25:35,1741,72,34,49,0,1
18:25:36,1742,72,34,49,0,1
18:25:37,1743,72,33,49,0,1
18:25:38,1744,72,32,49,0,1
18:25:39,1745,72,33,49,0,1
18:25:40,1746,76,32,49,0,1
18:25:41,1747,76,32,49,0,1
18:25:42,1748,76,34,49,0,1
18:25:43,1749,76,33,49,0,1
18:25:44,1750,76,32,49,0,1
18:25:45,1751,76,34,49,0,1
18:25:46,1752,76,35,49,0,1
18:25:47,1753,76,33,49,0,1
18:25:48,1754,76,34,49,0,1
18:25:49,1755,76,34,49,0,1
18:25:50,1756,77,32,49,0,1
18:25:51,1757,77,34,49,0,1
18:25:52,1758,77,33,49,0,1
18:25:53,1759,77,33,49,0,1
18:25:54,1760,77,32,49,0,1
18:25:55,1761,77,33,49,0,1
18:25:56,1762,77,33,49,0,1
18:25:57,1763,77,32,49,0,1
18:25:58,1764,77,33,49,0,1
18:25:59,1765,77,34,49,0,1
18:26:00,1766,105,33,49,0,1
18:26:01,1767,105,32,49,0,1
18:26:02,1768,105,34,49,0,1
18:26:03,1769,105,34,49,0,1
18:26:04,1770,105,32,49,0,1
18:26:05,1771,105,32,49,0,1
18:26:06,1772,105,34,49,0,1
18:26:07,1773,105,32,49,0,1
18:26:08,1774,105,32,49,0,1
18:26:09,1775,105,35,49,0,1
18:26:10,1776,107,32,49,0,1
18:26:11,1777,107,33,49,0,1
18:26:12,1778,106,37,49,0,1
18:26:13,1779,106,34,49,0,1
18:26:14,1780,106,33,49,0,1
18:26:15,1781,106,32,49,0,1
18:26:16,1782,107,33,49,0,1
18:26:17,1783,108,33,49,0,1
18:26:18,1784,108,33,49,0,1
18:26:19,1785,109,35,49,0,1
18:26:20,1786,109,34,49,0,1
18:26:21,1787,110,33,49,0,1
18:26:22,1788,110,32,49,0,1
18:26:23,1789,110,35,49,0,1
18:26:24,1790,110,34,49,0,1
18:26:25,1791,110,32,49,0,1
18:26:26,1792,110,35,49,0,1
18:26:27,1793,110,33,49,0,1
18:26:28,1794,110,33,49,0,1
18:26:29,1795,110,34,49,0,1
18:26:30,1796,110,33,49,0,1
18:26:31,1797,110,32,49,0,1
18:26:32,1798,110,33,49,0,1
18:26:33,1799,110,34,49,0,1
18:26:34,1800,110,33,49,0,1
18:26:35,1801,110,32,49,0,1
18:26:36,1802,110,33,49,0,1
18:26:37,1803,110,33,49,0,1
18:26:38,1804,110,31,49,0,1
18:26:39,1805,110,34,49,0,1
18:26:40,1806,110,33,49,0,1
18:26:41,1807,110,32,49,0,1
18:26:42,1808,110,33,49,0,1
18:26:43,1809,110,35,49,0,1
18:26:44,1810,110,33,49,0,1
18:26:45,1811,110,35,49,0,1
18:26:46,1812,110,36,49,0,1
18:26:47,1813,110,35,49,0,1
18:26:48,1814,110,35,49,0,1
18:26:49,1815,110,35,49,0,1
18:26:50,1816,70,39,49,0,1
18:26:51,1817,70,36,49,0,1
18:26:52,1818,70,34,49,0,1
18:26:53,1819,70,37,49,0,1
18:26:54,1820,70,37,49,0,1
18:26:55,1821,70,35,49,0,1
18:26:56,1822,70,35,49,0,1
18:26:57,1823,70,36,49,0,1
18:26:58,1824,70,36,49,0,1
18:26:59,1825,70,35,49,0,1
18:27:00,1826,66,35,49,0,1
18:27:01,1827,66,35,49,0,1
18:27:02,1828,66,35,49,0,1
18:27:03,1829,66,35,49,0,1
18:27:04,1830,66,34,49,0,1
18:27:05,1831,66,36,49,0,1
18:27:06,1832,66,41,49,0,1
18:27:07,1833,66,41,49,0,1
18:27:08,1834,66,36,49,0,1
18:27:09,1835,66,34,49,0,1
18:27:10,1836,67,33,49,0,1
18:27:11,1837,67,34,49,0,1
18:27:12,1838,67,34,49,0,1
18:27:13,1839,67,34,49,0,1
18:27:14,1840,67,37,49,0,1
18:27:15,1841,67,34,49,0,1
18:27:16,1842,67,34,49,0,1
18:27:17,1843,67,33,49,0,1
18:27:18,1844,67,31,49,0,1
18:27:19,1845,67,33,49,0,1
18:27:20,1846,66,32,49,0,1
18:27:21,1847,66,31,49,0,1
18:27:22,1848,66,34,49,0,1
18:27:23,1849,66,32,49,0,1
18:27:24,1850,66,31,49,0,1
18:27:25,1851,66,33,49,0,1
18:27:26,1852,66,34,49,0,1
18:27:27,1853,66,33,49,0,1
18:27:28,1854,66,34,49,0,1
18:27:29,1855,66,35,49,0,1
18:27:30,1856,64,32,49,0,1
18:27:31,1857,64,34,49,0,1
18:27:32,1858,64,49,49,0,1
18:27:33,1859,64,40,49,0,1
18:27:34,1860,65,47,49,0,1
18:27:35,1861,65,34,49,0,1
18:27:36,1862,65,34,49,0,1
18:27:37,1863,65,34,49,0,1
18:27:38,1864,65,34,49,0,1
18:27:39,1865,65,37,49,0,1
18:27:40,1866,65,34,49,0,1
18:27:41,1867,65,34,49,0,1
18:27:42,1868,65,35,49,0,1
18:27:43,1869,65,35,49,0,1
18:27:44,1870,65,35,49,0,1
18:27:45,1871,65,35,49,0,1
18:27:46,1872,65,37,49,0,1
18:27:47,1873,65,35,49,0,1
18:27:48,1874,65,36,49,0,1
18:27:49,1875,65,36,49,0,1
18:27:50,1876,73,36,49,0,1
18:27:51,1877,73,35,49,0,1
18:27:52,1878,73,36,49,0,1
18:27:53,1879,73,36,49,0,1
18:27:54,1880,73,36,49,0,1
18:27:55,1881,73,36,49,0,1
18:27:56,1882,73,37,49,0,1
18:27:57,1883,73,35,49,0,1
18:27:58,1884,73,35,49,0,1
18:27:59,1885,73,36,49,0,1
18:28:00,1886,74,35,49,0,1
18:28:01,1887,74,36,49,0,1
18:28:02,1888,74,36,49,0,1
18:28:03,1889,74,36,49,0,1
18:28:04,1890,74,36,49,0,1
18:28:05,1891,74,35,49,0,1
18:28:06,1892,74,35,49,0,1
18:28:07,1893,74,35,49,0,1
18:28:08,1894,74,36,49,0,1
18:28:09,1895,74,35,49,0,1
18:28:10,1896,71,45,49,0,1
18:28:11,1897,71,35,49,0,1
18:28:12,1898,71,48,49,0,1
18:28:13,1899,72,36,49,0,1
18:28:14,1900,73,41,49,0,1
18:28:15,1901,73,50,49,0,1
18:28:16,1902,73,34,49,0,1
18:28:17,1903,73,35,49,0,1
18:28:18,1904,73,42,49,0,1
18:28:19,1905,73,35,49,0,1
18:28:20,1906,73,34,49,0,1
18:28:21,1907,73,34,49,0,1
18:28:22,1908,73,34,49,0,1
18:28:23,1909,73,37,49,0,1
18:28:24,1910,73,34,49,0,1
18:28:25,1911,73,34,49,0,1
18:28:26,1912,73,33,49,0,1
18:28:27,1913,73,34,49,0,1
18:28:28,1914,73,35,49,0,1
18:28:29,1915,73,37,49,0,1
18:28:30,1916,73,33,49,0,1
18:28:31,1917,73,34,49,0,1
18:28:32,1918,73,35,49,0,1
18:28:33,1919,73,34,49,0,1
18:28:34,1920,73,33,49,0,1
18:28:35,1921,73,36,49,0,1
18:28:36,1922,73,34,49,0,1
18:28:37,1923,73,37,49,0,1
18:28:38,1924,73,36,49,0,1
18:28:39,1925,73,34,49,0,1
18:28:40,1926,76,32,49,0,1
18:28:41,1927,76,35,49,0,1
18:28:42,1928,76,43,49,0,1
18:28:43,1929,76,37,49,0,1
18:28:44,1930,76,37,49,0,1
18:28:45,1931,76,39,49,0,1
18:28:46,1932,76,34,49,0,1
18:28:47,1933,76,35,49,0,1
18:28:48,1934,76,35,49,0,1
18:28:49,1935,76,37,49,0,1
18:28:50,1936,77,37,49,0,1
18:28:51,1937,77,35,49,0,1
18:28:52,1938,77,42,49,0,1
18:28:53,1939,77,38,49,0,1
18:28:54,1940,77,38,49,0,1
18:28:55,1941,77,37,49,0,1
18:28:56,1942,77,33,49,0,1
18:28:57,1943,77,36,49,0,1
18:28:58,1944,77,34,49,0,1
18:28:59,1945,77,35,49,0,1
18:29:00,1946,76,37,49,0,1
18:29:01,1947,76,35,49,0,1
18:29:02,1948,76,34,49,0,1
18:29:03,1949,76,35,49,0,1
18:29:04,1950,76,35,49,0,1
18:29:05,1951,76,37,49,0,1
18:29:06,1952,76,34,49,0,1
18:29:07,1953,76,36,49,0,1
18:29:08,1954,76,44,49,0,1
18:29:09,1955,76,38,49,0,1
18:29:10,1956,72,57,49,0,1
18:29:11,1957,72,35,49,0,1
18:29:12,1958,72,34,49,0,1
18:29:13,1959,72,35,49,0,1
18:29:14,1960,72,38,49,0,1
18:29:15,1961,72,36,49,0,1
18:29:16,1962,72,35,49,0,1
18:29:17,1963,72,36,49,0,1
18:29:18,1964,72,35,49,0,1
18:29:19,1965,71,35,49,0,1
18:29:20,1966,71,35,49,0,1
18:29:21,1967,71,36,49,0,1
18:29:22,1968,71,33,49,0,1
18:29:23,1969,71,33,49,0,1
18:29:24,1970,71,36,49,0,1
18:29:25,1971,71,34,49,0,1
18:29:26,1972,71,34,49,0,1
18:29:27,1973,71,36,49,0,1
18:29:28,1974,71,37,49,0,1
18:29:29,1975,71,35,49,0,1
18:29:30,1976,69,36,49,0,1
18:29:31,1977,69,37,49,0,1
18:29:32,1978,69,35,49,0,1
18:29:33,1979,69,36,49,0,1
18:29:34,1980,69,36,49,0,1
18:29:35,1981,69,36,49,0,1
18:29:36,1982,69,35,49,0,1
18:29:37,1983,69,34,49,0,1
18:29:38,1984,69,35,49,0,1
18:29:39,1985,69,33,49,0,1
18:29:40,1986,69,32,49,0,1
18:29:41,1987,69,32,49,0,1
18:29:42,1988,69,36,49,0,1
18:29:43,1989,69,45,49,0,1
18:29:44,1990,69,33,49,0,1
18:29:45,1991,69,34,49,0,1
18:29:46,1992,69,32,49,0,1
18:29:47,1993,69,35,49,0,1
18:29:48,1994,69,35,52,0,1
18:29:49,1995,69,37,52,0,1
18:29:50,1996,69,35,52,0,1
18:29:51,1997,69,35,52,0,1
18:29:52,1998,69,35,52,0,1
18:29:53,1999,69,36,52,0,1
18:29:54,2000,69,35,52,0,1
18:29:55,2001,69,36,52,0,1
18:29:56,2002,69,36,52,0,1
18:29:57,2003,69,36,52,0,1
18:29:58,2004,69,35,52,0,1
18:29:59,2005,69,35,52,0,1
18:30:00,2006,70,37,52,0,1
18:30:01,2007,70,35,52,0,1
18:30:02,2008,70,34,52,0,1
18:30:03,2009,70,34,52,0,1
18:30:04,2010,70,34,52,0,1
18:30:05,2011,70,33,52,0,1
18:30:06,2012,70,34,52,0,1
18:30:07,2013,70,35,52,0,1
18:30:08,2014,70,30,52,0,1
18:30:09,2015,70,31,52,0,1
18:30:10,2016,65,34,52,0,1
18:30:11,2017,65,32,52,0,1
18:30:12,2018,65,32,52,0,1
18:30:13,2019,65,34,52,0,1
18:30:14,2020,65,35,52,0,1
18:30:15,2021,65,35,52,0,1
18:30:16,2022,65,36,52,0,1
18:30:17,2023,65,35,52,0,1
18:30:18,2024,65,38,52,0,1
18:30:19,2025,65,35,52,0,1
18:30:20,2026,61,35,52,0,1
18:30:21,2027,61,37,52,0,1
18:30:22,2028,61,35,52,0,1
18:30:23,2029,61,36,52,0,1
18:30:24,2030,61,36,52,0,1
18:30:25,2031,61,35,52,0,1
18:30:26,2032,61,35,52,0,1
18:30:27,2033,61,33,52,0,1
18:30:28,2034,61,34,52,0,1
18:30:29,2035,61,36,52,0,1
18:30:30,2036,62,33,52,0,1
18:30:31,2037,62,33,52,0,1
18:30:32,2038,62,37,52,0,1
18:30:33,2039,62,37,52,0,1
18:30:34,2040,62,36,52,0,1
18:30:35,2041,62,37,52,0,1
18:30:36,2042,62,37,52,0,1
18:30:37,2043,62,37,52,0,1
18:30:38,2044,62,37,52,0,1
18:30:39,2045,62,44,52,0,1
18:30:40,2046,67,38,52,0,1
18:30:41,2047,67,38,52,0,1
18:30:42,2048,67,37,52,0,1
18:30:43,2049,67,37,52,0,1
18:30:44,2050,67,35,52,0,1
18:30:45,2051,67,35,52,0,1
18:30:46,2052,67,37,52,0,1
18:30:47,2053,67,35,52,0,1
18:30:48,2054,67,36,52,0,1
18:30:49,2055,67,37,52,0,1
18:30:50,2056,69,35,52,0,1
18:30:51,2057,69,36,52,0,1
18:30:52,2058,69,35,52,0,1
18:30:53,2059,69,37,52,0,1
18:30:54,2060,69,35,52,0,1
18:30:55,2061,69,36,52,0,1
18:30:56,2062,69,36,52,0,1
18:30:57,2063,69,38,52,0,1
18:30:58,2064,69,36,52,0,1
18:30:59,2065,69,36,52,0,1
18:31:00,2066,71,37,52,0,1
18:31:01,2067,71,35,52,0,1
18:31:02,2068,71,36,52,0,1
18:31:03,2069,71,37,52,0,1
18:31:04,2070,71,38,52,0,1
18:31:05,2071,71,36,52,0,1
18:31:06,2072,71,36,52,0,1
18:31:07,2073,71,37,52,0,1
18:31:08,2074,71,35,52,0,1
18:31:09,2075,71,35,52,0,1
18:31:10,2076,72,35,52,0,1
18:31:11,2077,72,35,52,0,1
18:31:12,2078,72,35,52,0,1
18:31:13,2079,72,36,52,0,1
18:31:14,2080,72,36,52,0,1
18:31:15,2081,72,36,52,0,1
18:31:16,2082,72,36,52,0,1
18:31:17,2083,72,35,52,0,1
18:31:18,2084,72,35,52,0,1
18:31:19,2085,72,36,52,0,1
18:31:20,2086,75,36,52,0,1
18:31:21,2087,75,34,52,0,1
18:31:22,2088,75,36,52,0,1
18:31:23,2089,75,35,52,0,1
18:31:24,2090,75,36,52,0,1
18:31:25,2091,75,36,52,0,1
18:31:26,2092,75,35,52,0,1
18:31:27,2093,75,35,52,0,1
18:31:28,2094,75,36,52,0,1
18:31:29,2095,75,37,52,0,1
18:31:30,2096,74,36,52,0,1
18:31:31,2097,68,35,52,0,1
18:31:32,2098,68,38,52,0,1
18:31:33,2099,68,36,52,0,1
18:31:34,2100,67,36,52,0,1
18:31:35,2101,67,37,52,0,1
18:31:36,2102,67,36,52,0,1
18:31:37,2103,67,34,52,0,1
18:31:38,2104,67,37,52,0,1
18:31:39,2105,67,42,52,0,1
18:31:40,2106,67,37,52,0,1
18:31:41,2107,67,36,52,0,1
18:31:42,2108,67,36,52,0,1
18:31:43,2109,66,36,52,0,1
18:31:44,2110,66,36,52,0,1
18:31:45,2111,66,35,52,0,1
18:31:46,2112,66,46,52,0,1
18:31:47,2113,66,35,52,0,1
18:31:48,2114,66,38,52,0,1
18:31:49,2115,67,53,52,0,1
18:31:50,2116,68,39,52,0,1
18:31:51,2117,69,39,52,0,1
18:31:52,2118,69,37,52,0,1
18:31:53,2119,69,34,52,0,1
18:31:54,2120,69,35,52,0,1
18:31:55,2121,69,35,52,0,1
18:31:56,2122,69,37,52,0,1
18:31:57,2123,69,34,52,0,1
18:31:58,2124,69,34,52,0,1
18:31:59,2125,69,34,52,0,1
18:32:00,2126,69,36,52,0,1
18:32:01,2127,69,34,52,0,1
18:32:02,2128,69,33,52,0,1
18:32:03,2129,69,32,52,0,1
18:32:04,2130,69,49,52,0,1
18:32:05,2131,69,34,52,0,1
18:32:06,2132,69,34,52,0,1
18:32:07,2133,69,35,52,0,1
18:32:08,2134,69,36,52,0,1
18:32:09,2135,69,35,52,0,1
18:32:10,2136,68,34,52,0,1
18:32:11,2137,68,36,52,0,1
18:32:12,2138,68,40,52,0,1
18:32:13,2139,68,35,52,0,1
18:32:14,2140,68,37,52,0,1
18:32:15,2141,68,37,52,0,1
18:32:16,2142,68,37,52,0,1
18:32:17,2143,68,35,52,0,1
18:32:18,2144,68,36,52,0,1
18:32:19,2145,68,38,52,0,1
18:32:20,2146,62,38,52,0,1
18:32:21,2147,62,36,52,0,1
18:32:22,2148,62,38,52,0,1
18:32:23,2149,62,37,52,0,1
18:32:24,2150,62,37,52,0,1
18:32:25,2151,62,37,52,0,1
18:32:26,2152,62,37,52,0,1
18:32:27,2153,62,37,52,0,1
18:32:28,2154,63,37,52,0,1
18:32:29,2155,63,37,52,0,1
18:32:30,2156,63,36,52,0,1
18:32:31,2157,63,36,52,0,1
18:32:32,2158,63,36,52,0,1
18:32:33,2159,63,37,52,0,1
18:32:34,2160,63,37,52,0,1
18:32:35,2161,63,34,52,0,1
18:32:36,2162,63,36,52,0,1
18:32:37,2163,64,37,52,0,1
18:32:38,2164,64,34,52,0,1
18:32:39,2165,64,37,52,0,1
18:32:40,2166,65,37,52,0,1
18:32:41,2167,65,35,52,0,1
18:32:42,2168,65,34,52,0,1
18:32:43,2169,65,38,52,0,1
18:32:44,2170,65,37,52,0,1
18:32:45,2171,65,36,52,0,1
18:32:46,2172,65,38,52,0,1
18:32:47,2173,65,35,52,0,1
18:32:48,2174,65,35,52,0,1
18:32:49,2175,65,34,52,0,1
18:32:50,2176,65,35,52,0,1
18:32:51,2177,65,34,52,0,1
18:32:52,2178,65,36,52,0,1
18:32:53,2179,65,34,52,0,1
18:32:54,2180,65,35,52,0,1
18:32:55,2181,65,35,52,0,1
18:32:56,2182,65,41,52,0,1
18:32:57,2183,65,42,52,0,1
18:32:58,2184,65,39,52,0,1
18:32:59,2185,65,41,52,0,1
18:33:00,2186,66,36,52,0,1
18:33:01,2187,66,37,52,0,1
18:33:02,2188,66,37,52,0,1
18:33:03,2189,66,51,52,0,1
18:33:04,2190,66,40,52,0,1
18:33:05,2191,66,39,52,0,1
18:33:06,2192,66,37,52,0,1
18:33:07,2193,69,43,52,0,1
18:33:08,2194,69,36,52,0,1
18:33:09,2195,70,40,52,0,1
18:33:10,2196,70,43,52,0,1
18:33:11,2197,70,39,52,0,1
18:33:12,2198,70,35,52,0,1
18:33:13,2199,70,35,52,0,1
18:33:14,2200,70,33,52,0,1
18:33:15,2201,70,33,52,0,1
18:33:16,2202,70,48,52,0,1
18:33:17,2203,70,46,52,0,1
18:33:18,2204,70,45,36,0,1
18:33:19,2205,70,43,36,0,1
18:33:20,2206,70,53,36,0,1
18:33:21,2207,70,48,36,0,1
18:33:22,2208,70,43,36,0,1
18:33:23,2209,70,38,36,0,1
18:33:24,2210,70,39,36,0,1
18:33:25,2211,69,45,36,0,1
18:33:26,2212,69,48,36,0,1
18:33:27,2213,69,42,36,0,1
18:33:28,2214,69,37,36,0,1
18:33:29,2215,69,46,36,0,1
18:33:30,2216,71,49,36,0,1
