Time_Val,Time_sec,Heart_Rate,Sound,Light,Phone_Active
15:21:42,1,70,40,44,0
15:21:43,2,70,21,44,0
15:21:44,3,70,39,44,0
15:21:45,4,70,41,44,0
15:21:46,5,70,36,44,0
15:21:47,6,70,45,44,0
15:21:48,7,70,40,44,0
15:21:49,8,70,36,44,0
15:21:50,9,70,34,44,0
15:21:51,10,70,35,45,0
15:21:52,11,78,42,44,0
15:21:53,12,78,31,44,0
15:21:54,13,78,50,44,0
15:21:55,14,77,62,44,0
15:21:56,15,77,54,45,0
15:21:57,16,77,40,45,0
15:21:58,17,86,21,45,0
15:21:59,18,86,44,44,0
15:22:00,19,86,49,44,0
15:22:01,20,83,59,45,0
15:22:02,21,83,61,45,0
15:22:03,22,83,40,45,0
15:22:04,23,90,18,45,0
15:22:05,24,90,43,45,0
15:22:06,25,90,38,45,0
15:22:07,26,91,18,45,0
15:22:08,27,91,28,45,0
15:22:09,28,91,24,45,0
15:22:10,29,91,35,45,0
15:22:11,30,91,62,44,0
15:22:12,31,90,43,45,0
15:22:13,32,90,15,44,0
15:22:14,33,90,36,44,0
15:22:15,34,90,43,45,0
15:22:16,35,90,48,45,0
15:22:17,36,90,46,44,0
15:22:18,37,90,49,44,0
15:22:19,38,91,46,44,0
15:22:20,39,92,42,44,0
15:22:21,40,92,35,45,0
15:22:22,41,92,31,45,0
15:22:23,42,96,28,44,0
15:22:24,43,97,33,44,0
15:22:25,44,97,32,45,0
15:22:26,45,97,33,45,0
15:22:27,46,97,41,45,0
15:22:28,47,97,40,45,0
15:22:29,48,97,51,45,0
15:22:30,49,98,24,44,0
15:22:31,50,98,59,45,0
15:22:32,51,98,44,45,0
15:22:33,52,88,31,45,0
15:22:34,53,88,47,45,0
15:22:35,54,88,43,45,0
15:22:36,55,89,44,44,0
15:22:37,56,89,45,45,0
15:22:38,57,89,43,45,0
15:22:39,58,84,32,45,0
15:22:40,59,85,34,44,0
15:22:41,60,85,46,44,0
15:22:42,61,85,28,44,0
15:22:43,62,83,26,45,0
15:22:44,63,83,49,45,0
15:22:45,64,83,29,45,0
15:22:46,65,85,37,45,0
15:22:47,66,85,41,44,0
15:22:48,67,85,36,45,0
15:22:49,68,90,40,45,0
15:22:50,69,88,40,45,0
15:22:51,70,88,44,45,0
15:22:52,71,88,39,45,0
15:22:53,72,87,44,45,0
15:22:54,73,87,38,44,0
15:22:55,74,87,37,44,0
15:22:56,75,88,37,45,0
15:22:57,76,88,33,45,0
15:22:58,77,88,33,45,0
15:22:59,78,79,37,46,0
15:23:00,79,79,36,45,0
15:23:01,80,79,27,45,0
15:23:02,81,79,31,45,0
15:23:03,82,80,35,45,0
15:23:04,83,80,37,45,0
15:23:05,84,80,33,45,0
15:23:06,85,83,26,45,0
15:23:07,86,83,30,45,0
15:23:08,87,83,33,45,0
15:23:09,88,80,29,44,0
15:23:10,89,80,33,45,0
15:23:11,90,80,40,45,0
15:23:12,91,86,15,45,0
15:23:13,92,86,17,45,0
15:23:14,93,85,34,44,0
15:23:15,94,85,34,44,0
15:23:16,95,85,36,46,0
15:23:17,96,82,37,44,0
15:23:18,97,82,41,44,0
15:23:19,98,82,38,45,0
15:23:20,99,82,37,44,0
15:23:21,100,82,43,45,0
15:23:22,101,82,39,44,0
15:23:23,102,82,36,44,0
15:23:24,103,82,32,45,0
15:23:25,104,82,40,45,0
15:23:26,105,82,33,45,0
15:23:27,106,82,35,45,0
15:23:28,107,82,36,45,0
15:23:29,108,81,30,45,0
15:23:30,109,78,27,45,0
15:23:31,110,78,29,45,0
15:23:32,111,78,26,44,0
15:23:33,112,78,29,44,0
15:23:34,113,78,30,45,0
15:23:35,114,78,32,44,0
15:23:36,115,78,34,45,0
15:23:37,116,78,35,45,0
15:23:38,117,78,39,45,0
15:23:39,118,79,35,45,0
15:23:40,119,79,41,45,0
15:23:41,120,79,40,45,0
15:23:42,121,86,42,45,0
15:23:43,122,86,41,45,0
15:23:44,123,86,40,45,0
15:23:45,124,86,36,45,0
15:23:46,125,86,34,44,0
15:23:47,126,86,40,44,0
15:23:48,127,84,42,45,0
15:23:49,128,84,45,45,0
15:23:50,129,87,42,45,0
15:23:51,130,87,45,45,0
15:23:52,131,87,31,45,0
15:23:53,132,88,47,44,0
15:23:54,133,88,41,45,0
15:23:55,134,88,39,45,0
15:23:56,135,89,35,45,0
15:23:57,136,89,32,45,0
15:23:58,137,89,42,45,0
15:23:59,138,91,38,44,0
15:24:00,139,91,29,45,0
15:24:01,140,91,29,44,0
15:24:02,141,88,28,45,0
15:24:03,142,88,36,45,0
15:24:04,143,88,37,44,0
15:24:05,144,88,21,44,0
15:24:06,145,87,48,44,0
15:24:07,146,87,61,45,0
15:24:08,147,87,51,45,0
15:24:09,148,89,40,44,0
15:24:10,149,89,37,45,0
15:24:11,150,89,41,44,0
15:24:12,151,85,51,46,0
15:24:13,152,85,38,44,0
15:24:14,153,85,51,45,0
15:24:15,154,85,53,45,0
15:24:16,155,85,52,44,0
15:24:17,156,85,44,44,0
15:24:18,157,87,46,44,0
15:24:19,158,87,43,44,0
15:24:20,159,91,37,44,0
15:24:21,160,91,39,44,0
15:24:22,161,91,48,45,0
15:24:23,162,85,40,44,0
15:24:24,163,85,46,44,0
15:24:25,164,85,40,44,0
15:24:26,165,84,45,45,0
15:24:27,166,84,51,44,0
15:24:28,167,84,68,45,0
15:24:29,168,84,60,45,0
15:24:30,169,85,53,44,0
15:24:31,170,85,66,44,0
15:24:32,171,85,61,44,0
15:24:33,172,84,50,44,0
15:24:34,173,84,51,44,0
15:24:35,174,84,56,44,0
15:24:36,175,85,56,45,0
15:24:37,176,85,70,44,0
15:24:38,177,85,38,45,0
15:24:39,178,84,43,44,0
15:24:40,179,84,47,44,0
15:24:41,180,84,54,44,0
15:24:42,181,84,33,45,0
15:24:43,182,83,27,45,0
15:24:44,183,83,29,45,0
15:24:45,184,83,37,44,0
15:24:46,185,80,66,44,0
15:24:47,186,80,60,44,0
15:24:48,187,82,61,45,0
15:24:49,188,82,65,45,0
15:24:50,189,82,68,44,0
15:24:51,190,81,42,45,0
15:24:52,191,81,23,44,0
15:24:53,192,80,52,45,0
15:24:54,193,80,24,44,0
15:24:55,194,80,39,44,0
15:24:56,195,79,32,25,0
15:24:57,196,79,51,35,0
15:24:58,197,79,32,43,0
15:24:59,198,83,61,44,0
15:25:00,199,83,60,44,0
15:25:01,200,83,61,44,0
15:25:02,201,89,60,45,0
15:25:03,202,89,59,45,0
15:25:04,203,89,18,45,0
15:25:05,204,90,20,44,0
15:25:06,205,90,36,44,0
15:25:07,206,90,23,44,0
15:25:08,207,87,41,44,0
15:25:09,208,87,41,45,0
15:25:10,209,87,38,45,0
15:25:11,210,87,55,45,0
15:25:12,211,87,54,45,0
15:25:13,212,87,47,45,0
15:25:14,213,86,47,45,0
15:25:15,214,86,40,45,0
15:25:16,215,86,38,45,0
15:25:17,216,86,27,45,0
15:25:18,217,86,34,45,0
15:25:19,218,86,44,44,0
15:25:20,219,83,35,44,0
15:25:21,220,83,37,45,0
15:25:22,221,83,37,44,0
15:25:23,222,84,35,44,0
15:25:24,223,84,36,44,0
15:25:25,224,84,35,44,0
15:25:26,225,82,38,44,0
15:25:27,226,82,33,44,0
15:25:28,227,82,35,44,0
15:25:29,228,83,33,44,0
15:25:30,229,82,31,44,0
15:25:31,230,82,37,44,0
15:25:32,231,82,36,45,0
15:25:33,232,79,30,45,0
15:25:34,233,79,43,44,0
15:25:35,234,79,29,45,0
15:25:36,235,80,38,45,0
15:25:37,236,80,28,44,0
15:25:38,237,80,31,44,0
15:25:39,238,81,31,45,0
15:25:40,239,80,33,44,0
15:25:41,240,80,31,44,0
15:25:42,241,80,37,45,0
15:25:43,242,79,38,45,0
15:25:44,243,83,44,44,0
15:25:45,244,83,27,44,0
15:25:46,245,83,53,44,0
15:25:47,246,83,51,44,0
15:25:48,247,82,48,44,0
15:25:49,248,82,37,44,0
15:25:50,249,82,59,45,0
15:25:51,250,82,27,44,0
15:25:52,251,85,16,44,0
15:25:53,252,85,26,45,0
15:25:54,253,85,30,45,0
15:25:55,254,82,34,44,0
15:25:56,255,82,32,44,0
15:25:57,256,82,37,44,0
15:25:58,257,84,36,45,0
15:25:59,258,84,29,45,0
15:26:00,259,82,33,44,0
15:26:01,260,82,32,44,0
15:26:02,261,82,35,44,0
15:26:03,262,85,34,45,0
15:26:04,263,85,34,45,0
15:26:05,264,85,36,45,0
15:26:06,265,87,35,44,0
15:26:07,266,87,35,45,0
15:26:08,267,87,35,45,0
15:26:09,268,86,32,45,0
15:26:10,269,83,33,44,0
15:26:11,270,83,33,45,0
15:26:12,271,83,39,44,0
15:26:13,272,82,50,45,0
15:26:14,273,82,16,45,0
15:26:15,274,82,55,45,0
15:26:16,275,84,57,44,0
15:26:17,276,84,57,45,0
15:26:18,277,84,15,46,0
15:26:19,278,78,54,45,0
15:26:20,279,76,56,45,0
15:26:21,280,78,50,45,0
15:26:22,281,78,51,45,0
15:26:23,282,78,58,45,0
15:26:24,283,76,61,45,0
15:26:25,284,76,52,45,0
15:26:26,285,87,44,45,0
15:26:27,286,87,55,45,0
15:26:28,287,87,63,45,0
15:26:29,288,90,72,45,0
15:26:30,289,90,67,45,0
15:26:31,290,89,68,45,0
15:26:32,291,89,66,45,0
15:26:33,292,89,66,45,0
15:26:34,293,83,63,45,0
15:26:35,294,83,59,45,0
15:26:36,295,83,63,45,0
15:26:37,296,83,62,45,0
15:26:38,297,83,66,45,0
15:26:39,298,83,67,45,0
15:26:40,299,83,62,45,0
15:26:41,300,83,62,45,0
15:26:42,301,83,64,45,0
15:26:43,302,80,63,46,0
15:26:44,303,80,62,45,0
15:26:45,304,80,63,45,0
15:26:46,305,75,67,45,0
15:26:47,306,75,63,46,0
15:26:48,307,75,69,46,0
15:26:49,308,79,69,45,0
15:26:50,309,79,69,46,0
15:26:51,310,79,62,46,0
15:26:52,311,82,67,46,0
15:26:53,312,82,68,46,0
15:26:54,313,82,69,46,0
15:26:55,314,85,67,47,0
15:26:56,315,85,66,46,0
15:26:57,316,85,70,46,0
15:26:58,317,85,69,46,0
15:26:59,318,85,70,46,0
15:27:00,319,84,58,46,0
15:27:01,320,84,69,47,0
15:27:02,321,81,67,47,0
15:27:03,322,81,64,46,0
15:27:04,323,81,58,47,0
15:27:05,324,82,63,46,0
15:27:06,325,82,62,47,0
15:27:07,326,82,64,46,0
15:27:08,327,83,64,46,0
15:27:09,328,83,64,46,0
15:27:10,329,83,63,46,0
15:27:11,330,80,64,45,0
15:27:12,331,80,65,46,0
15:27:13,332,80,66,46,0
15:27:14,333,82,68,46,0
15:27:15,334,82,66,46,0
15:27:16,335,81,67,46,0
15:27:17,336,81,68,46,0
15:27:18,337,86,59,46,0
15:27:19,338,86,72,46,0
15:27:20,339,80,67,46,0
15:27:21,340,80,66,46,0
15:27:22,341,80,70,46,0
15:27:23,342,77,68,46,0
15:27:24,343,77,71,47,0
15:27:25,344,77,53,47,0
15:27:26,345,77,71,46,0
15:27:27,346,78,68,46,0
15:27:28,347,80,69,46,0
15:27:29,348,80,62,46,0
15:27:30,349,79,64,46,0
15:27:31,350,79,66,46,0
15:27:32,351,79,70,46,0
15:27:33,352,79,65,46,0
15:27:34,353,79,69,47,0
15:27:35,354,79,65,46,0
15:27:36,355,79,70,46,0
15:27:37,356,79,63,45,0
15:27:38,357,79,73,46,0
15:27:39,358,85,67,47,0
15:27:40,359,96,71,46,0
15:27:41,360,96,67,47,0
15:27:42,361,96,74,46,0
15:27:43,362,93,69,47,0
15:27:44,363,93,70,47,0
15:27:45,364,93,51,47,0
15:27:46,365,80,67,46,0
15:27:47,366,80,64,46,0
15:27:48,367,80,60,47,0
15:27:49,368,79,58,47,0
15:27:50,369,80,63,46,0
15:27:51,370,80,65,47,0
15:27:52,371,80,60,47,0
15:27:53,372,80,66,46,0
15:27:54,373,80,62,47,0
15:27:55,374,80,51,47,0
15:27:56,375,81,56,46,0
15:27:57,376,81,65,47,0
15:27:58,377,81,64,47,0
15:27:59,378,83,59,47,0
15:28:00,379,82,65,46,0
15:28:01,380,82,64,47,0
15:28:02,381,82,64,47,0
15:28:03,382,84,67,48,0
15:28:04,383,84,69,47,0
15:28:05,384,84,70,46,0
15:28:06,385,92,67,46,0
15:28:07,386,92,64,46,0
15:28:08,387,92,66,47,0
15:28:09,388,95,67,46,0
15:28:10,389,94,70,48,0
15:28:11,390,94,65,47,0
15:28:12,391,94,69,46,0
15:28:13,392,87,68,47,0
15:28:14,393,87,69,46,0
15:28:15,394,87,62,47,0
15:28:16,395,86,68,47,0
15:28:17,396,86,67,47,0
15:28:18,397,86,64,47,0
15:28:19,398,79,63,47,0
15:28:20,399,78,64,46,0
15:28:21,400,78,62,47,0
15:28:22,401,78,63,47,0
15:28:23,402,79,61,47,0
15:28:24,403,79,63,47,0
15:28:25,404,79,61,47,0
15:28:26,405,80,63,46,0
15:28:27,406,80,65,45,0
15:28:28,407,80,66,45,0
15:28:29,408,80,65,52,0
15:28:30,409,80,67,51,0
15:28:31,410,80,68,52,0
15:28:32,411,80,71,53,0
15:28:33,412,80,65,52,0
15:28:34,413,80,65,52,0
15:28:35,414,80,15,53,0
15:28:36,415,80,36,52,0
15:28:37,416,80,19,53,0
15:28:38,417,81,15,52,0
15:28:39,418,81,15,53,0
15:28:40,419,81,20,52,0
15:28:41,420,77,15,52,0
15:28:42,421,77,15,53,0
15:28:43,422,77,15,53,0
15:28:44,423,74,15,52,0
15:28:45,424,74,15,53,0
15:28:46,425,74,15,53,0
15:28:47,426,82,15,52,0
15:28:48,427,82,15,53,0
15:28:49,428,82,15,52,0
15:28:50,429,83,15,53,0
15:28:51,430,83,15,53,0
15:28:52,431,83,15,53,0
15:28:53,432,82,15,53,0
15:28:54,433,82,15,53,0
15:28:55,434,82,15,53,0
15:28:56,435,84,15,53,0
15:28:57,436,84,15,54,0
15:28:58,437,84,15,53,0
15:28:59,438,80,15,53,0
15:29:00,439,80,15,53,0
15:29:01,440,80,15,53,0
15:29:02,441,80,15,53,0
15:29:03,442,78,15,53,0
15:29:04,443,78,15,52,0
15:29:05,444,78,15,52,0
15:29:06,445,82,15,53,0
15:29:07,446,82,19,53,0
15:29:08,447,82,15,53,0
15:29:09,448,77,15,53,0
15:29:10,449,78,15,52,0
15:29:11,450,78,15,53,0
15:29:12,451,78,40,52,0
15:29:13,452,82,36,54,0
15:29:14,453,82,17,52,0
15:29:15,454,82,65,53,0
15:29:16,455,82,67,53,0
15:29:17,456,82,57,52,0
15:29:18,457,82,55,52,0
15:29:19,458,81,62,52,0
15:29:20,459,81,67,52,0
15:29:21,460,81,54,52,0
15:29:22,461,81,60,53,0
15:29:23,462,80,55,52,0
15:29:24,463,80,60,52,0
15:29:25,464,80,64,52,0
15:29:26,465,80,62,52,0
15:29:27,466,80,58,52,0
15:29:28,467,80,60,52,0
15:29:29,468,75,57,52,0
15:29:30,469,75,60,52,0
15:29:31,470,75,65,53,0
15:29:32,471,75,65,53,0
15:29:33,472,76,64,53,0
15:29:34,473,76,65,53,0
15:29:35,474,76,62,53,0
15:29:36,475,78,66,52,0
15:29:37,476,78,61,54,0
15:29:38,477,78,51,53,0
15:29:39,478,84,60,52,0
15:29:40,479,84,53,53,0
15:29:41,480,84,52,53,0
15:29:42,481,77,65,51,0
15:29:43,482,77,63,52,0
15:29:44,483,77,58,53,0
15:29:45,484,76,60,53,0
15:29:46,485,76,59,54,0
15:29:47,486,76,57,53,0
15:29:48,487,83,60,52,0
15:29:49,488,83,58,53,0
15:29:50,489,83,62,53,0
15:29:51,490,83,59,53,0
15:29:52,491,83,51,53,0
15:29:53,492,77,67,52,0
15:29:54,493,77,55,54,0
15:29:55,494,77,61,53,0
15:29:56,495,76,57,53,0
15:29:57,496,76,60,53,0
15:29:58,497,76,55,53,0
15:29:59,498,73,63,52,0
15:30:00,499,72,65,53,0
15:30:01,500,72,64,54,0
15:30:02,501,72,63,54,0
15:30:03,502,75,67,54,0
15:30:04,503,75,60,52,0
15:30:05,504,75,63,54,0
15:30:06,505,75,58,52,0
15:30:07,506,75,52,54,0
15:30:08,507,75,57,53,0
15:30:09,508,78,53,54,0
15:30:10,509,78,56,54,0
15:30:11,510,78,52,54,0
15:30:12,511,77,45,53,0
15:30:13,512,77,32,54,0
15:30:14,513,77,55,55,0
15:30:15,514,80,55,54,0
15:30:16,515,80,62,54,0
15:30:17,516,80,62,55,0
15:30:18,517,80,60,55,0
15:30:19,518,80,61,54,0
15:30:20,519,80,59,54,0
15:30:21,520,77,58,54,0
15:30:22,521,77,44,54,0
15:30:23,522,77,52,54,0
15:30:24,523,77,56,54,0
15:30:25,524,77,63,53,0
15:30:26,525,77,64,54,0
15:30:27,526,79,68,53,0
15:30:28,527,79,48,54,0
15:30:29,528,79,57,52,0
15:30:30,529,79,65,54,0
15:30:31,530,79,69,53,0
15:30:32,531,79,65,53,0
15:30:33,532,80,59,53,0
15:30:34,533,80,63,54,0
15:30:35,534,80,63,53,0
15:30:36,535,81,58,53,0
15:30:37,536,81,65,54,0
15:30:38,537,81,60,54,0
15:30:39,538,79,58,52,0
15:30:40,539,79,62,54,0
15:30:41,540,79,55,53,0
15:30:42,541,80,69,52,0
15:30:43,542,80,64,53,0
15:30:44,543,80,60,53,0
15:30:45,544,81,63,52,0
15:30:46,545,81,63,53,0
15:30:47,546,81,58,52,0
15:30:48,547,83,61,53,0
15:30:49,548,83,61,53,0
15:30:50,549,83,56,53,0
15:30:51,550,87,59,53,0
15:30:52,551,87,60,53,0
15:30:53,552,87,59,53,0
15:30:54,553,84,61,53,0
15:30:55,554,84,62,53,0
15:30:56,555,84,63,54,0
15:30:57,556,84,60,53,0
15:30:58,557,84,61,52,0
15:30:59,558,86,62,53,0
15:31:00,559,87,59,53,0
15:31:01,560,87,65,53,0
15:31:02,561,87,67,53,0
15:31:03,562,84,55,51,0
15:31:04,563,83,63,52,0
15:31:05,564,83,53,52,0
15:31:06,565,83,62,52,0
15:31:07,566,83,60,53,0
15:31:08,567,83,58,52,0
15:31:09,568,83,59,53,0
15:31:10,569,82,63,52,0
15:31:11,570,82,62,53,0
15:31:12,571,82,63,53,0
15:31:13,572,78,65,53,0
15:31:14,573,78,63,52,0
15:31:15,574,78,59,53,0
15:31:16,575,73,57,53,0
15:31:17,576,73,61,53,0
15:31:18,577,73,61,52,0
15:31:19,578,74,59,53,0
15:31:20,579,74,54,51,0
15:31:21,580,74,60,51,0
15:31:22,581,74,58,52,0
15:31:23,582,77,49,52,0
15:31:24,583,77,61,52,0
15:31:25,584,77,68,52,0
15:31:26,585,80,54,52,0
15:31:27,586,80,67,53,0
15:31:28,587,80,40,53,0
15:31:29,588,80,54,53,0
15:31:30,589,80,15,53,0
15:31:31,590,80,43,53,0
15:31:32,591,80,47,51,0
15:31:33,592,74,40,53,0
15:31:34,593,74,17,53,0
15:31:35,594,74,48,53,0
15:31:36,595,76,29,53,0
15:31:37,596,76,35,54,0
15:31:38,597,76,28,52,0
15:31:39,598,77,20,53,0
15:31:40,599,77,16,53,0
15:31:41,600,77,15,52,0
15:31:42,601,77,15,53,0
15:31:43,602,77,17,53,0
15:31:44,603,77,16,53,0
15:31:45,604,77,21,53,0
15:31:46,605,79,15,54,0
15:31:47,606,79,15,53,0
15:31:48,607,79,33,53,0
15:31:49,608,84,15,53,0
15:31:50,609,85,19,53,0
15:31:51,610,85,15,53,0
15:31:52,611,85,16,52,0
15:31:53,612,86,16,53,0
15:31:54,613,86,18,53,0
15:31:55,614,86,16,52,0
15:31:56,615,88,17,52,0
15:31:57,616,88,15,52,0
15:31:58,617,88,15,53,0
15:31:59,618,87,15,52,0
15:32:00,619,86,15,52,0
15:32:01,620,86,37,52,0
15:32:02,621,86,15,52,0
15:32:03,622,87,15,52,0
15:32:04,623,87,15,52,0
15:32:05,624,87,15,51,0
15:32:06,625,85,18,51,0
15:32:07,626,85,15,51,0
15:32:08,627,85,16,52,0
15:32:09,628,85,16,51,0
15:32:10,629,85,24,50,0
15:32:11,630,85,20,52,0
15:32:12,631,85,17,52,0
15:32:13,632,85,16,53,0
15:32:14,633,86,16,51,0
15:32:15,634,87,16,52,0
15:32:16,635,87,15,53,0
15:32:17,636,87,15,53,0
15:32:18,637,86,15,54,0
15:32:19,638,86,15,52,0
15:32:20,639,86,71,50,0
15:32:21,640,83,15,51,0
15:32:22,641,83,15,51,0
15:32:23,642,83,15,53,0
15:32:24,643,82,16,51,0
15:32:25,644,82,15,53,0
15:32:26,645,82,15,52,0
15:32:27,646,83,15,52,0
15:32:28,647,83,30,52,0
15:32:29,648,83,15,52,0
15:32:30,649,82,15,51,0
15:32:31,650,82,15,52,0
15:32:32,651,82,15,52,0
15:32:33,652,82,26,51,0
15:32:34,653,82,38,52,0
15:32:35,654,82,15,52,0
15:32:36,655,83,16,51,0
15:32:37,656,83,15,52,0
15:32:38,657,83,15,51,0
15:32:39,658,83,15,51,0
15:32:40,659,84,15,52,0
15:32:41,660,84,15,52,0
15:32:42,661,84,15,52,0
15:32:43,662,80,15,51,0
15:32:44,663,80,15,52,0
15:32:45,664,80,15,51,0
15:32:46,665,82,15,52,0
15:32:47,666,82,16,52,0
15:32:48,667,82,17,52,0
15:32:49,668,79,16,51,0
15:32:50,669,79,17,51,0
15:32:51,670,79,15,52,0
15:32:52,671,83,15,51,0
15:32:53,672,83,15,52,0
15:32:54,673,82,15,52,0
15:32:55,674,82,15,52,0
15:32:56,675,82,15,51,0
15:32:57,676,82,15,52,0
15:32:58,677,82,15,52,0
15:32:59,678,78,15,51,0
15:33:00,679,76,15,51,0
15:33:01,680,76,15,52,0
15:33:02,681,76,16,52,0
15:33:03,682,76,16,52,0
15:33:04,683,76,15,51,0
15:33:05,684,76,21,51,0
15:33:06,685,76,15,51,0
15:33:07,686,76,15,51,0
15:33:08,687,76,15,51,0
15:33:09,688,77,15,51,0
15:33:10,689,77,15,51,0
15:33:11,690,77,18,51,0
15:33:12,691,76,15,51,0
15:33:13,692,76,15,50,0
15:33:14,693,76,15,50,0
15:33:15,694,77,15,50,0
15:33:16,695,77,16,50,0
15:33:17,696,77,15,50,0
15:33:18,697,94,18,49,0
15:33:19,698,94,16,48,0
15:33:20,699,93,16,49,0
15:33:21,700,93,16,50,0
15:33:22,701,93,15,49,0
15:33:23,702,91,15,49,0
15:33:24,703,91,15,49,0
15:33:25,704,91,15,48,0
15:33:26,705,93,15,50,0
15:33:27,706,93,15,50,0
15:33:28,707,93,15,49,0
15:33:29,708,93,15,50,0
15:33:30,709,93,15,51,0
15:33:31,710,93,15,50,0
15:33:32,711,92,15,51,0
15:33:33,712,92,15,50,0
15:33:34,713,92,15,48,0
15:33:35,714,92,15,47,0
15:33:36,715,92,15,47,0
15:33:37,716,92,15,47,0
15:33:38,717,94,15,48,0
15:33:39,718,94,15,48,0
15:33:40,719,94,15,48,0
15:33:41,720,94,15,48,0
15:33:42,721,94,15,47,0
15:33:43,722,96,15,48,0
15:33:44,723,96,15,48,0
15:33:45,724,96,15,48,0
15:33:46,725,91,15,48,0
15:33:47,726,91,15,48,0
15:33:48,727,91,18,47,0
15:33:49,728,90,15,50,0
15:33:50,729,90,16,47,0
15:33:51,730,90,21,46,0
15:33:52,731,90,16,48,0
15:33:53,732,90,18,47,0
15:33:54,733,90,35,48,0
15:33:55,734,90,15,46,0
15:33:56,735,90,15,46,0
15:33:57,736,90,15,47,0
15:33:58,737,90,15,46,0
15:33:59,738,89,15,49,0
15:34:00,739,89,15,48,0
15:34:01,740,89,15,48,0
15:34:02,741,89,15,48,0
15:34:03,742,88,17,49,0
15:34:04,743,88,15,48,0
15:34:05,744,88,15,48,0
15:34:06,745,90,15,49,0
15:34:07,746,90,15,49,0
15:34:08,747,90,27,48,0
15:34:09,748,93,26,49,0
15:34:10,749,93,15,49,0
15:34:11,750,93,15,49,0
15:34:12,751,93,42,50,0
15:34:13,752,93,16,49,0
15:34:14,753,93,21,49,0
15:34:15,754,93,20,49,0
15:34:16,755,95,17,49,0
15:34:17,756,95,20,48,0
15:34:18,757,95,15,47,0
15:34:19,758,96,15,47,0
15:34:20,759,96,15,48,0
15:34:21,760,96,15,47,0
15:34:22,761,96,15,48,0
15:34:23,762,95,15,46,0
15:34:24,763,95,15,48,0
15:34:25,764,95,15,48,0
15:34:26,765,95,15,48,0
15:34:27,766,95,15,48,0
15:34:28,767,95,18,47,0
15:34:29,768,95,17,47,0
15:34:30,769,95,42,47,0
15:34:31,770,95,35,47,0
15:34:32,771,93,18,46,0
15:34:33,772,93,41,46,0
15:34:34,773,93,15,48,0
15:34:35,774,91,15,48,0
15:34:36,775,91,22,47,0
15:34:37,776,91,15,46,0
15:34:38,777,91,40,46,0
15:34:39,778,91,29,47,0
15:34:40,779,91,16,47,0
15:34:41,780,92,16,47,0
15:34:42,781,92,44,47,0
15:34:43,782,92,15,46,0
15:34:44,783,93,15,47,0
15:34:45,784,93,15,46,0
15:34:46,785,93,18,46,0
15:34:47,786,92,15,48,0
15:34:48,787,92,16,47,0
15:34:49,788,92,15,47,0
15:34:50,789,92,15,46,0
15:34:51,790,92,15,46,0
15:34:52,791,92,15,47,0
15:34:53,792,92,15,46,0
15:34:54,793,92,15,47,0
15:34:55,794,92,15,46,0
15:34:56,795,94,15,47,0
15:34:57,796,94,15,47,0
15:34:58,797,94,15,46,0
15:34:59,798,94,15,47,0
15:35:00,799,94,15,47,0
15:35:01,800,94,15,47,0
15:35:02,801,97,15,47,0
15:35:03,802,97,15,47,0
15:35:04,803,97,15,47,0
15:35:05,804,97,15,47,0
15:35:06,805,97,15,47,0
15:35:07,806,98,15,47,0
15:35:08,807,98,15,47,0
15:35:09,808,98,15,47,0
15:35:10,809,98,15,47,0
15:35:11,810,98,15,47,0
15:35:12,811,98,17,48,0
15:35:13,812,98,15,48,0
15:35:14,813,98,23,48,0
15:35:15,814,98,20,47,0
15:35:16,815,98,15,48,0
15:35:17,816,98,15,47,0
15:35:18,817,98,19,47,0
15:35:19,818,98,15,47,0
15:35:20,819,98,15,46,0
15:35:21,820,98,15,47,0
15:35:22,821,98,15,47,0
15:35:23,822,98,15,47,0
15:35:24,823,98,15,47,0
15:35:25,824,98,16,47,0
15:35:26,825,98,16,47,0
15:35:27,826,98,15,47,0
15:35:28,827,98,15,47,0
15:35:29,828,98,15,47,0
15:35:30,829,98,15,47,0
15:35:31,830,98,29,46,0
15:35:32,831,98,15,47,0
15:35:33,832,97,15,47,0
15:35:34,833,97,15,46,0
15:35:35,834,97,39,47,0
15:35:36,835,97,15,47,0
15:35:37,836,97,15,47,0
15:35:38,837,97,16,47,0
15:35:39,838,98,50,47,0
15:35:40,839,98,22,46,0
15:35:41,840,98,15,47,0
15:35:42,841,98,16,46,0
15:35:43,842,98,15,46,0
15:35:44,843,98,15,47,0
15:35:45,844,98,16,47,0
15:35:46,845,98,15,46,0
15:35:47,846,98,15,47,0
15:35:48,847,98,15,47,0
15:35:49,848,98,15,47,0
15:35:50,849,98,15,47,0
15:35:51,850,98,15,48,0
15:35:52,851,98,15,46,0
15:35:53,852,93,15,47,0
15:35:54,853,93,15,47,0
15:35:55,854,93,34,47,0
15:35:56,855,94,15,47,0
15:35:57,856,94,15,47,0
15:35:58,857,94,17,46,0
15:35:59,858,94,15,47,0
15:36:00,859,94,15,47,0
15:36:01,860,94,15,47,0
15:36:02,861,97,15,47,0
15:36:03,862,97,15,47,0
15:36:04,863,97,24,47,0
15:36:05,864,99,15,47,0
15:36:06,865,99,15,47,0
15:36:07,866,99,15,46,0
15:36:08,867,99,15,46,0
15:36:09,868,99,15,47,0
15:36:10,869,99,18,46,0
15:36:11,870,99,15,47,0
15:36:12,871,99,30,47,0
15:36:13,872,96,44,47,0
15:36:14,873,96,15,46,0
15:36:15,874,96,32,47,0
15:36:16,875,96,15,47,0
15:36:17,876,96,15,46,0
15:36:18,877,96,15,47,0
15:36:19,878,97,15,47,0
15:36:20,879,97,15,47,0
15:36:21,880,97,15,47,0
15:36:22,881,97,15,47,0
15:36:23,882,97,15,46,0
15:36:24,883,97,15,46,0
15:36:25,884,98,15,47,0
15:36:26,885,98,15,46,0
15:36:27,886,98,15,47,0
15:36:28,887,99,15,47,0
15:36:29,888,99,15,47,0
15:36:30,889,99,15,47,0
15:36:31,890,99,15,47,0
15:36:32,891,99,15,47,0
15:36:33,892,95,15,46,0
15:36:34,893,95,19,46,0
15:36:35,894,95,15,47,0
15:36:36,895,92,15,46,0
15:36:37,896,92,15,47,0
15:36:38,897,92,15,46,0
15:36:39,898,88,18,46,0
15:36:40,899,88,15,46,0
15:36:41,900,88,16,47,0
15:36:42,901,88,15,46,0
15:36:43,902,88,16,47,0
15:36:44,903,88,18,46,0
15:36:45,904,88,15,47,0
15:36:46,905,88,15,46,0
15:36:47,906,88,15,46,0
15:36:48,907,88,15,45,0
15:36:49,908,88,15,46,0
15:36:50,909,86,15,46,0
15:36:51,910,86,15,46,0
15:36:52,911,86,26,46,0
15:36:53,912,86,15,48,0
15:36:54,913,86,15,47,0
15:36:55,914,86,16,47,0
15:36:56,915,86,15,47,0
15:36:57,916,86,15,47,0
15:36:58,917,86,15,47,0
15:36:59,918,86,16,47,0
15:37:00,919,87,15,47,0
15:37:01,920,87,15,47,0
15:37:02,921,87,24,47,0
15:37:03,922,87,15,47,0
15:37:04,923,87,15,47,0
15:37:05,924,87,15,46,0
15:37:06,925,94,15,47,0
15:37:07,926,94,15,48,0
15:37:08,927,94,15,47,0
15:37:09,928,94,15,46,0
15:37:10,929,94,15,47,0
15:37:11,930,94,15,46,0
15:37:12,931,94,16,46,0
15:37:13,932,96,17,46,0
15:37:14,933,96,15,47,0
15:37:15,934,96,15,47,0
15:37:16,935,96,15,46,0
15:37:17,936,96,15,47,0
15:37:18,937,94,20,47,0
15:37:19,938,94,39,46,0
15:37:20,939,94,15,46,0
15:37:21,940,94,15,47,0
15:37:22,941,94,45,47,0
15:37:23,942,94,35,47,0
15:37:24,943,94,15,47,0
15:37:25,944,93,15,47,0
15:37:26,945,93,15,46,0
15:37:27,946,93,15,46,0
15:37:28,947,93,15,46,0
15:37:29,948,93,31,46,0
15:37:30,949,96,51,46,0
15:37:31,950,96,22,46,0
15:37:32,951,97,17,47,0
15:37:33,952,97,25,47,0
15:37:34,953,98,62,46,0
15:37:35,954,98,56,46,0
15:37:36,955,98,15,46,0
15:37:37,956,98,15,47,0
15:37:38,957,98,42,46,0
15:37:39,958,98,15,46,0
15:37:40,959,99,15,46,0
15:37:41,960,99,15,46,0
15:37:42,961,99,15,46,0
15:37:43,962,99,15,46,0
15:37:44,963,99,15,46,0
15:37:45,964,99,15,47,0
15:37:46,965,94,15,47,0
15:37:47,966,94,15,47,0
15:37:48,967,94,15,46,0
15:37:49,968,91,15,47,0
15:37:50,969,91,15,46,0
15:37:51,970,91,15,46,0
15:37:52,971,91,15,46,0
15:37:53,972,89,15,47,0
15:37:54,973,89,15,46,0
15:37:55,974,89,15,46,0
15:37:56,975,88,15,46,0
15:37:57,976,88,15,46,0
15:37:58,977,88,15,46,0
15:37:59,978,88,15,46,0
15:38:00,979,89,15,46,0
15:38:01,980,89,39,46,0
15:38:02,981,89,15,47,0
15:38:03,982,87,15,46,0
15:38:04,983,87,15,46,0
15:38:05,984,87,15,46,0
15:38:06,985,87,15,46,0
15:38:07,986,87,15,46,0
15:38:08,987,87,15,46,0
15:38:09,988,87,16,46,0
15:38:10,989,88,15,47,0
15:38:11,990,88,15,46,0
15:38:12,991,88,15,46,0
15:38:13,992,86,15,46,0
15:38:14,993,86,15,46,0
15:38:15,994,86,15,47,0
15:38:16,995,83,15,47,0
15:38:17,996,83,15,47,0
15:38:18,997,83,15,46,0
15:38:19,998,84,15,46,0
15:38:20,999,84,15,46,0
15:38:21,1000,84,15,46,0
15:38:22,1001,84,15,47,0
15:38:23,1002,88,15,47,0
15:38:24,1003,88,15,46,0
15:38:25,1004,88,15,47,0
15:38:26,1005,88,15,46,0
15:38:27,1006,88,15,47,0
15:38:28,1007,88,15,46,0
15:38:29,1008,91,15,47,0
15:38:30,1009,92,15,47,0
15:38:31,1010,92,15,47,0
15:38:32,1011,92,15,47,0
15:38:33,1012,92,15,46,0
15:38:34,1013,92,15,46,0
15:38:35,1014,92,15,47,0
15:38:36,1015,95,15,47,0
15:38:37,1016,95,15,47,0
15:38:38,1017,95,15,46,0
15:38:39,1018,94,18,48,0
15:38:40,1019,94,15,47,0
15:38:41,1020,94,15,46,0
15:38:42,1021,94,15,47,0
15:38:43,1022,95,15,47,0
15:38:44,1023,95,15,47,0
15:38:45,1024,95,15,46,0
15:38:46,1025,95,15,47,0
15:38:47,1026,95,15,46,0
15:38:48,1027,95,38,47,0
15:38:49,1028,94,15,47,0
15:38:50,1029,94,15,46,0
15:38:51,1030,94,15,47,0
15:38:52,1031,94,15,46,0
15:38:53,1032,93,15,46,0
15:38:54,1033,93,15,46,0
15:38:55,1034,93,16,48,0
15:38:56,1035,93,15,46,0
15:38:57,1036,93,15,46,0
15:38:58,1037,93,15,47,0
15:38:59,1038,90,15,46,0
15:39:00,1039,90,15,46,0
15:39:01,1040,90,15,47,0
15:39:02,1041,90,16,48,0
15:39:03,1042,91,17,46,0
15:39:04,1043,91,16,47,0
15:39:05,1044,91,15,46,0
15:39:06,1045,90,37,47,0
15:39:07,1046,90,15,46,0
15:39:08,1047,90,15,46,0
15:39:09,1048,89,15,46,0
15:39:10,1049,89,15,46,0
15:39:11,1050,89,15,46,0
15:39:12,1051,89,15,48,0
15:39:13,1052,89,15,46,0
15:39:14,1053,89,15,46,0
15:39:15,1054,89,15,46,0
15:39:16,1055,90,15,46,0
15:39:17,1056,90,15,46,0
15:39:18,1057,90,15,46,0
15:39:19,1058,90,15,46,0
15:39:20,1059,91,15,46,0
15:39:21,1060,91,15,46,0
15:39:22,1061,91,15,47,0
15:39:23,1062,89,15,46,0
15:39:24,1063,89,15,46,0
15:39:25,1064,89,15,46,0
15:39:26,1065,89,15,47,0
15:39:27,1066,89,15,47,0
15:39:28,1067,89,15,47,0
15:39:29,1068,88,15,46,0
15:39:30,1069,89,15,46,0
15:39:31,1070,89,15,46,0
15:39:32,1071,89,15,46,0
15:39:33,1072,89,15,46,0
15:39:34,1073,89,15,46,0
15:39:35,1074,89,15,46,0
15:39:36,1075,92,15,46,0
15:39:37,1076,92,15,46,0
15:39:38,1077,92,15,46,0
15:39:39,1078,93,15,47,0
15:39:40,1079,93,15,48,0
15:39:41,1080,93,15,46,0
15:39:42,1081,93,15,46,0
15:39:43,1082,93,15,46,0
15:39:44,1083,93,15,47,0
15:39:45,1084,93,15,46,0
15:39:46,1085,93,15,46,0
15:39:47,1086,93,15,48,0
15:39:48,1087,93,15,47,0
15:39:49,1088,89,15,46,0
15:39:50,1089,89,15,47,0
15:39:51,1090,89,15,46,0
15:39:52,1091,88,15,47,0
15:39:53,1092,88,15,46,0
15:39:54,1093,88,15,47,0
15:39:55,1094,93,15,47,0
15:39:56,1095,93,15,46,0
15:39:57,1096,93,15,46,0
15:39:58,1097,93,15,46,0
15:39:59,1098,93,15,46,0
15:40:00,1099,94,15,46,0
15:40:01,1100,94,15,46,0
15:40:02,1101,94,15,46,0
15:40:03,1102,91,15,46,0
15:40:04,1103,91,15,47,0
15:40:05,1104,91,15,46,0
15:40:06,1105,91,15,47,0
15:40:07,1106,91,15,46,0
15:40:08,1107,91,15,46,0
15:40:09,1108,91,15,46,0
15:40:10,1109,93,15,47,0
15:40:11,1110,93,15,46,0
15:40:12,1111,93,15,47,0
15:40:13,1112,93,15,47,0
15:40:14,1113,93,15,47,0
15:40:15,1114,93,15,47,0
15:40:16,1115,93,15,47,0
15:40:17,1116,93,15,46,0
15:40:18,1117,93,15,46,0
15:40:19,1118,92,15,46,0
15:40:20,1119,92,15,46,0
15:40:21,1120,92,15,46,0
15:40:22,1121,90,15,46,0
15:40:23,1122,90,15,46,0
15:40:24,1123,90,15,46,0
15:40:25,1124,91,17,47,0
15:40:26,1125,91,30,46,0
15:40:27,1126,91,24,46,0
15:40:28,1127,92,17,47,0
15:40:29,1128,92,16,47,0
15:40:30,1129,92,15,47,0
15:40:31,1130,93,15,46,0
15:40:32,1131,93,15,47,0
15:40:33,1132,93,15,47,0
15:40:34,1133,93,15,47,0
15:40:35,1134,93,15,47,0
15:40:36,1135,93,15,47,0
15:40:37,1136,93,15,47,0
15:40:38,1137,93,15,47,0
15:40:39,1138,93,15,47,0
15:40:40,1139,90,15,46,0
15:40:41,1140,90,15,47,0
15:40:42,1141,90,15,46,0
15:40:43,1142,92,15,48,0
15:40:44,1143,92,21,47,0
15:40:45,1144,92,24,46,0
15:40:46,1145,91,17,46,0
15:40:47,1146,91,16,46,0
15:40:48,1147,91,40,46,0
15:40:49,1148,91,17,45,0
15:40:50,1149,91,22,46,0
15:40:51,1150,91,15,46,0
15:40:52,1151,93,30,45,0
15:40:53,1152,93,17,45,0
15:40:54,1153,93,17,45,0
15:40:55,1154,93,15,45,0
15:40:56,1155,93,15,45,0
15:40:57,1156,93,15,45,0
15:40:58,1157,96,15,45,0
15:40:59,1158,96,18,45,0
15:41:00,1159,96,15,44,0
15:41:01,1160,96,15,45,0
15:41:02,1161,96,15,45,0
15:41:03,1162,95,15,45,0
15:41:04,1163,95,15,45,0
15:41:05,1164,95,15,45,0
15:41:06,1165,94,15,45,0
15:41:07,1166,94,15,45,0
15:41:08,1167,94,15,45,0
15:41:09,1168,95,15,45,0
15:41:10,1169,95,15,45,0
15:41:11,1170,95,15,45,0
15:41:12,1171,95,15,45,0
15:41:13,1172,94,15,45,0
15:41:14,1173,94,15,45,0
15:41:15,1174,94,15,46,0
15:41:16,1175,94,15,45,0
15:41:17,1176,94,25,45,0
15:41:18,1177,94,15,45,0
15:41:19,1178,94,15,46,0
15:41:20,1179,91,15,45,0
15:41:21,1180,91,15,46,0
15:41:22,1181,91,15,45,0
15:41:23,1182,91,15,45,0
15:41:24,1183,91,15,46,0
15:41:25,1184,91,15,46,0
15:41:26,1185,90,15,46,0
15:41:27,1186,90,15,46,0
15:41:28,1187,89,15,46,0
15:41:29,1188,89,15,47,0
15:41:30,1189,89,15,46,0
15:41:31,1190,89,24,46,0
15:41:32,1191,89,15,46,0
15:41:33,1192,89,15,46,0
15:41:34,1193,88,39,46,0
15:41:35,1194,88,18,46,0
15:41:36,1195,88,15,46,0
15:41:37,1196,90,26,46,0
15:41:38,1197,90,60,46,0
15:41:39,1198,90,66,45,0
15:41:40,1199,92,56,46,0
15:41:41,1200,92,15,46,0
15:41:42,1201,92,15,46,0
15:41:43,1202,93,15,46,0
15:41:44,1203,93,15,46,0
15:41:45,1204,93,15,46,0
15:41:46,1205,93,15,46,0
15:41:47,1206,93,15,46,0
15:41:48,1207,95,42,45,0
15:41:49,1208,95,32,46,0
15:41:50,1209,95,43,46,0
15:41:51,1210,92,42,46,0
15:41:52,1211,92,37,46,0
15:41:53,1212,92,31,46,0
15:41:54,1213,92,39,47,0
15:41:55,1214,90,34,46,0
15:41:56,1215,90,29,47,0
15:41:57,1216,90,15,47,0
15:41:58,1217,90,17,47,0
15:41:59,1218,90,26,47,0
15:42:00,1219,93,33,46,0
15:42:01,1220,93,21,47,0
15:42:02,1221,93,19,46,0
15:42:03,1222,92,30,47,0
15:42:04,1223,92,34,46,0
15:42:05,1224,92,15,47,0
15:42:06,1225,91,15,47,0
15:42:07,1226,91,24,47,0
15:42:08,1227,91,15,47,0
15:42:09,1228,91,15,47,0
15:42:10,1229,89,15,47,0
15:42:11,1230,89,15,47,0
15:42:12,1231,89,15,47,0
15:42:13,1232,89,15,47,0
15:42:14,1233,89,24,47,0
15:42:15,1234,89,15,47,0
15:42:16,1235,90,15,47,0
15:42:17,1236,90,15,46,0
15:42:18,1237,90,15,46,0
15:42:19,1238,91,15,46,0
15:42:20,1239,91,15,47,0
15:42:21,1240,91,15,46,0
15:42:22,1241,91,15,47,0
15:42:23,1242,89,15,46,0
15:42:24,1243,89,15,47,0
15:42:25,1244,89,15,47,0
15:42:26,1245,92,15,46,0
15:42:27,1246,92,30,47,0
15:42:28,1247,92,15,46,0
15:42:29,1248,92,15,46,0
15:42:30,1249,93,15,47,0
15:42:31,1250,93,15,46,0
15:42:32,1251,93,15,47,0
15:42:33,1252,90,15,47,0
15:42:34,1253,90,15,47,0
15:42:35,1254,90,27,47,0
15:42:36,1255,90,15,47,0
15:42:37,1256,90,15,47,0
15:42:38,1257,90,15,47,0
15:42:39,1258,90,15,47,0
15:42:40,1259,93,15,47,0
15:42:41,1260,93,15,46,0
15:42:42,1261,93,15,47,0
15:42:43,1262,91,15,46,0
15:42:44,1263,91,32,47,0
15:42:45,1264,91,15,47,0
15:42:46,1265,91,16,46,0
15:42:47,1266,91,15,47,0
15:42:48,1267,91,42,47,0
15:42:49,1268,90,15,47,0
15:42:50,1269,89,15,47,0
15:42:51,1270,89,15,46,0
15:42:52,1271,89,15,47,0
15:42:53,1272,88,15,46,0
15:42:54,1273,88,15,47,0
15:42:55,1274,88,15,47,0
15:42:56,1275,87,15,46,0
15:42:57,1276,87,15,47,0
15:42:58,1277,87,15,46,0
15:42:59,1278,88,15,47,0
15:43:00,1279,88,15,47,0
15:43:01,1280,88,45,47,0
15:43:02,1281,88,15,47,0
15:43:03,1282,88,15,46,0
15:43:04,1283,88,15,46,0
15:43:05,1284,88,15,46,0
15:43:06,1285,90,15,47,0
15:43:07,1286,90,15,47,0
15:43:08,1287,90,15,46,0
15:43:09,1288,90,15,47,0
15:43:10,1289,89,15,46,0
15:43:11,1290,89,15,47,0
15:43:12,1291,89,15,47,0
15:43:13,1292,80,15,47,0
15:43:14,1293,80,16,47,0
15:43:15,1294,80,17,47,0
15:43:16,1295,73,15,47,0
15:43:17,1296,73,15,46,0
15:43:18,1297,73,15,46,0
15:43:19,1298,72,16,47,0
15:43:20,1299,72,15,47,0
15:43:21,1300,72,15,46,0
15:43:22,1301,72,15,47,0
15:43:23,1302,72,15,45,0
15:43:24,1303,72,15,46,0
15:43:25,1304,72,15,46,0
15:43:26,1305,72,15,46,0
15:43:27,1306,72,15,47,0
15:43:28,1307,72,15,46,0
15:43:29,1308,72,15,46,0
15:43:30,1309,72,15,46,0
15:43:31,1310,72,15,45,0
15:43:32,1311,72,15,46,0
15:43:33,1312,74,15,46,0
15:43:34,1313,74,15,47,0
15:43:35,1314,74,15,46,0
15:43:36,1315,91,15,47,0
15:43:37,1316,91,15,46,0
15:43:38,1317,91,15,46,0
15:43:39,1318,89,15,46,0
15:43:40,1319,88,15,46,0
15:43:41,1320,88,15,46,0
15:43:42,1321,88,15,47,0
15:43:43,1322,84,30,47,0
15:43:44,1323,84,15,47,0
15:43:45,1324,84,15,46,0
15:43:46,1325,84,15,46,0
15:43:47,1326,84,15,47,0
15:43:48,1327,84,15,46,0
15:43:49,1328,74,15,46,0
15:43:50,1329,74,15,46,0
15:43:51,1330,74,15,47,0
15:43:52,1331,73,15,46,0
15:43:53,1332,73,15,47,0
15:43:54,1333,73,15,46,0
15:43:55,1334,71,15,46,0
15:43:56,1335,71,15,46,0
15:43:57,1336,71,15,47,0
15:43:58,1337,71,15,46,0
15:43:59,1338,71,15,47,0
15:44:00,1339,71,39,46,0
15:44:01,1340,71,15,46,0
15:44:02,1341,71,15,46,0
15:44:03,1342,73,15,45,0
15:44:04,1343,73,15,46,0
15:44:05,1344,73,25,46,0
15:44:06,1345,73,22,46,0
15:44:07,1346,73,28,46,0
15:44:08,1347,73,15,47,0
15:44:09,1348,72,15,46,0
15:44:10,1349,72,15,46,0
15:44:11,1350,72,15,46,0
15:44:12,1351,72,15,46,0
15:44:13,1352,72,15,46,0
15:44:14,1353,72,15,46,0
15:44:15,1354,72,15,45,0
15:44:16,1355,72,15,46,0
15:44:17,1356,72,15,46,0
15:44:18,1357,72,15,46,0
15:44:19,1358,72,15,46,0
15:44:20,1359,73,15,45,0
15:44:21,1360,73,17,45,0
15:44:22,1361,73,25,46,0
15:44:23,1362,73,15,45,0
15:44:24,1363,73,15,46,0
15:44:25,1364,73,15,46,0
15:44:26,1365,70,15,46,0
15:44:27,1366,70,16,46,0
15:44:28,1367,70,15,46,0
15:44:29,1368,73,22,45,0
15:44:30,1369,73,15,46,0
15:44:31,1370,73,15,46,0
15:44:32,1371,73,15,46,0
15:44:33,1372,74,15,46,0
15:44:34,1373,74,15,45,0
15:44:35,1374,74,15,46,0
15:44:36,1375,73,15,46,0
15:44:37,1376,73,15,46,0
15:44:38,1377,73,15,45,0
15:44:39,1378,73,15,46,0
15:44:40,1379,73,15,46,0
15:44:41,1380,73,15,46,0
15:44:42,1381,73,15,46,0
15:44:43,1382,84,15,46,0
15:44:44,1383,84,15,46,0
15:44:45,1384,84,15,46,0
15:44:46,1385,75,15,47,0
15:44:47,1386,75,15,46,0
15:44:48,1387,75,15,46,0
15:44:49,1388,76,44,47,0
15:44:50,1389,76,15,47,0
15:44:51,1390,77,19,47,0
15:44:52,1391,77,15,46,0
15:44:53,1392,77,15,47,0
15:44:54,1393,76,15,47,0
15:44:55,1394,76,15,47,0
15:44:56,1395,76,17,46,0
15:44:57,1396,76,15,46,0
15:44:58,1397,76,15,46,0
15:44:59,1398,80,15,47,0
15:45:00,1399,80,15,47,0
15:45:01,1400,80,15,46,0
15:45:02,1401,85,15,47,0
15:45:03,1402,85,19,47,0
15:45:04,1403,85,15,46,0
15:45:05,1404,85,15,47,0
15:45:06,1405,85,22,47,0
15:45:07,1406,85,15,46,0
15:45:08,1407,86,15,47,0
15:45:09,1408,86,15,47,0
15:45:10,1409,87,15,46,0
15:45:11,1410,87,15,47,0
15:45:12,1411,87,15,46,0
15:45:13,1412,85,15,47,0
15:45:14,1413,85,15,47,0
15:45:15,1414,85,15,46,0
15:45:16,1415,79,15,46,0
15:45:17,1416,79,15,46,0
15:45:18,1417,79,15,47,0
15:45:19,1418,79,15,47,0
15:45:20,1419,80,15,46,0
15:45:21,1420,80,15,46,0
15:45:22,1421,80,20,47,0
15:45:23,1422,81,16,47,0
15:45:24,1423,81,15,46,0
15:45:25,1424,81,16,46,0
15:45:26,1425,81,16,46,0
15:45:27,1426,81,15,46,0
15:45:28,1427,81,15,47,0
15:45:29,1428,77,15,47,0
15:45:30,1429,76,30,48,0
15:45:31,1430,76,15,47,0
15:45:32,1431,76,15,46,0
15:45:33,1432,75,15,46,0
15:45:34,1433,75,20,47,0
15:45:35,1434,75,15,46,0
15:45:36,1435,74,17,46,0
15:45:37,1436,74,15,46,0
15:45:38,1437,74,17,47,0
15:45:39,1438,80,16,46,0
15:45:40,1439,80,27,46,0
15:45:41,1440,80,18,46,0
15:45:42,1441,80,20,46,0
15:45:43,1442,79,15,46,0
15:45:44,1443,79,19,47,0
15:45:45,1444,79,15,46,0
15:45:46,1445,79,18,47,0
15:45:47,1446,79,16,47,0
15:45:48,1447,78,17,46,0
15:45:49,1448,78,27,46,0
15:45:50,1449,78,40,46,0
15:45:51,1450,79,20,46,0
15:45:52,1451,79,69,46,0
15:45:53,1452,79,52,46,0
15:45:54,1453,79,37,46,0
15:45:55,1454,79,53,46,0
15:45:56,1455,78,44,47,0
15:45:57,1456,78,25,46,0
15:45:58,1457,78,37,46,0
15:45:59,1458,79,40,46,0
15:46:00,1459,79,17,46,0
15:46:01,1460,79,22,46,0
15:46:02,1461,79,27,46,0
15:46:03,1462,79,43,46,0
15:46:04,1463,79,28,46,0
15:46:05,1464,78,35,46,0
15:46:06,1465,78,27,46,0
15:46:07,1466,78,22,46,0
15:46:08,1467,78,29,47,0
15:46:09,1468,78,25,46,0
15:46:10,1469,82,31,47,0
15:46:11,1470,82,45,47,0
15:46:12,1471,82,42,46,0
15:46:13,1472,82,49,46,0
15:46:14,1473,82,46,47,0
15:46:15,1474,81,46,46,0
15:46:16,1475,81,51,46,0
15:46:17,1476,81,45,43,0
15:46:18,1477,81,51,14,0
15:46:19,1478,81,48,8,0
15:46:20,1479,82,39,6,0
