Time_Val,Time_sec,Heart_Rate,Sound,Light,Phone_Active
15:50:20,1,70,51,50,0
15:50:21,2,70,58,51,0
15:50:22,3,70,59,50,0
15:50:23,4,70,52,50,0
15:50:24,5,70,47,50,0
15:50:25,6,70,35,50,0
15:50:26,7,70,43,50,0
15:50:27,8,70,40,50,0
15:50:28,9,70,61,50,0
15:50:29,10,70,49,50,0
15:50:30,11,78,59,50,0
15:50:31,12,78,68,51,0
15:50:32,13,78,60,50,0
15:50:33,14,77,61,51,0
15:50:34,15,77,19,51,0
15:50:35,16,77,75,51,0
15:50:36,17,86,38,51,0
15:50:37,18,86,46,50,0
15:50:38,19,86,52,50,0
15:50:39,20,83,70,50,0
15:50:40,21,83,69,51,0
15:50:41,22,83,72,51,0
15:50:42,23,90,72,50,0
15:50:43,24,93,72,50,0
15:50:44,25,91,58,51,0
15:50:45,26,91,46,50,0
15:50:46,27,92,50,50,0
15:50:47,28,92,51,49,0
15:50:48,29,91,55,50,0
15:50:49,30,91,26,49,0
15:50:50,31,91,46,50,0
15:50:51,32,90,62,49,0
15:50:52,33,90,41,50,0
15:50:53,34,90,28,49,0
15:50:54,35,90,33,50,0
15:50:55,36,90,38,49,0
15:50:56,37,90,36,49,0
15:50:57,38,91,30,49,0
15:50:58,39,91,34,49,0
15:50:59,40,91,32,50,0
15:51:00,41,96,30,49,0
15:51:01,42,96,32,49,0
15:51:02,43,96,44,49,0
15:51:03,44,96,46,49,0
15:51:04,45,96,29,50,0
15:51:05,46,97,46,49,0
15:51:06,47,97,43,50,0
15:51:07,48,97,18,50,0
15:51:08,49,98,42,38,0
15:51:09,50,98,44,34,0
15:51:10,51,98,38,48,0
15:51:11,52,88,36,50,0
15:51:12,53,88,25,50,0
15:51:13,54,88,33,49,0
15:51:14,55,89,36,49,0
15:51:15,56,89,40,50,0
15:51:16,57,89,60,49,0
15:51:17,58,84,73,50,0
15:51:18,59,84,51,50,0
15:51:19,60,84,57,49,0
15:51:20,61,84,66,50,0
15:51:21,62,84,31,49,0
15:51:22,63,84,58,50,0
15:51:23,64,88,62,50,0
15:51:24,65,85,36,49,0
15:51:25,66,84,68,50,0
15:51:26,67,84,60,50,0
15:51:27,68,84,52,50,0
15:51:28,69,88,34,50,0
15:51:29,70,88,26,50,0
15:51:30,71,88,46,50,0
15:51:31,72,87,68,50,0
15:51:32,73,87,75,50,0
15:51:33,74,87,70,51,0
15:51:34,75,88,72,49,0
15:51:35,76,88,54,50,0
15:51:36,77,88,53,49,0
15:51:37,78,79,58,50,0
15:51:38,79,79,53,49,0
15:51:39,80,79,44,50,0
15:51:40,81,80,37,50,0
15:51:41,82,80,44,50,0
15:51:42,83,80,42,50,0
15:51:43,84,80,29,51,0
15:51:44,85,83,17,50,0
15:51:45,86,82,15,50,0
15:51:46,87,82,50,50,0
15:51:47,88,82,15,50,0
15:51:48,89,83,19,50,0
15:51:49,90,86,28,49,0
15:51:50,91,86,29,50,0
15:51:51,92,86,34,50,0
15:51:52,93,86,42,51,0
15:51:53,94,82,30,50,0
15:51:54,95,82,34,50,0
15:51:55,96,82,52,50,0
15:51:56,97,81,49,51,0
15:51:57,98,81,35,51,0
15:51:58,99,82,39,50,0
15:51:59,100,82,38,51,0
15:52:00,101,82,40,50,0
15:52:01,102,82,39,51,0
15:52:02,103,82,53,51,0
15:52:03,104,82,38,51,0
15:52:04,105,82,34,51,0
15:52:05,106,82,32,51,0
15:52:06,107,82,31,51,0
15:52:07,108,81,31,51,0
15:52:08,109,81,36,51,0
15:52:09,110,79,41,50,0
15:52:10,111,79,16,51,0
15:52:11,112,78,37,50,0
15:52:12,113,78,32,50,0
15:52:13,114,78,48,51,0
15:52:14,115,78,40,51,0
15:52:15,116,78,44,50,0
15:52:16,117,78,37,51,0
15:52:17,118,78,44,51,0
15:52:18,119,83,29,51,0
15:52:19,120,83,31,51,0
15:52:20,121,83,30,52,0
15:52:21,122,87,15,51,0
15:52:22,123,87,16,52,0
15:52:23,124,87,15,52,0
15:52:24,125,87,15,52,0
15:52:25,126,87,16,52,0
15:52:26,127,87,15,52,0
15:52:27,128,87,16,52,0
15:52:28,129,87,16,52,0
15:52:29,130,87,15,52,0
15:52:30,131,89,19,52,0
15:52:31,132,89,32,52,0
15:52:32,133,89,38,52,0
15:52:32,134,89,40,52,0
15:52:33,135,89,39,52,0
15:52:34,136,89,48,52,0
15:52:35,137,89,37,52,0
15:52:36,138,91,54,52,0
15:52:37,139,91,23,52,0
15:52:38,140,91,30,52,0
15:52:39,141,88,36,52,0
15:52:40,142,88,33,52,0
15:52:41,143,88,16,51,0
15:52:42,144,89,39,51,0
15:52:43,145,89,24,51,0
15:52:44,146,89,22,52,0
15:52:45,147,87,42,51,0
15:52:46,148,87,39,51,0
15:52:47,149,87,44,52,0
15:52:48,150,85,44,51,0
15:52:49,151,85,32,51,0
15:52:50,152,90,26,52,0
15:52:51,153,90,25,51,0
15:52:52,154,90,24,51,0
15:52:53,155,86,27,52,0
15:52:54,156,86,24,51,0
15:52:55,157,86,25,51,0
15:52:56,158,86,25,51,0
15:52:57,159,86,23,52,0
15:52:58,160,86,21,51,0
15:52:59,161,85,26,52,0
15:53:00,162,85,16,51,0
15:53:01,163,85,19,51,0
15:53:02,164,85,35,52,0
15:53:03,165,84,33,52,0
15:53:04,166,84,18,52,0
15:53:05,167,84,19,52,0
15:53:06,168,84,16,52,0
15:53:07,169,84,19,52,0
15:53:08,170,84,19,52,0
15:53:09,171,83,35,52,0
15:53:10,172,84,36,52,0
15:53:11,173,84,39,52,0
15:53:12,174,84,38,51,0
15:53:13,175,85,28,52,0
15:53:14,176,85,23,52,0
15:53:15,177,85,23,52,0
15:53:16,178,84,21,52,0
15:53:17,179,84,17,52,0
15:53:18,180,84,16,52,0
15:53:19,181,82,17,52,0
15:53:20,182,82,17,53,0
15:53:21,183,82,17,52,0
15:53:22,184,81,16,52,0
15:53:23,185,81,16,52,0
15:53:24,186,81,16,53,0
15:53:25,187,82,32,53,0
15:53:26,188,82,34,52,0
15:53:27,189,82,37,52,0
15:53:28,190,81,30,52,0
15:53:29,191,81,29,52,0
15:53:30,192,80,28,53,0
15:53:31,193,80,29,52,0
15:53:32,194,82,30,53,0
15:53:33,195,82,20,52,0
15:53:34,196,82,20,52,0
15:53:35,197,83,55,52,0
15:53:36,198,83,45,52,0
15:53:37,199,83,50,52,0
15:53:38,200,90,19,52,0
15:53:39,201,90,29,52,0
15:53:40,202,90,32,53,0
15:53:41,203,87,28,52,0
15:53:42,204,87,26,52,0
15:53:43,205,88,38,52,0
15:53:44,206,88,76,51,0
15:53:45,207,88,33,52,0
15:53:46,208,87,35,51,0
15:53:47,209,87,73,52,0
15:53:48,210,87,54,51,0
15:53:49,211,86,37,52,0
15:53:50,212,87,75,52,0
15:53:51,213,87,25,52,0
15:53:52,214,87,43,52,0
15:53:53,215,84,55,52,0
15:53:54,216,84,56,52,0
15:53:55,217,84,69,52,0
15:53:56,218,83,45,52,0
15:53:57,219,83,68,52,0
15:53:58,220,79,20,52,0
15:53:59,221,79,40,52,0
15:54:00,222,84,55,52,0
15:54:01,223,83,74,52,0
15:54:02,224,82,72,52,0
15:54:03,225,82,16,52,0
15:54:04,226,83,28,52,0
15:54:05,227,83,39,52,0
15:54:06,228,83,55,53,0
15:54:07,229,82,42,52,0
15:54:08,230,82,59,53,0
15:54:09,231,82,53,52,0
15:54:10,232,79,60,52,0
15:54:11,233,79,31,52,0
15:54:12,234,79,26,52,0
15:54:13,235,80,54,51,0
15:54:14,236,81,23,52,0
15:54:15,237,81,63,51,0
15:54:16,238,81,17,52,0
15:54:17,239,81,57,51,0
15:54:18,240,80,59,52,0
15:54:19,241,80,37,52,0
15:54:20,242,80,54,52,0
15:54:21,243,83,55,52,0
15:54:22,244,83,59,52,0
15:54:23,245,83,61,52,0
15:54:24,246,83,51,53,0
15:54:25,247,83,63,53,0
15:54:26,248,82,61,52,0
15:54:27,249,82,63,52,0
15:54:28,250,82,72,52,0
15:54:29,251,85,71,52,0
15:54:30,252,83,64,52,0
15:54:31,253,83,60,51,0
15:54:32,254,83,67,51,0
15:54:33,255,84,67,51,0
15:54:34,256,84,70,52,0
15:54:35,257,84,73,51,0
15:54:36,258,84,67,52,0
15:54:37,259,84,50,52,0
15:54:38,260,82,49,51,0
15:54:39,261,82,46,52,0
15:54:40,262,82,53,51,0
15:54:41,263,85,62,52,0
15:54:42,264,85,70,52,0
15:54:43,265,85,71,52,0
15:54:44,266,88,67,51,0
15:54:45,267,87,65,52,0
15:54:46,268,87,66,52,0
15:54:47,269,87,68,53,0
15:54:48,270,82,65,52,0
15:54:49,271,82,66,52,0
15:54:50,272,82,62,52,0
15:54:51,273,84,64,52,0
15:54:52,274,84,64,52,0
15:54:53,275,84,62,52,0
15:54:54,276,82,70,52,0
15:54:55,277,82,74,53,0
15:54:56,278,82,72,52,0
15:54:57,279,76,68,52,0
15:54:58,280,76,71,53,0
15:54:59,281,76,69,52,0
15:55:00,282,75,69,52,0
15:55:01,283,75,63,52,0
15:55:02,284,75,67,52,0
15:55:03,285,87,65,52,0
15:55:04,286,87,66,53,0
15:55:05,287,87,72,53,0
15:55:06,288,90,68,53,0
15:55:07,289,90,66,52,0
15:55:08,290,90,69,52,0
15:55:09,291,89,47,53,0
15:55:10,292,83,21,53,0
15:55:11,293,83,25,52,0
15:55:12,294,83,15,53,0
15:55:13,295,83,70,52,0
15:55:14,296,83,75,53,0
15:55:15,297,83,73,53,0
15:55:16,298,83,63,52,0
15:55:17,299,83,67,52,0
15:55:18,300,83,63,52,0
15:55:19,301,82,61,53,0
15:55:20,302,80,63,53,0
15:55:21,303,80,61,53,0
15:55:22,304,80,59,53,0
15:55:23,305,75,62,54,0
15:55:24,306,75,66,53,0
15:55:25,307,75,54,53,0
15:55:26,308,79,56,53,0
15:55:27,309,79,54,53,0
15:55:28,310,79,53,52,0
15:55:29,311,82,44,53,0
15:55:30,312,82,62,52,0
15:55:31,313,82,59,53,0
15:55:32,314,85,46,53,0
15:55:33,315,85,56,53,0
15:55:34,316,85,42,52,0
15:55:35,317,85,63,53,0
15:55:36,318,85,67,52,0
15:55:37,319,85,59,53,0
15:55:38,320,82,59,52,0
15:55:39,321,82,59,52,0
15:55:40,322,83,59,51,0
15:55:41,323,83,18,52,0
15:55:42,324,83,56,51,0
15:55:43,325,82,60,52,0
15:55:44,326,82,61,52,0
15:55:45,327,82,50,53,0
15:55:46,328,85,61,52,0
15:55:47,329,85,31,52,0
15:55:48,330,85,65,52,0
15:55:49,331,81,57,53,0
15:55:50,332,81,42,53,0
15:55:51,333,81,34,52,0
15:55:52,334,82,20,53,0
15:55:53,335,82,57,53,0
15:55:54,336,82,51,53,0
15:55:55,337,86,34,53,0
15:55:56,338,86,52,52,0
15:55:57,339,86,48,53,0
15:55:58,340,79,15,53,0
15:55:59,341,78,52,53,0
15:56:00,342,78,52,53,0
15:56:01,343,78,54,53,0
15:56:02,344,76,18,53,0
15:56:03,345,76,64,53,0
15:56:04,346,76,44,53,0
15:56:05,347,80,49,52,0
15:56:06,348,80,23,53,0
15:56:07,349,80,59,52,0
15:56:08,350,80,60,53,0
15:56:09,351,80,56,53,0
15:56:10,352,79,71,52,0
15:56:11,353,79,62,53,0
15:56:12,354,79,46,53,0
15:56:13,355,79,68,53,0
15:56:14,356,79,66,52,0
15:56:15,357,79,60,53,0
15:56:16,358,85,57,53,0
15:56:17,359,85,60,53,0
15:56:18,360,85,71,52,0
15:56:19,361,94,55,53,0
15:56:20,362,93,62,52,0
15:56:21,363,93,74,52,0
15:56:22,364,93,52,53,0
15:56:23,365,80,59,52,0
15:56:24,366,80,48,53,0
15:56:25,367,80,50,53,0
15:56:26,368,79,29,52,0
15:56:27,369,79,17,53,0
15:56:28,370,79,68,53,0
15:56:29,371,80,67,53,0
15:56:30,372,80,73,53,0
15:56:31,373,80,70,53,0
15:56:32,374,78,57,53,0
15:56:33,375,78,15,52,0
15:56:34,376,78,15,52,0
15:56:35,377,83,16,53,0
15:56:36,378,83,15,53,0
15:56:37,379,83,15,52,0
15:56:38,380,84,15,53,0
15:56:39,381,84,15,53,0
15:56:40,382,84,15,53,0
15:56:41,383,89,15,53,0
15:56:42,384,89,15,52,0
15:56:43,385,89,17,52,0
15:56:44,386,92,38,53,0
15:56:45,387,92,16,53,0
15:56:46,388,92,15,53,0
15:56:47,389,94,18,53,0
15:56:48,390,94,59,53,0
15:56:49,391,94,16,52,0
15:56:50,392,94,15,52,0
15:56:51,393,87,15,52,0
15:56:52,394,87,15,53,0
15:56:53,395,87,41,52,0
15:56:54,396,85,29,53,0
15:56:55,397,85,37,53,0
15:56:56,398,85,15,52,0
15:56:57,399,78,15,52,0
15:56:58,400,78,15,53,0
15:56:59,401,78,15,53,0
15:57:00,402,79,15,53,0
15:57:01,403,79,15,52,0
15:57:02,404,79,15,52,0
15:57:03,405,80,15,53,0
15:57:04,406,80,15,52,0
15:57:05,407,80,15,53,0
15:57:06,408,80,54,53,0
15:57:07,409,80,15,52,0
15:57:08,410,80,15,53,0
15:57:09,411,80,31,53,0
15:57:10,412,80,39,53,0
15:57:11,413,80,15,52,0
15:57:12,414,80,15,53,0
15:57:13,415,80,15,52,0
15:57:14,416,81,15,52,0
15:57:15,417,81,16,53,0
15:57:16,418,81,15,53,0
15:57:17,419,80,15,53,0
15:57:18,420,80,37,53,0
15:57:19,421,80,29,52,0
15:57:20,422,75,15,53,0
15:57:21,423,75,22,53,0
15:57:22,424,75,15,53,0
15:57:23,425,81,15,53,0
15:57:24,426,81,15,53,0
15:57:25,427,81,15,53,0
15:57:26,428,82,15,54,0
15:57:27,429,82,15,53,0
15:57:28,430,82,15,53,0
15:57:29,431,82,15,53,0
15:57:30,432,82,15,53,0
15:57:31,433,82,16,54,0
15:57:32,434,85,35,53,0
15:57:33,435,85,56,53,0
15:57:34,436,85,52,53,0
15:57:35,437,81,51,53,0
15:57:36,438,81,31,53,0
15:57:37,439,81,46,53,0
15:57:38,440,78,50,53,0
15:57:39,441,78,54,53,0
15:57:40,442,78,60,53,0
15:57:41,443,78,59,53,0
15:57:42,444,78,60,53,0
15:57:43,445,78,62,53,0
15:57:44,446,82,57,53,0
15:57:45,447,82,50,53,0
15:57:46,448,82,57,53,0
15:57:47,449,78,71,53,0
15:57:48,450,82,67,53,0
15:57:49,451,82,65,53,0
15:57:50,452,82,61,52,0
15:57:51,453,82,60,52,0
15:57:52,454,82,62,52,0
15:57:53,455,82,60,53,0
15:57:54,456,82,62,52,0
15:57:55,457,82,61,53,0
15:57:56,458,82,62,52,0
15:57:57,459,81,50,53,0
15:57:58,460,81,48,53,0
15:57:59,461,81,58,53,0
15:58:00,462,80,66,53,0
15:58:01,463,80,62,52,0
15:58:02,464,80,62,53,0
15:58:03,465,80,61,53,0
15:58:04,466,80,65,52,0
15:58:05,467,80,66,53,0
15:58:06,468,75,67,53,0
15:58:07,469,75,69,52,0
15:58:08,470,75,68,53,0
15:58:09,471,75,69,53,0
15:58:10,472,76,56,52,0
15:58:11,473,77,65,53,0
15:58:12,474,77,68,52,0
15:58:13,475,77,69,52,0
15:58:14,476,80,61,53,0
15:58:15,477,80,68,53,0
15:58:16,478,80,65,52,0
15:58:17,479,83,68,53,0
15:58:18,480,83,58,52,0
15:58:19,481,83,68,52,0
15:58:20,482,77,68,53,0
15:58:21,483,77,63,53,0
15:58:22,484,77,62,53,0
15:58:23,485,77,66,54,0
15:58:24,486,77,61,54,0
15:58:25,487,77,62,53,0
15:58:26,488,77,64,54,0
15:58:27,489,77,65,53,0
15:58:28,490,77,63,53,0
15:58:29,491,77,65,53,0
15:58:30,492,77,65,52,0
15:58:31,493,77,67,52,0
15:58:32,494,77,67,53,0
15:58:33,495,76,68,54,0
15:58:34,496,76,69,53,0
15:58:35,497,76,71,53,0
15:58:36,498,73,67,53,0
15:58:37,499,73,67,53,0
15:58:38,500,73,67,52,0
15:58:39,501,73,64,53,0
15:58:40,502,73,68,52,0
15:58:41,503,73,65,52,0
15:58:42,504,75,70,53,0
15:58:43,505,75,59,53,0
15:58:44,506,75,70,53,0
15:58:45,507,77,69,52,0
15:58:46,508,77,70,53,0
15:58:47,509,78,60,53,0
15:58:48,510,78,65,53,0
15:58:49,511,78,64,52,0
15:58:50,512,79,67,52,0
15:58:51,513,79,66,53,0
15:58:52,514,79,67,52,0
15:58:53,515,79,70,53,0
15:58:54,516,80,70,53,0
15:58:55,517,80,66,53,0
15:58:56,518,80,72,53,0
15:58:57,519,80,68,53,0
15:58:58,520,77,71,53,0
15:58:59,521,77,69,53,0
15:59:00,522,79,72,53,0
15:59:01,523,79,69,53,0
15:59:02,524,77,69,53,0
15:59:03,525,77,70,53,0
15:59:04,526,77,66,52,0
15:59:05,527,77,66,53,0
15:59:06,528,80,61,52,0
15:59:07,529,80,66,53,0
15:59:08,530,80,68,53,0
15:59:09,531,80,65,52,0
15:59:10,532,80,63,53,0
15:59:11,533,81,66,52,0
15:59:12,534,81,49,53,0
15:59:13,535,81,52,53,0
15:59:14,536,80,62,52,0
15:59:15,537,80,66,52,0
15:59:16,538,80,70,53,0
15:59:17,539,79,70,52,0
15:59:18,540,80,68,53,0
15:59:19,541,80,67,53,0
15:59:20,542,80,63,53,0
15:59:21,543,80,67,52,0
15:59:22,544,80,68,53,0
15:59:23,545,80,70,53,0
15:59:24,546,82,68,54,0
15:59:25,547,82,64,53,0
15:59:26,548,82,64,53,0
15:59:27,549,84,68,53,0
15:59:28,550,84,68,53,0
15:59:29,551,84,64,54,0
15:59:30,552,84,66,53,0
15:59:31,553,84,69,53,0
15:59:32,554,84,68,54,0
15:59:33,555,84,64,53,0
15:59:34,556,84,68,53,0
15:59:35,557,84,68,53,0
15:59:36,558,86,68,54,0
15:59:37,559,87,65,53,0
15:59:38,560,85,66,54,0
15:59:39,561,85,65,52,0
15:59:40,562,85,65,52,0
15:59:41,563,83,61,53,0
15:59:42,564,83,62,52,0
15:59:43,565,84,63,53,0
15:59:44,566,83,63,53,0
15:59:45,567,83,65,52,0
15:59:46,568,83,65,53,0
15:59:47,569,83,65,53,0
15:59:48,570,82,69,52,0
15:59:49,571,82,69,53,0
15:59:50,572,82,68,52,0
15:59:51,573,76,66,53,0
15:59:52,574,76,66,52,0
15:59:53,575,76,15,53,0
15:59:54,576,74,15,52,0
15:59:55,577,74,45,52,0
15:59:56,578,74,15,53,0
15:59:57,579,74,15,52,0
15:59:58,580,74,15,52,0
15:59:59,581,74,15,52,0
16:00:00,582,77,68,53,0
16:00:01,583,77,77,52,0
16:00:02,584,77,75,52,0
16:00:03,585,80,74,53,0
16:00:04,586,80,77,53,0
16:00:05,587,80,77,54,0
16:00:06,588,80,77,53,0
16:00:07,589,80,78,49,0
16:00:08,590,80,76,44,0
16:00:09,591,74,72,209,0
16:00:10,592,74,15,10,0
16:00:11,593,74,15,25,0
16:00:12,594,75,67,35,0
16:00:13,595,75,64,13,0
16:00:14,596,75,67,3,0
16:00:15,597,77,57,5,0
16:00:16,598,77,19,6,0
16:00:17,599,77,15,4,0
16:00:18,600,77,65,4,1
16:00:19,601,77,45,5,0
16:00:20,602,77,45,11,0
16:00:21,603,78,56,38,0
16:00:22,604,80,28,48,0
16:00:23,605,80,38,48,0
16:00:24,606,80,16,48,0
16:00:25,607,84,58,48,0
16:00:26,608,84,52,48,0
16:00:27,609,84,51,49,0
16:00:28,610,85,15,48,0
16:00:29,611,85,17,48,0
16:00:30,612,86,15,48,0
16:00:31,613,88,52,48,0
16:00:32,614,88,15,48,0
16:00:33,615,88,53,48,0
16:00:34,616,87,35,48,0
16:00:35,617,87,15,48,0
16:00:36,618,87,46,48,0
16:00:37,619,86,15,48,0
16:00:38,620,86,15,48,0
16:00:39,621,86,15,48,0
16:00:40,622,87,15,49,0
16:00:41,623,87,15,48,0
16:00:42,624,87,62,49,0
16:00:43,625,85,62,48,0
16:00:44,626,85,15,49,0
16:00:45,627,86,15,49,0
16:00:46,628,85,33,48,0
16:00:47,629,85,15,48,0
16:00:48,630,87,40,48,0
16:00:49,631,87,43,48,0
16:00:50,632,87,44,48,0
16:00:51,633,86,15,48,0
16:00:52,634,86,15,48,0
16:00:53,635,86,15,48,0
16:00:54,636,86,15,48,0
16:00:55,637,86,15,48,0
16:00:56,638,86,50,48,0
16:00:57,639,85,53,47,0
16:00:58,640,85,47,48,0
16:00:59,641,85,15,47,0
16:01:00,642,82,15,48,0
16:01:01,643,82,15,48,0
16:01:02,644,82,15,49,0
16:01:03,645,82,15,48,0
16:01:04,646,82,15,48,0
16:01:05,647,82,15,47,0
16:01:06,648,83,15,48,0
16:01:07,649,82,15,48,0
16:01:08,650,82,15,48,0
16:01:09,651,82,15,48,0
16:01:10,652,82,33,48,0
16:01:11,653,82,17,48,0
16:01:12,654,82,15,49,0
16:01:13,655,83,66,48,0
16:01:14,656,83,67,49,0
16:01:15,657,83,60,48,0
16:01:16,658,83,57,48,0
16:01:17,659,83,62,48,0
16:01:18,660,83,69,48,0
16:01:19,661,80,52,49,0
16:01:20,662,80,57,48,0
16:01:21,663,80,55,49,0
16:01:22,664,81,76,48,0
16:01:23,665,81,77,48,0
16:01:24,666,81,74,49,0
16:01:25,667,82,70,49,0
16:01:26,668,82,56,49,0
16:01:27,669,82,67,48,0
16:01:28,670,82,66,49,0
16:01:29,671,82,58,49,0
16:01:30,672,82,66,49,0
16:01:31,673,82,65,49,0
16:01:32,674,82,66,49,0
16:01:33,675,82,65,48,0
16:01:34,676,82,68,48,0
16:01:35,677,82,62,49,0
16:01:36,678,78,55,49,0
16:01:37,679,78,60,49,0
16:01:38,680,78,50,49,0
16:01:39,681,75,53,49,0
16:01:40,682,75,62,49,0
16:01:41,683,75,62,49,0
16:01:42,684,76,59,49,0
16:01:43,685,76,66,49,0
16:01:44,686,76,59,49,0
16:01:45,687,77,52,49,0
16:01:46,688,77,57,49,0
16:01:47,689,77,60,49,0
16:01:48,690,76,59,49,0
16:01:49,691,76,31,48,0
16:01:50,692,76,48,49,0
16:01:51,693,77,68,48,0
16:01:52,694,77,57,48,0
16:01:54,695,77,58,48,0
16:01:54,696,77,57,48,0
16:01:55,697,77,60,49,0
16:01:56,698,77,56,48,0
16:01:57,699,77,63,48,0
16:01:58,700,77,67,48,0
16:01:59,701,77,64,48,0
16:02:00,702,91,65,47,0
16:02:01,703,91,66,48,0
16:02:02,704,91,59,48,0
16:02:03,705,93,62,47,0
16:02:04,706,93,60,48,0
16:02:05,707,93,23,47,0
16:02:06,708,93,15,48,0
16:02:07,709,93,44,48,0
16:02:08,710,93,53,48,0
16:02:09,711,92,45,48,0
16:02:10,712,92,37,47,0
16:02:11,713,92,15,48,0
16:02:12,714,92,47,48,0
16:02:13,715,93,57,47,0
16:02:14,716,93,62,48,0
16:02:15,717,93,63,48,0
16:02:16,718,94,60,48,0
16:02:17,719,94,63,47,0
16:02:18,720,94,59,48,0
16:02:19,721,96,54,47,0
16:02:20,722,96,35,49,0
16:02:21,723,96,44,48,0
16:02:22,724,96,48,48,0
16:02:23,725,91,61,48,0
16:02:24,726,91,62,47,0
16:02:25,727,91,67,48,0
16:02:26,728,90,49,47,0
16:02:27,729,90,56,47,0
16:02:28,730,90,62,48,0
16:02:29,731,91,68,48,0
16:02:30,732,90,66,48,0
16:02:31,733,90,57,48,0
16:02:32,734,90,61,48,0
16:02:33,735,90,61,48,0
16:02:34,736,90,57,48,0
16:02:35,737,90,66,48,0
16:02:36,738,89,60,48,0
16:02:37,739,89,61,48,0
16:02:38,740,89,62,48,0
16:02:39,741,88,57,48,0
16:02:40,742,88,71,48,0
16:02:41,743,88,66,48,0
16:02:42,744,88,60,47,0
16:02:43,745,88,62,47,0
16:02:44,746,88,60,46,0
16:02:45,747,90,57,46,0
16:02:46,748,90,60,47,0
16:02:47,749,90,60,47,0
16:02:48,750,93,56,46,0
16:02:49,751,93,58,47,0
16:02:50,752,93,60,47,0
16:02:51,753,93,59,48,0
16:02:52,754,93,61,47,0
16:02:53,755,95,61,47,0
16:02:54,756,95,63,47,0
16:02:55,757,95,60,48,0
16:02:56,758,96,62,47,0
16:02:57,759,96,62,48,0
16:02:58,760,96,57,47,0
16:02:59,761,95,65,48,0
16:03:00,762,95,67,48,0
16:03:01,763,95,53,48,0
16:03:02,764,95,63,47,0
16:03:03,765,95,56,48,0
16:03:04,766,95,62,48,0
16:03:05,767,95,58,48,0
16:03:06,768,95,59,48,0
16:03:07,769,95,59,48,0
16:03:08,770,93,65,48,0
16:03:09,771,93,62,48,0
16:03:10,772,93,64,47,0
16:03:11,773,91,66,48,0
16:03:12,774,91,65,48,0
16:03:13,775,91,61,47,0
16:03:14,776,91,62,48,0
16:03:15,777,91,63,48,0
16:03:16,778,91,62,48,0
16:03:17,779,92,57,48,0
16:03:18,780,92,56,48,0
16:03:19,781,92,62,47,0
16:03:20,782,93,58,47,0
16:03:21,783,93,47,48,0
16:03:22,784,93,60,47,0
16:03:23,785,93,68,48,0
16:03:24,786,93,61,47,0
16:03:25,787,92,57,47,0
16:03:26,788,92,44,47,0
16:03:27,789,92,57,47,0
16:03:28,790,92,15,48,0
16:03:29,791,92,42,47,0
16:03:30,792,92,45,48,0
16:03:31,793,94,59,48,0
16:03:32,794,94,46,48,0
16:03:33,795,94,27,47,0
16:03:34,796,94,47,48,0
16:03:35,797,94,15,47,0
16:03:36,798,94,15,47,0
16:03:37,799,94,15,48,0
16:03:38,800,94,15,48,0
16:03:39,801,94,15,48,0
16:03:40,802,97,15,47,0
16:03:41,803,97,15,47,0
16:03:42,804,97,15,48,0
16:03:43,805,98,15,47,0
16:03:44,806,98,37,47,0
16:03:45,807,98,15,47,0
16:03:46,808,98,48,48,0
16:03:47,809,98,15,47,0
16:03:48,810,98,23,48,0
16:03:49,811,98,40,36,0
16:03:50,812,98,33,35,0
16:03:51,813,98,63,35,0
16:03:52,814,98,15,35,0
16:03:53,815,98,15,32,0
16:03:54,816,98,62,31,0
16:03:55,817,98,15,32,0
16:03:56,818,98,18,31,0
16:03:57,819,98,62,31,0
16:03:58,820,98,50,32,0
16:03:59,821,98,22,33,0
16:04:00,822,98,50,33,0
16:04:01,823,98,16,34,0
16:04:02,824,98,40,33,0
16:04:03,825,98,15,18,0
16:04:04,826,98,15,5,0
16:04:05,827,98,30,5,0
16:04:06,828,98,15,6,0
16:04:07,829,98,15,6,0
16:04:08,830,97,15,6,0
16:04:09,831,97,15,6,0
16:04:10,832,97,15,7,0
16:04:11,833,97,28,34,0
16:04:12,834,97,24,34,0
16:04:13,835,97,31,35,0
16:04:14,836,97,50,34,0
16:04:15,837,97,15,34,0
16:04:16,838,97,56,34,0
16:04:17,839,98,46,34,0
16:04:18,840,98,38,34,0
16:04:19,841,98,28,34,0
16:04:20,842,100,15,34,0
16:04:21,843,100,16,34,0
16:04:22,844,100,15,34,0
16:04:23,845,100,20,34,0
16:04:24,846,98,39,34,0
16:04:25,847,98,47,33,0
16:04:26,848,98,75,26,1
16:04:27,849,98,15,26,0
16:04:28,850,98,16,26,0
16:04:29,851,98,15,26,0
16:04:30,852,93,41,26,0
16:04:31,853,93,15,26,0
16:04:32,854,93,15,26,0
16:04:33,855,94,50,26,0
16:04:34,856,94,15,26,0
16:04:35,857,94,15,26,0
16:04:36,858,94,15,26,0
16:04:37,859,94,15,26,0
16:04:38,860,94,15,26,0
16:04:39,861,97,15,26,0
16:04:40,862,97,35,26,0
16:04:41,863,97,15,26,0
16:04:42,864,97,15,26,0
16:04:43,865,99,35,26,0
16:04:44,866,99,15,26,0
16:04:45,867,99,52,26,0
16:04:46,868,99,15,26,0
16:04:47,869,99,15,26,0
16:04:48,870,99,50,26,0
16:04:49,871,96,46,26,0
16:04:50,872,96,15,26,0
16:04:51,873,96,15,26,0
16:04:52,874,96,15,26,0
16:04:53,875,96,15,25,0
16:04:54,876,96,15,26,0
16:04:55,877,96,43,26,0
16:04:56,878,96,15,25,0
16:04:57,879,96,15,26,0
16:04:58,880,97,15,26,0
16:04:59,881,97,15,26,0
16:05:00,882,98,15,26,0
16:05:01,883,98,15,25,0
16:05:02,884,98,29,25,0
16:05:03,885,98,40,26,0
16:05:04,886,98,26,25,0
16:05:05,887,98,42,25,0
16:05:06,888,99,15,26,0
16:05:07,889,99,27,26,0
16:05:08,890,99,31,26,0
16:05:09,891,95,15,26,0
16:05:10,892,95,44,26,0
16:05:11,893,95,69,26,0
16:05:12,894,92,29,26,0
16:05:13,895,92,43,26,0
16:05:14,896,92,56,26,0
16:05:15,897,92,33,26,0
16:05:16,898,92,15,26,0
16:05:17,899,88,15,26,0
16:05:18,900,88,16,26,0
16:05:19,901,88,15,26,0
16:05:20,902,88,15,26,0
16:05:21,903,88,15,25,0
16:05:22,904,88,15,25,0
16:05:23,905,88,15,26,0
16:05:24,906,88,15,26,0
16:05:25,907,88,15,25,0
16:05:26,908,88,15,25,0
16:05:27,909,88,15,26,0
16:05:28,910,88,15,26,0
16:05:29,911,86,43,25,0
16:05:30,912,86,15,26,0
16:05:31,913,86,15,26,0
16:05:32,914,86,15,26,0
16:05:33,915,84,15,26,0
16:05:34,916,84,15,26,0
16:05:35,917,84,15,26,0
16:05:36,918,84,15,25,0
16:05:37,919,84,15,25,0
16:05:39,920,84,15,26,0
16:05:39,921,84,15,26,0
16:05:40,922,87,15,26,0
16:05:41,923,87,15,25,0
16:05:42,924,87,15,26,0
16:05:43,925,94,15,26,0
16:05:44,926,94,15,26,0
16:05:45,927,94,15,25,0
16:05:46,928,94,15,26,0
16:05:47,929,94,15,26,0
16:05:48,930,94,15,26,0
16:05:49,931,94,15,26,0
16:05:50,932,96,15,26,0
16:05:51,933,96,15,26,0
16:05:52,934,96,15,26,0
16:05:53,935,96,15,26,0
16:05:54,936,96,15,26,0
16:05:55,937,96,15,26,0
16:05:56,938,94,15,26,0
16:05:57,939,94,15,26,0
16:05:58,940,94,15,25,0
16:05:59,941,94,15,26,0
16:06:00,942,94,15,25,0
16:06:01,943,94,15,26,0
16:06:02,944,94,15,25,0
16:06:03,945,93,15,26,0
16:06:04,946,93,15,26,0
16:06:05,947,93,15,26,0
16:06:06,948,96,15,25,0
16:06:07,949,96,15,25,0
16:06:08,950,96,15,26,0
16:06:09,951,97,15,26,0
16:06:10,952,97,15,26,0
16:06:11,953,97,15,25,0
16:06:12,954,97,15,25,0
16:06:13,955,98,15,25,0
16:06:14,956,98,15,26,0
16:06:15,957,98,15,26,0
16:06:16,958,98,15,26,0
16:06:17,959,98,15,26,0
16:06:18,960,98,15,25,0
16:06:19,961,99,22,25,0
16:06:20,962,99,15,26,0
16:06:21,963,99,15,26,0
16:06:22,964,94,15,25,0
16:06:23,965,94,15,25,0
16:06:24,966,94,15,26,0
16:06:25,967,91,15,25,0
16:06:26,968,91,15,26,0
16:06:27,969,91,15,25,0
16:06:28,970,91,15,26,0
16:06:29,971,89,15,25,0
16:06:30,972,89,15,26,0
16:06:31,973,89,15,25,0
16:06:32,974,89,15,26,0
16:06:33,975,89,15,26,0
16:06:34,976,89,15,25,0
16:06:35,977,88,15,25,0
16:06:36,978,88,15,25,0
16:06:37,979,88,15,26,0
16:06:38,980,89,15,25,0
16:06:39,981,89,15,26,0
16:06:40,982,87,15,26,0
16:06:41,983,87,15,26,0
16:06:42,984,87,15,25,0
16:06:43,985,87,15,25,0
16:06:44,986,87,15,25,0
16:06:45,987,87,15,26,0
16:06:46,988,88,15,26,0
16:06:47,989,88,15,26,0
16:06:48,990,88,15,26,0
16:06:49,991,86,15,25,0
16:06:50,992,86,15,25,0
16:06:51,993,86,15,26,0
16:06:52,994,86,15,26,0
16:06:53,995,83,15,25,0
16:06:54,996,83,63,26,0
16:06:55,997,83,15,26,0
16:06:56,998,84,15,26,0
16:06:57,999,84,15,26,0
16:06:58,1000,84,15,26,0
16:06:59,1001,84,15,25,0
16:07:00,1002,88,15,25,0
16:07:01,1003,88,15,26,0
16:07:02,1004,88,15,26,0
16:07:03,1005,88,15,26,0
16:07:04,1006,88,15,25,0
16:07:05,1007,88,15,26,0
16:07:06,1008,91,15,26,0
16:07:07,1009,91,15,25,0
16:07:08,1010,91,15,26,0
16:07:09,1011,92,15,25,0
16:07:10,1012,92,61,25,0
16:07:11,1013,92,65,25,0
16:07:12,1014,95,15,25,0
16:07:13,1015,95,15,25,0
16:07:14,1016,95,15,25,0
16:07:15,1017,93,15,26,0
16:07:16,1018,93,15,26,0
16:07:17,1019,93,15,26,0
16:07:18,1020,94,15,25,0
16:07:19,1021,94,15,25,0
16:07:20,1022,95,15,26,0
16:07:21,1023,95,15,25,0
16:07:22,1024,95,15,26,0
16:07:23,1025,95,15,26,0
16:07:24,1026,95,15,25,0
16:07:25,1027,95,15,26,0
16:07:26,1028,94,15,26,0
16:07:27,1029,94,15,26,0
16:07:28,1030,94,16,25,0
16:07:29,1031,93,15,25,0
16:07:30,1032,93,15,26,0
16:07:31,1033,93,15,26,0
16:07:32,1034,93,15,26,0
16:07:33,1035,93,15,25,0
16:07:34,1036,93,15,25,0
16:07:35,1037,93,15,25,0
16:07:36,1038,90,15,26,0
16:07:37,1039,90,15,26,0
16:07:38,1040,90,15,26,0
16:07:39,1041,91,15,25,0
16:07:40,1042,91,15,25,0
16:07:41,1043,91,15,25,0
16:07:42,1044,90,15,25,0
16:07:43,1045,90,15,25,0
16:07:44,1046,90,15,26,0
16:07:45,1047,90,15,25,0
16:07:46,1048,90,15,26,0
16:07:47,1049,90,15,25,0
16:07:48,1050,89,15,25,0
16:07:49,1051,89,15,25,0
16:07:50,1052,89,19,26,0
16:07:51,1053,89,15,26,0
16:07:52,1054,90,15,25,0
16:07:53,1055,90,15,25,0
16:07:54,1056,90,15,25,0
16:07:55,1057,91,15,25,0
16:07:56,1058,91,15,26,0
16:07:57,1059,91,44,25,0
16:07:58,1060,90,15,25,0
16:07:59,1061,90,50,25,0
16:08:00,1062,90,15,25,0
16:08:01,1063,89,15,25,0
16:08:02,1064,89,15,26,0
16:08:03,1065,89,15,26,0
16:08:04,1066,89,15,26,0
16:08:05,1067,88,15,26,0
16:08:06,1068,88,15,26,0
16:08:07,1069,88,15,26,0
16:08:08,1070,89,15,26,0
16:08:09,1071,89,15,25,0
16:08:10,1072,89,15,25,0
16:08:11,1073,92,15,25,0
16:08:12,1074,92,15,25,0
16:08:13,1075,92,15,25,0
16:08:14,1076,92,15,26,0
16:08:15,1077,92,15,25,0
16:08:16,1078,92,15,25,0
16:08:17,1079,93,15,26,0
16:08:18,1080,93,15,26,0
16:08:19,1081,93,15,26,0
16:08:20,1082,93,15,25,0
16:08:21,1083,93,15,25,0
16:08:22,1084,93,15,25,0
16:08:23,1085,93,15,26,0
16:08:24,1086,93,15,26,0
16:08:25,1087,93,15,25,0
16:08:26,1088,93,15,25,0
16:08:27,1089,89,15,25,0
16:08:28,1090,88,15,25,0
16:08:29,1091,88,15,26,0
16:08:30,1092,88,15,25,0
16:08:31,1093,88,15,25,0
16:08:32,1094,88,15,25,0
16:08:33,1095,93,15,25,0
16:08:34,1096,93,15,25,0
16:08:35,1097,93,15,25,0
16:08:36,1098,94,15,25,0
16:08:37,1099,94,15,26,0
16:08:38,1100,94,15,25,0
16:08:39,1101,94,15,25,0
16:08:40,1102,94,15,25,0
16:08:41,1103,94,15,25,0
16:08:42,1104,91,15,25,0
16:08:43,1105,91,15,25,0
16:08:44,1106,91,15,25,0
16:08:45,1107,91,15,25,0
16:08:46,1108,91,44,25,0
16:08:47,1109,91,15,25,0
16:08:48,1110,93,15,25,0
16:08:49,1111,93,15,26,0
16:08:50,1112,93,15,26,0
16:08:51,1113,93,20,25,0
16:08:52,1114,93,35,25,0
16:08:53,1115,93,15,25,0
16:08:54,1116,93,15,25,0
16:08:55,1117,93,15,25,0
16:08:56,1118,92,15,25,0
16:08:57,1119,92,15,25,0
16:08:58,1120,92,15,26,0
16:08:59,1121,90,16,25,0
16:09:00,1122,90,15,25,0
16:09:01,1123,90,15,26,0
16:09:02,1124,90,15,25,0
16:09:03,1125,92,57,25,0
16:09:04,1126,92,60,25,0
16:09:05,1127,92,56,25,0
16:09:06,1128,92,55,25,0
16:09:07,1129,92,63,25,0
16:09:08,1130,92,60,25,0
16:09:09,1131,93,59,25,0
16:09:10,1132,93,50,25,0
16:09:11,1133,93,65,25,0
16:09:12,1134,93,15,25,0
16:09:13,1135,93,15,25,0
16:09:14,1136,93,15,25,0
16:09:15,1137,93,15,25,0
16:09:16,1138,93,15,26,0
16:09:17,1139,93,15,26,0
16:09:18,1140,93,15,25,0
16:09:19,1141,93,15,25,0
16:09:20,1142,92,15,25,0
16:09:21,1143,92,65,25,0
16:09:22,1144,92,36,25,0
16:09:23,1145,91,60,25,0
16:09:24,1146,91,15,25,0
16:09:25,1147,91,30,25,0
16:09:26,1148,91,15,25,0
16:09:27,1149,91,15,26,0
16:09:28,1150,91,37,25,0
16:09:29,1151,93,66,25,0
16:09:30,1152,93,43,25,0
16:09:31,1153,93,15,25,0
16:09:32,1154,93,61,25,0
16:09:33,1155,93,48,25,0
16:09:34,1156,93,58,25,0
16:09:35,1157,96,51,22,0
16:09:36,1158,96,61,25,0
16:09:37,1159,96,33,25,0
16:09:38,1160,95,44,25,0
16:09:39,1161,95,15,25,0
16:09:40,1162,95,15,25,0
16:09:41,1163,95,15,25,0
16:09:42,1164,95,15,25,0
16:09:43,1165,95,15,24,0
16:09:44,1166,94,60,21,0
16:09:45,1167,94,56,20,0
16:09:46,1168,94,45,21,0
16:09:47,1169,95,15,27,0
16:09:48,1170,95,15,28,0
16:09:49,1171,95,15,27,0
16:09:50,1172,94,15,27,0
16:09:51,1173,94,15,26,0
16:09:52,1174,94,20,25,0
16:09:53,1175,94,48,26,0
16:09:54,1176,94,34,25,0
16:09:55,1177,94,47,28,0
16:09:56,1178,94,43,28,0
16:09:57,1179,94,77,26,1
16:09:58,1180,94,76,27,0
16:09:59,1181,91,63,24,0
16:10:00,1182,91,56,25,0
16:10:01,1183,91,15,24,0
16:10:02,1184,90,52,24,0
16:10:03,1185,90,55,23,0
16:10:04,1186,90,55,24,0
16:10:05,1187,89,43,24,0
16:10:06,1188,89,53,24,0
16:10:07,1189,89,43,24,0
16:10:08,1190,89,15,24,0
16:10:09,1191,89,29,24,0
16:10:10,1192,88,25,24,0
16:10:11,1193,88,62,24,0
16:10:12,1194,88,56,24,0
16:10:13,1195,90,17,24,0
16:10:14,1196,90,15,24,0
16:10:15,1197,90,15,24,0
16:10:16,1198,92,15,24,0
16:10:17,1199,92,15,24,0
16:10:18,1200,92,15,24,0
16:10:19,1201,92,15,24,0
16:10:20,1202,93,15,23,0
16:10:21,1203,93,15,24,0
16:10:22,1204,93,15,24,0
16:10:23,1205,93,51,24,0
16:10:24,1206,93,15,24,0
16:10:25,1207,93,15,25,0
16:10:26,1208,95,24,25,0
16:10:27,1209,95,15,25,0
16:10:28,1210,92,16,25,0
16:10:29,1211,92,28,25,0
16:10:30,1212,92,47,25,0
16:10:31,1213,92,58,25,0
16:10:32,1214,92,15,25,0
16:10:33,1215,92,15,25,0
16:10:34,1216,90,15,24,0
16:10:35,1217,90,38,24,0
16:10:36,1218,93,15,24,0
16:10:37,1219,93,15,24,0
16:10:38,1220,93,37,24,0
16:10:39,1221,93,15,24,0
16:10:40,1222,92,15,24,0
16:10:41,1223,92,15,24,0
16:10:42,1224,92,15,25,0
16:10:43,1225,91,15,24,0
16:10:44,1226,91,15,24,0
16:10:45,1227,91,15,24,0
16:10:46,1228,91,15,24,0
16:10:47,1229,91,15,24,0
16:10:48,1230,89,15,24,0
16:10:49,1231,89,15,25,0
16:10:50,1232,89,15,25,0
16:10:51,1233,89,15,24,0
16:10:52,1234,89,15,24,0
16:10:53,1235,90,15,24,0
16:10:54,1236,90,15,25,0
16:10:55,1237,91,15,25,0
16:10:56,1238,91,15,24,0
16:10:57,1239,91,15,24,0
16:10:58,1240,91,15,24,0
16:10:59,1241,89,19,25,0
16:11:00,1242,89,32,25,0
16:11:01,1243,89,15,25,0
16:11:02,1244,89,36,24,0
16:11:03,1245,89,28,24,0
16:11:04,1246,89,15,24,0
16:11:05,1247,92,15,24,0
16:11:06,1248,92,15,24,0
16:11:07,1249,93,15,24,0
16:11:08,1250,93,15,25,0
16:11:09,1251,93,15,24,0
16:11:10,1252,93,15,24,0
16:11:11,1253,90,41,24,0
16:11:12,1254,90,15,24,0
16:11:13,1255,90,17,24,0
16:11:14,1256,90,15,24,0
16:11:15,1257,90,15,24,0
16:11:16,1258,90,15,24,0
16:11:17,1259,90,44,24,0
16:11:18,1260,90,15,24,0
16:11:19,1261,91,15,24,0
16:11:20,1262,91,15,24,0
16:11:21,1263,91,15,24,0
16:11:22,1264,91,15,24,0
16:11:23,1265,91,15,24,0
16:11:24,1266,91,15,24,0
16:11:25,1267,90,15,24,0
16:11:26,1268,90,15,24,0
16:11:27,1269,90,15,24,0
16:11:28,1270,89,15,24,0
16:11:29,1271,89,15,24,0
16:11:30,1272,89,15,24,0
16:11:31,1273,89,15,24,0
16:11:32,1274,87,15,24,0
16:11:33,1275,87,15,23,0
16:11:34,1276,87,15,23,0
16:11:35,1277,88,15,23,0
16:11:36,1278,88,15,24,0
16:11:37,1279,88,15,24,0
16:11:38,1280,88,15,23,0
16:11:39,1281,88,15,24,0
16:11:40,1282,88,15,23,0
16:11:41,1283,88,15,23,0
16:11:42,1284,88,15,23,0
16:11:43,1285,90,15,22,0
16:11:44,1286,90,15,23,0
16:11:45,1287,90,46,23,0
16:11:46,1288,90,15,23,0
16:11:47,1289,90,47,23,0
16:11:48,1290,90,22,23,0
16:11:49,1291,90,15,23,0
16:11:50,1292,90,15,23,0
16:11:51,1293,78,15,23,0
16:11:52,1294,78,17,23,0
16:11:53,1295,78,15,23,0
16:11:54,1296,74,15,23,0
16:11:55,1297,74,15,23,0
16:11:56,1298,74,15,23,0
16:11:57,1299,72,15,23,0
16:11:58,1300,72,15,23,0
16:11:59,1301,72,15,23,0
16:12:00,1302,72,15,23,0
16:12:01,1303,72,15,23,0
16:12:02,1304,72,15,23,0
16:12:03,1305,72,15,23,0
16:12:04,1306,72,15,23,0
16:12:05,1307,72,15,23,0
16:12:06,1308,72,34,23,0
16:12:07,1309,72,15,23,0
16:12:08,1310,72,15,22,0
16:12:09,1311,72,15,23,0
16:12:10,1312,74,15,23,0
16:12:11,1313,74,15,22,0
16:12:12,1314,91,15,23,0
16:12:13,1315,91,15,23,0
16:12:14,1316,91,15,22,0
16:12:15,1317,89,15,22,0
16:12:16,1318,89,15,23,0
16:12:17,1319,89,15,22,0
16:12:18,1320,88,15,23,0
16:12:19,1321,88,15,23,0
16:12:20,1322,84,15,23,0
16:12:21,1323,84,15,23,0
16:12:22,1324,84,15,23,0
16:12:23,1325,84,15,23,0
16:12:24,1326,84,15,23,0
16:12:25,1327,84,15,23,0
16:12:26,1328,74,15,23,0
16:12:27,1329,74,15,24,0
16:12:28,1330,74,15,23,0
16:12:29,1331,73,15,24,0
16:12:30,1332,72,15,23,0
16:12:31,1333,72,15,23,0
16:12:32,1334,72,15,23,0
16:12:33,1335,70,15,23,0
16:12:34,1336,70,21,23,0
16:12:35,1337,70,15,23,0
16:12:36,1338,70,15,23,0
16:12:37,1339,70,17,22,0
16:12:38,1340,70,27,21,0
16:12:39,1341,70,38,21,0
16:12:40,1342,73,15,21,0
16:12:41,1343,73,15,21,0
16:12:42,1344,73,15,21,0
16:12:43,1345,73,15,21,0
16:12:44,1346,73,15,21,0
16:12:45,1347,73,48,23,0
16:12:46,1348,73,15,23,0
16:12:47,1349,72,15,22,0
16:12:48,1350,72,16,23,0
16:12:49,1351,72,16,23,0
16:12:50,1352,72,15,22,0
16:12:51,1353,72,15,22,0
16:12:52,1354,72,15,22,0
16:12:53,1355,72,58,23,0
16:12:54,1356,72,55,23,0
16:12:55,1357,72,15,15,0
16:12:56,1358,72,41,24,0
16:12:57,1359,72,15,24,0
16:12:58,1360,73,15,24,0
16:12:59,1361,73,15,24,0
16:13:00,1362,73,38,24,0
16:13:01,1363,70,39,24,0
16:13:02,1364,70,18,24,0
16:13:03,1365,70,43,24,0
16:13:04,1366,70,15,24,0
16:13:05,1367,73,48,24,0
16:13:06,1368,73,15,24,0
16:13:07,1369,73,15,25,0
16:13:08,1370,73,15,25,0
16:13:09,1371,75,49,24,0
16:13:10,1372,75,15,24,0
16:13:11,1373,75,15,25,0
16:13:12,1374,73,15,25,0
16:13:13,1375,73,15,25,0
16:13:14,1376,73,15,25,0
16:13:15,1377,73,15,25,0
16:13:16,1378,73,15,25,0
16:13:17,1379,73,15,25,0
16:13:18,1380,84,15,25,0
16:13:19,1381,84,15,25,0
16:13:20,1382,84,15,26,0
16:13:21,1383,84,15,25,0
16:13:22,1384,84,15,25,0
16:13:23,1385,75,18,25,0
16:13:24,1386,75,15,26,0
16:13:25,1387,75,15,25,0
16:13:26,1388,76,15,25,0
16:13:27,1389,76,15,25,0
16:13:28,1390,76,15,26,0
16:13:29,1391,77,15,25,0
16:13:30,1392,77,63,26,0
16:13:31,1393,77,15,26,0
16:13:32,1394,76,15,26,0
16:13:33,1395,76,15,26,0
16:13:34,1396,76,15,26,0
16:13:35,1397,80,15,26,0
16:13:36,1398,80,15,26,0
16:13:37,1399,80,15,26,0
16:13:38,1400,80,15,26,0
16:13:39,1401,80,15,26,0
16:13:40,1402,85,15,26,0
16:13:41,1403,85,15,26,0
16:13:42,1404,85,15,26,0
16:13:43,1405,86,15,26,0
16:13:44,1406,86,47,27,0
16:13:45,1407,86,54,27,0
16:13:46,1408,87,74,27,0
16:13:47,1409,87,47,27,0
16:13:48,1410,87,21,27,0
16:13:49,1411,87,24,27,0
16:13:50,1412,85,62,27,0
16:13:51,1413,85,48,27,0
16:13:52,1414,85,53,28,0
16:13:53,1415,79,45,27,0
16:13:54,1416,79,56,27,0
16:13:55,1417,79,71,27,0
16:13:56,1418,79,17,27,0
16:13:57,1419,79,57,27,0
16:13:58,1420,81,20,28,0
16:13:59,1421,81,65,28,0
16:14:00,1422,81,36,28,0
16:14:01,1423,80,67,28,0
16:14:02,1424,80,72,27,0
16:14:03,1425,80,54,26,0
16:14:04,1426,80,49,27,0
16:14:05,1427,80,51,28,0
16:14:06,1428,80,47,28,0
16:14:07,1429,76,48,28,0
16:14:08,1430,76,48,28,0
16:14:09,1431,76,40,28,0
16:14:10,1432,75,15,28,0
16:14:11,1433,75,51,28,0
16:14:12,1434,75,46,28,0
16:14:13,1435,74,61,27,0
16:14:14,1436,74,15,27,0
16:14:15,1437,74,20,26,0
16:14:16,1438,80,16,26,0
16:14:17,1439,80,15,28,0
16:14:18,1440,80,15,28,0
16:14:19,1441,80,50,27,0
16:14:20,1442,80,15,27,0
16:14:21,1443,79,53,26,0
16:14:22,1444,79,15,26,0
16:14:23,1445,79,15,26,0
16:14:24,1446,78,15,26,0
16:14:25,1447,78,29,26,0
16:14:26,1448,78,51,26,0
16:14:27,1449,78,36,26,0
16:14:28,1450,78,54,26,0
16:14:29,1451,78,50,26,0
16:14:30,1452,79,39,26,0
16:14:31,1453,79,63,26,0
16:14:32,1454,79,56,26,0
16:14:33,1455,78,15,26,0
16:14:34,1456,78,42,26,0
16:14:35,1457,78,40,26,0
16:14:36,1458,79,15,26,0
16:14:37,1459,79,15,26,0
16:14:38,1460,79,15,26,0
16:14:39,1461,79,15,26,0
16:14:40,1462,79,15,26,0
16:14:41,1463,79,15,26,0
16:14:42,1464,79,15,26,0
16:14:43,1465,78,15,26,0
16:14:44,1466,78,15,26,0
16:14:45,1467,78,15,26,0
16:14:46,1468,82,49,26,0
16:14:47,1469,82,15,26,0
16:14:48,1470,82,16,27,0
16:14:49,1471,81,21,26,0
16:14:50,1472,80,22,26,0
16:14:51,1473,80,42,26,0
16:14:52,1474,80,15,27,0
16:14:53,1475,81,15,27,0
16:14:54,1476,81,15,26,0
16:14:55,1477,81,15,26,0
16:14:56,1478,82,15,26,0
16:14:57,1479,82,15,27,0
16:14:58,1480,82,15,28,0
16:14:59,1481,80,15,28,0
16:15:00,1482,80,15,28,0
16:15:01,1483,80,15,28,0
16:15:02,1484,80,15,28,0
16:15:03,1485,80,15,28,0
16:15:04,1486,80,15,29,0
16:15:05,1487,80,15,29,0
16:15:06,1488,70,15,28,0
16:15:07,1489,70,15,28,0
16:15:08,1490,70,15,28,0
16:15:09,1491,71,15,28,0
16:15:10,1492,71,15,29,0
16:15:11,1493,71,15,28,0
16:15:12,1494,71,15,29,0
16:15:13,1495,71,48,28,0
16:15:14,1496,71,50,29,0
16:15:15,1497,71,39,29,0
16:15:16,1498,71,39,29,0
16:15:17,1499,71,31,29,0
16:15:18,1500,71,50,28,0
16:15:19,1501,76,15,28,0
16:15:20,1502,76,55,28,0
16:15:21,1503,76,15,29,0
16:15:22,1504,78,15,29,0
16:15:23,1505,78,15,29,0
16:15:24,1506,78,15,29,0
16:15:25,1507,78,15,29,0
16:15:26,1508,78,15,29,0
16:15:27,1509,78,15,29,0
16:15:28,1510,77,15,29,0
16:15:29,1511,77,15,29,0
16:15:30,1512,72,15,29,0
16:15:31,1513,72,15,29,0
16:15:32,1514,72,15,29,0
16:15:33,1515,69,15,29,0
16:15:34,1516,69,15,29,0
16:15:35,1517,69,15,30,0
16:15:36,1518,69,15,29,0
16:15:37,1519,69,15,29,0
16:15:38,1520,69,15,30,0
16:15:39,1521,73,15,29,0
16:15:40,1522,73,15,29,0
16:15:41,1523,73,15,30,0
16:15:42,1524,73,15,29,0
16:15:43,1525,79,30,29,0
16:15:44,1526,79,15,29,0
16:15:45,1527,79,48,30,0
16:15:46,1528,83,15,29,0
16:15:47,1529,83,15,30,0
16:15:48,1530,83,15,29,0
16:15:49,1531,83,15,29,0
16:15:50,1532,90,15,29,0
16:15:51,1533,90,15,30,0
16:15:52,1534,90,15,29,0
16:15:53,1535,90,15,29,0
16:15:54,1536,90,15,29,0
16:15:55,1537,90,15,29,0
16:15:56,1538,83,15,30,0
16:15:57,1539,83,15,29,0
16:15:58,1540,83,15,29,0
16:15:59,1541,81,15,29,0
16:16:00,1542,81,15,29,0
16:16:01,1543,81,15,30,0
16:16:02,1544,81,15,29,0
16:16:03,1545,81,15,30,0
16:16:04,1546,81,15,30,0
16:16:05,1547,81,15,30,0
16:16:06,1548,84,15,30,0
16:16:07,1549,84,15,30,0
16:16:08,1550,84,15,30,0
16:16:09,1551,84,15,30,0
16:16:10,1552,75,15,30,0
16:16:11,1553,75,15,30,0
16:16:12,1554,75,15,30,0
16:16:13,1555,75,15,30,0
16:16:14,1556,72,15,30,0
16:16:15,1557,72,67,31,0
16:16:16,1558,72,46,30,0
16:16:17,1559,74,20,30,0
16:16:18,1560,74,15,30,0
16:16:19,1561,74,15,30,0
16:16:20,1562,75,15,30,0
16:16:21,1563,75,15,31,0
16:16:22,1564,75,15,30,0
16:16:23,1565,75,15,29,0
16:16:24,1566,75,41,29,0
16:16:25,1567,75,15,27,0
16:16:26,1568,73,45,26,0
16:16:27,1569,73,15,27,0
16:16:28,1570,73,15,27,0
16:16:29,1571,73,15,27,0
16:16:30,1572,73,39,27,0
16:16:31,1573,73,41,27,0
16:16:32,1574,75,26,27,0
16:16:33,1575,75,15,27,0
16:16:34,1576,75,44,28,0
16:16:35,1577,75,15,29,0
16:16:36,1578,73,15,28,0
16:16:37,1579,73,15,29,0
16:16:38,1580,73,15,28,0
16:16:39,1581,73,15,28,0
16:16:40,1582,76,15,28,0
16:16:41,1583,76,16,28,0
16:16:42,1584,76,44,28,0
16:16:43,1585,76,51,29,0
16:16:44,1586,76,15,28,0
16:16:45,1587,76,36,28,0
16:16:46,1588,79,49,28,0
16:16:47,1589,79,15,28,0
16:16:48,1590,79,15,28,0
16:16:49,1591,83,32,29,0
16:16:50,1592,83,51,28,0
16:16:51,1593,83,15,29,0
16:16:52,1594,80,15,28,0
16:16:53,1595,80,15,28,0
16:16:54,1596,80,30,28,0
16:16:55,1597,80,15,28,0
16:16:56,1598,80,15,28,0
16:16:57,1599,80,15,28,0
16:16:58,1600,80,15,28,0
16:16:59,1601,80,15,29,0
16:17:00,1602,80,15,29,0
16:17:01,1603,80,15,29,0
16:17:02,1604,80,15,29,0
16:17:03,1605,80,15,30,0
16:17:04,1606,80,44,30,0
16:17:05,1607,80,35,31,0
16:17:06,1608,80,15,30,0
16:17:07,1609,79,15,30,0
16:17:08,1610,79,44,30,0
16:17:09,1611,79,48,30,0
16:17:10,1612,79,15,30,0
16:17:11,1613,79,15,29,0
16:17:12,1614,79,15,29,0
16:17:13,1615,79,15,29,0
16:17:14,1616,79,15,29,0
16:17:15,1617,79,15,30,0
16:17:16,1618,78,15,29,0
16:17:17,1619,78,15,29,0
16:17:18,1620,78,15,29,0
16:17:19,1621,80,41,29,0
16:17:20,1622,80,38,29,0
16:17:21,1623,80,15,28,0
16:17:22,1624,80,15,29,0
16:17:23,1625,80,15,28,0
16:17:24,1626,80,41,28,0
16:17:25,1627,80,15,29,0
16:17:26,1628,79,19,29,0
16:17:27,1629,79,41,29,0
16:17:28,1630,79,15,29,0
16:17:29,1631,79,15,29,0
16:17:30,1632,79,15,29,0
16:17:31,1633,79,15,29,0
16:17:32,1634,79,17,29,0
16:17:33,1635,79,15,29,0
16:17:34,1636,79,25,29,0
16:17:35,1637,79,15,29,0
16:17:36,1638,77,15,29,0
16:17:37,1639,77,15,29,0
16:17:38,1640,77,15,28,0
16:17:39,1641,78,15,29,0
16:17:40,1642,78,15,29,0
16:17:41,1643,78,15,29,0
16:17:42,1644,80,15,29,0
16:17:43,1645,80,15,29,0
16:17:44,1646,80,15,29,0
16:17:45,1647,81,15,29,0
16:17:46,1648,81,15,29,0
16:17:47,1649,81,15,29,0
16:17:48,1650,78,15,29,0
16:17:49,1651,78,16,29,0
16:17:50,1652,76,17,29,0
16:17:51,1653,76,15,29,0
16:17:52,1654,76,15,29,0
16:17:53,1655,78,15,30,0
16:17:54,1656,78,15,29,0
16:17:55,1657,78,42,28,0
16:17:56,1658,79,15,28,0
16:17:57,1659,79,15,29,0
16:17:58,1660,79,15,29,0
16:17:59,1661,80,15,29,0
16:18:00,1662,80,15,29,0
16:18:01,1663,80,15,28,0
16:18:02,1664,81,15,28,0
16:18:03,1665,81,15,28,0
16:18:04,1666,81,15,28,0
16:18:05,1667,82,15,28,0
16:18:06,1668,82,15,28,0
16:18:07,1669,82,15,29,0
16:18:08,1670,80,15,29,0
16:18:09,1671,80,15,29,0
16:18:10,1672,80,15,29,0
16:18:11,1673,75,15,28,0
16:18:12,1674,75,15,28,0
16:18:13,1675,75,15,29,0
16:18:14,1676,77,43,28,0
16:18:15,1677,77,15,29,0
16:18:16,1678,77,15,28,0
16:18:17,1679,77,15,29,0
16:18:18,1680,76,15,29,0
16:18:19,1681,76,15,29,0
16:18:20,1682,76,15,29,0
16:18:21,1683,76,15,29,0
16:18:22,1684,75,15,29,0
16:18:23,1685,75,15,29,0
16:18:24,1686,75,15,29,0
16:18:25,1687,72,15,29,0
16:18:26,1688,72,15,29,0
16:18:27,1689,72,63,28,0
16:18:28,1690,72,51,28,0
16:18:29,1691,72,47,28,0
16:18:30,1692,72,15,28,0
16:18:31,1693,76,15,28,0
16:18:32,1694,76,15,29,0
16:18:33,1695,76,15,29,0
16:18:34,1696,79,15,29,0
16:18:35,1697,79,15,29,0
16:18:36,1698,79,15,29,0
16:18:37,1699,79,52,29,0
16:18:38,1700,79,40,31,0
16:18:39,1701,79,15,31,0
16:18:40,1702,79,15,30,0
16:18:41,1703,79,15,30,0
16:18:42,1704,74,15,30,0
16:18:43,1705,74,15,29,0
16:18:44,1706,74,15,29,0
16:18:45,1707,73,15,29,0
16:18:46,1708,73,15,29,0
16:18:47,1709,73,15,29,0
16:18:48,1710,74,15,29,0
16:18:49,1711,74,15,30,0
16:18:50,1712,74,15,29,0
16:18:51,1713,74,56,29,0
16:18:52,1714,74,29,30,0
16:18:53,1715,74,37,27,0
16:18:54,1716,74,19,27,0
16:18:55,1717,74,15,27,0
16:18:56,1718,74,15,28,0
16:18:57,1719,75,15,28,0
16:18:58,1720,75,15,30,0
16:18:59,1721,75,15,31,0
16:19:00,1722,76,15,31,0
16:19:01,1723,76,15,31,0
16:19:02,1724,76,15,31,0
16:19:03,1725,76,18,32,0
16:19:04,1726,76,15,31,0
16:19:05,1727,76,15,31,0
16:19:06,1728,76,15,31,0
16:19:07,1729,76,15,32,0
16:19:08,1730,76,51,31,0
16:19:09,1731,76,39,31,0
16:19:10,1732,76,15,32,0
16:19:11,1733,76,15,31,0
16:19:12,1734,76,15,30,0
16:19:13,1735,76,64,29,0
16:19:14,1736,75,37,28,0
16:19:15,1737,75,15,28,0
16:19:16,1738,75,15,28,0
16:19:17,1739,75,15,28,0
16:19:18,1740,75,15,28,0
16:19:19,1741,79,40,28,0
16:19:20,1742,79,37,28,0
16:19:21,1743,79,51,30,0
16:19:22,1744,78,15,31,0
16:19:23,1745,78,15,31,0
16:19:24,1746,78,30,31,0
16:19:25,1747,78,15,31,0
16:19:26,1748,79,15,31,0
16:19:27,1749,79,55,33,0
16:19:28,1750,79,31,33,0
16:19:29,1751,79,44,32,0
16:19:30,1752,81,27,32,0
16:19:31,1753,81,37,32,0
16:19:32,1754,81,59,32,0
16:19:33,1755,81,36,32,0
16:19:34,1756,81,15,32,0
16:19:35,1757,81,33,32,0
16:19:36,1758,81,22,32,0
16:19:37,1759,81,39,32,0
16:19:38,1760,81,43,32,0
16:19:39,1761,76,45,32,0
16:19:40,1762,76,50,33,0
16:19:41,1763,76,54,33,0
16:19:42,1764,74,33,33,0
16:19:43,1765,74,38,33,0
16:19:44,1766,74,16,33,0
16:19:45,1767,72,26,32,0
16:19:46,1768,72,15,33,0
16:19:47,1769,72,15,32,0
16:19:48,1770,72,15,32,0
16:19:49,1771,72,15,31,0
16:19:50,1772,68,76,31,0
16:19:51,1773,68,15,30,0
16:19:52,1774,68,15,30,0
16:19:53,1775,71,15,31,0
16:19:54,1776,71,15,30,0
16:19:55,1777,71,15,30,0
16:19:56,1778,71,15,30,0
16:19:57,1779,71,15,30,0
16:19:58,1780,71,15,30,0
16:19:59,1781,73,15,30,0
16:20:00,1782,73,15,31,0
16:20:01,1783,73,15,31,0
16:20:02,1784,73,15,31,0
16:20:03,1785,74,36,32,0
16:20:04,1786,74,15,33,0
16:20:05,1787,74,15,33,0
16:20:06,1788,75,15,33,0
16:20:07,1789,75,15,33,0
16:20:08,1790,75,15,33,0
16:20:09,1791,74,15,33,0
16:20:10,1792,74,15,33,0
16:20:11,1793,74,15,33,0
16:20:12,1794,74,15,33,0
16:20:13,1795,74,15,33,0
16:20:14,1796,74,34,33,0
16:20:15,1797,72,33,33,0
16:20:16,1798,72,32,32,0
16:20:17,1799,72,20,32,0
16:20:18,1800,72,15,32,0
16:20:19,1801,73,15,32,0
16:20:20,1802,73,15,32,0
16:20:21,1803,73,15,33,0
16:20:22,1804,73,42,33,0
16:20:23,1805,73,15,32,0
16:20:24,1806,73,15,32,0
16:20:25,1807,73,15,32,0
16:20:26,1808,71,15,32,0
16:20:27,1809,71,15,32,0
16:20:28,1810,71,15,32,0
16:20:29,1811,73,15,32,0
16:20:30,1812,73,15,32,0
16:20:31,1813,73,15,32,0
16:20:32,1814,73,15,32,0
16:20:33,1815,77,15,32,0
16:20:34,1816,77,15,32,0
16:20:35,1817,77,15,32,0
16:20:36,1818,78,15,32,0
16:20:37,1819,78,40,31,0
16:20:38,1820,78,15,32,0
16:20:39,1821,78,53,32,0
16:20:40,1822,76,47,32,0
16:20:41,1823,76,51,32,0
16:20:42,1824,76,15,32,0
16:20:43,1825,74,45,32,0
16:20:44,1826,74,62,32,0
16:20:45,1827,74,16,32,0
16:20:46,1828,74,15,32,0
16:20:47,1829,74,15,31,0
16:20:48,1830,74,15,32,0
16:20:49,1831,80,42,30,0
16:20:50,1832,82,15,31,0
16:20:51,1833,82,34,32,0
16:20:52,1834,82,40,32,0
16:20:53,1835,84,51,30,0
16:20:54,1836,83,38,31,0
16:20:55,1837,81,44,31,0
16:20:56,1838,81,31,31,0
16:20:57,1839,81,19,31,0
16:20:58,1840,81,15,31,0
16:20:59,1841,81,15,31,0
16:21:00,1842,81,15,31,0
16:21:01,1843,78,15,31,0
16:21:02,1844,78,15,31,0
16:21:03,1845,78,15,31,0
16:21:04,1846,78,32,31,0
16:21:05,1847,78,48,31,0
16:21:06,1848,78,50,31,0
16:21:07,1849,86,40,31,0
16:21:08,1850,86,59,31,0
16:21:09,1851,86,27,31,0
16:21:10,1852,81,15,31,0
16:21:11,1853,81,15,31,0
16:21:12,1854,81,15,31,0
16:21:13,1855,79,27,31,0
16:21:14,1856,79,15,31,0
16:21:15,1857,79,15,31,0
16:21:16,1858,83,15,31,0
16:21:17,1859,83,15,31,0
16:21:18,1860,83,15,31,0
16:21:19,1861,86,15,31,0
16:21:20,1862,86,15,31,0
16:21:21,1863,86,15,31,0
16:21:22,1864,86,15,31,0
16:21:23,1865,87,15,31,0
16:21:24,1866,87,15,31,0
16:21:25,1867,87,15,31,0
16:21:26,1868,85,45,31,0
16:21:27,1869,85,15,31,0
16:21:28,1870,84,15,31,0
16:21:29,1871,84,15,31,0
16:21:30,1872,84,22,31,0
16:21:31,1873,82,15,31,0
16:21:32,1874,82,38,31,0
16:21:33,1875,82,42,31,0
16:21:34,1876,82,50,31,0
16:21:35,1877,82,33,31,0
16:21:36,1878,82,52,31,0
16:21:37,1879,74,49,31,0
16:21:38,1880,74,39,31,0
16:21:39,1881,74,38,31,0
16:21:40,1882,74,15,31,0
16:21:41,1883,74,29,31,0
16:21:42,1884,74,17,27,0
16:21:43,1885,68,47,27,0
16:21:44,1886,68,36,25,0
16:21:45,1887,68,15,22,0
16:21:46,1888,66,15,29,0
16:21:47,1889,66,15,29,0
16:21:48,1890,66,23,29,0
16:21:49,1891,64,15,29,0
16:21:50,1892,64,29,29,0
16:21:51,1893,65,24,29,0
16:21:52,1894,65,21,29,0
16:21:53,1895,65,41,30,0
16:21:54,1896,67,21,30,0
16:21:55,1897,67,59,30,0
16:21:56,1898,67,15,30,0
16:21:57,1899,72,15,30,0
16:21:58,1900,72,62,30,0
16:21:59,1901,72,15,30,0
16:22:00,1902,72,15,30,0
16:22:01,1903,72,15,29,0
16:22:02,1904,72,15,30,0
16:22:03,1905,72,27,30,0
16:22:04,1906,72,46,28,0
16:22:05,1907,72,53,28,0
16:22:06,1908,71,42,29,0
16:22:07,1909,71,54,29,0
16:22:08,1910,71,58,29,0
16:22:09,1911,69,57,29,0
16:22:10,1912,69,15,29,0
16:22:11,1913,69,15,29,0
16:22:12,1914,68,15,29,0
16:22:13,1915,68,15,29,0
16:22:14,1916,68,45,29,0
16:22:15,1917,68,15,29,0
16:22:16,1918,68,15,29,0
16:22:17,1919,68,48,29,0
16:22:18,1920,72,17,29,0
16:22:19,1921,72,15,29,0
16:22:20,1922,72,15,29,0
16:22:21,1923,74,15,28,0
16:22:22,1924,74,15,28,0
16:22:23,1925,74,42,28,0
16:22:24,1926,72,15,28,0
16:22:25,1927,72,52,28,0
16:22:26,1928,72,15,28,0
16:22:27,1929,69,20,28,0
16:22:28,1930,69,15,28,0
16:22:29,1931,69,15,28,0
16:22:30,1932,65,55,27,0
16:22:31,1933,65,60,26,0
16:22:32,1934,65,52,27,0
16:22:33,1935,66,47,27,0
16:22:34,1936,66,15,28,0
16:22:35,1937,66,29,28,0
16:22:36,1938,66,15,28,0
16:22:37,1939,66,43,28,0
16:22:38,1940,66,15,28,0
16:22:39,1941,66,15,28,0
16:22:40,1942,66,35,28,0
16:22:41,1943,66,15,28,0
16:22:42,1944,66,15,28,0
16:22:43,1945,66,15,28,0
16:22:44,1946,66,15,28,0
16:22:45,1947,65,47,28,0
16:22:46,1948,65,15,27,0
16:22:47,1949,65,15,27,0
16:22:48,1950,64,59,27,0
16:22:49,1951,64,58,28,0
16:22:50,1952,65,49,28,0
16:22:51,1953,65,50,28,0
16:22:52,1954,65,32,29,0
16:22:53,1955,65,49,29,0
16:22:54,1956,65,15,28,0
16:22:55,1957,65,46,28,0
16:22:56,1958,66,15,28,0
16:22:57,1959,66,53,28,0
16:22:58,1960,66,32,28,0
16:22:59,1961,66,47,28,0
16:23:00,1962,66,50,28,0
16:23:01,1963,66,53,28,0
16:23:02,1964,65,38,29,0
16:23:03,1965,65,43,30,0
16:23:04,1966,65,35,30,0
16:23:05,1967,65,15,30,0
16:23:06,1968,66,58,30,0
16:23:07,1969,66,65,29,0
16:23:08,1970,66,52,28,0
16:23:09,1971,65,53,29,0
16:23:10,1972,65,40,30,0
16:23:11,1973,65,27,29,0
16:23:12,1974,64,15,29,0
16:23:13,1975,65,15,29,0
16:23:14,1976,65,15,30,0
16:23:15,1977,65,15,29,0
16:23:16,1978,72,53,25,0
16:23:17,1979,72,15,24,0
16:23:18,1980,72,15,24,0
16:23:19,1981,72,37,24,0
16:23:20,1982,71,24,24,0
16:23:21,1983,71,15,24,0
16:23:22,1984,71,15,25,0
16:23:23,1985,72,21,23,0
16:23:24,1986,72,15,23,0
16:23:25,1987,72,15,22,0
16:23:26,1988,71,18,22,0
16:23:27,1989,71,43,22,0
16:23:28,1990,71,40,23,0
16:23:29,1991,71,15,21,0
16:23:30,1992,71,15,22,0
16:23:31,1993,71,15,24,0
16:23:32,1994,70,15,24,0
16:23:33,1995,70,15,21,0
16:23:34,1996,70,15,21,0
16:23:35,1997,70,36,23,0
16:23:36,1998,70,15,23,0
16:23:37,1999,70,32,23,0
16:23:38,2000,73,15,23,0
16:23:39,2001,73,15,23,0
16:23:40,2002,73,15,23,0
16:23:41,2003,73,35,23,0
16:23:42,2004,73,42,22,0
16:23:43,2005,73,15,22,0
16:23:44,2006,74,15,24,0
16:23:45,2007,74,15,27,0
16:23:46,2008,74,15,29,0
16:23:47,2009,70,34,29,0
16:23:48,2010,70,15,29,0
16:23:49,2011,70,15,29,0
16:23:50,2012,70,15,29,0
16:23:51,2013,70,15,29,0
16:23:52,2014,70,15,30,0
16:23:53,2015,71,15,29,0
16:23:54,2016,71,38,29,0
16:23:55,2017,71,15,29,0
16:23:56,2018,71,15,29,0
16:23:57,2019,71,15,29,0
16:23:58,2020,71,37,29,0
16:23:59,2021,71,15,29,0
16:24:00,2022,70,15,29,0
16:24:01,2023,70,21,29,0
16:24:02,2024,70,15,29,0
16:24:03,2025,71,15,28,0
16:24:04,2026,71,15,29,0
16:24:05,2027,71,15,29,0
16:24:06,2028,70,15,28,0
16:24:07,2029,70,15,29,0
16:24:08,2030,70,15,29,0
16:24:09,2031,67,15,28,0
16:24:10,2032,67,33,28,0
16:24:11,2033,67,15,29,0
16:24:12,2034,66,25,28,0
16:24:13,2035,66,52,29,0
16:24:14,2036,66,41,29,0
16:24:15,2037,66,17,29,0
16:24:16,2038,66,15,29,0
16:24:17,2039,66,43,29,0
16:24:18,2040,66,15,29,0
16:24:19,2041,66,15,29,0
16:24:20,2042,66,15,29,0
16:24:21,2043,66,15,30,0
16:24:22,2044,66,45,29,0
16:24:23,2045,70,15,29,0
16:24:24,2046,70,58,29,0
16:24:25,2047,70,15,29,0
16:24:26,2048,69,46,29,0
16:24:27,2049,69,37,29,0
16:24:28,2050,69,15,29,0
16:24:29,2051,68,15,29,0
16:24:30,2052,68,45,29,0
16:24:31,2053,68,15,29,0
16:24:32,2054,68,15,28,0
16:24:33,2055,69,47,28,0
16:24:34,2056,69,15,28,0
16:24:35,2057,69,15,28,0
16:24:36,2058,69,56,29,0
16:24:37,2059,69,49,29,0
16:24:38,2060,69,15,28,0
16:24:39,2061,69,15,29,0
16:24:40,2062,69,15,28,0
16:24:41,2063,69,15,28,0
16:24:42,2064,69,15,28,0
16:24:43,2065,69,15,29,0
16:24:44,2066,69,54,29,0
16:24:45,2067,72,15,29,0
16:24:46,2068,72,15,28,0
16:24:47,2069,72,15,29,0
16:24:48,2070,72,15,28,0
16:24:49,2071,72,45,28,0
16:24:50,2072,72,32,28,0
16:24:51,2073,70,46,28,0
16:24:52,2074,70,43,28,0
16:24:53,2075,70,45,28,0
16:24:54,2076,68,48,29,0
16:24:55,2077,68,15,29,0
16:24:56,2078,68,15,28,0
16:24:57,2079,68,15,28,0
16:24:58,2080,68,17,28,0
16:24:59,2081,68,52,28,0
16:25:00,2082,67,15,29,0
16:25:01,2083,67,15,29,0
16:25:02,2084,67,15,28,0
16:25:03,2085,69,32,28,0
16:25:04,2086,69,15,29,0
16:25:05,2087,69,15,28,0
16:25:06,2088,72,15,28,0
16:25:07,2089,72,39,28,0
16:25:08,2090,72,15,28,0
16:25:09,2091,74,15,29,0
16:25:10,2092,74,15,28,0
16:25:11,2093,74,15,28,0
16:25:12,2094,74,15,28,0
16:25:13,2095,74,40,29,0
16:25:14,2096,74,15,29,0
16:25:15,2097,73,46,29,0
16:25:16,2098,73,15,29,0
16:25:17,2099,73,15,29,0
16:25:18,2100,73,15,29,0
16:25:19,2101,73,16,29,0
16:25:20,2102,73,42,26,0
16:25:21,2103,73,15,26,0
16:25:22,2104,72,17,26,0
16:25:23,2105,72,61,26,0
16:25:24,2106,72,48,26,0
16:25:25,2107,74,15,25,0
16:25:26,2108,74,15,25,0
16:25:27,2109,74,15,25,0
16:25:28,2110,75,15,25,0
16:25:29,2111,75,15,26,0
16:25:30,2112,75,15,28,0
16:25:31,2113,75,58,27,0
16:25:32,2114,75,37,27,0
16:25:33,2115,75,15,27,0
16:25:34,2116,75,50,28,0
16:25:35,2117,75,49,28,0
16:25:36,2118,75,43,29,0
16:25:37,2119,74,15,29,0
16:25:38,2120,73,15,29,0
16:25:39,2121,73,29,27,0
16:25:40,2122,73,18,27,0
16:25:41,2123,73,15,27,0
16:25:42,2124,72,15,28,0
16:25:43,2125,72,15,28,0
16:25:44,2126,72,15,28,0
16:25:45,2127,70,15,27,0
16:25:46,2128,70,15,28,0
16:25:47,2129,70,15,28,0
16:25:48,2130,68,15,27,0
16:25:49,2131,68,15,28,0
16:25:50,2132,68,15,28,0
16:25:51,2133,66,16,27,0
16:25:52,2134,66,15,27,0
16:25:53,2135,66,72,28,0
16:25:54,2136,66,61,28,0
16:25:55,2137,66,57,29,0
16:25:56,2138,66,16,29,0
16:25:57,2139,66,16,29,0
16:25:58,2140,66,58,29,0
16:25:59,2141,65,50,29,0
16:26:00,2142,65,64,29,0
16:26:01,2143,65,47,29,0
16:26:02,2144,67,56,29,0
16:26:03,2145,67,59,29,0
16:26:04,2146,67,30,29,0
16:26:05,2147,66,59,29,0
16:26:06,2148,66,45,29,0
16:26:07,2149,66,19,29,0
16:26:08,2150,66,23,30,0
16:26:09,2151,66,15,30,0
16:26:10,2152,66,17,30,0
16:26:11,2153,66,15,29,0
16:26:12,2154,66,15,29,0
16:26:13,2155,66,15,30,0
16:26:14,2156,66,15,30,0
16:26:15,2157,60,15,29,0
16:26:16,2158,60,15,29,0
16:26:17,2159,60,25,30,0
16:26:18,2160,60,17,29,0
16:26:19,2161,60,15,29,0
16:26:20,2162,59,15,29,0
16:26:21,2163,59,15,29,0
16:26:22,2164,59,15,30,0
16:26:23,2165,59,15,30,0
16:26:24,2166,59,15,30,0
16:26:25,2167,60,29,29,0
16:26:26,2168,60,50,29,0
16:26:27,2169,60,64,28,0
16:26:28,2170,60,15,28,0
16:26:29,2171,60,29,27,0
16:26:30,2172,61,15,27,0
16:26:31,2173,61,15,27,0
16:26:32,2174,61,15,27,0
16:26:33,2175,61,34,27,0
16:26:34,2176,61,15,27,0
16:26:35,2177,60,53,27,0
16:26:36,2178,60,36,28,0
16:26:37,2179,60,20,28,0
16:26:38,2180,60,15,29,0
16:26:39,2181,60,15,29,0
16:26:40,2182,60,15,29,0
16:26:41,2183,60,15,29,0
16:26:42,2184,60,15,29,0
16:26:43,2185,60,15,29,0
16:26:44,2186,60,15,28,0
16:26:45,2187,60,15,29,0
16:26:46,2188,60,15,28,0
16:26:47,2189,60,15,29,0
16:26:48,2190,60,15,29,0
16:26:49,2191,60,15,29,0
16:26:50,2192,63,15,28,0
16:26:51,2193,63,49,29,0
16:26:52,2194,63,65,29,0
16:26:53,2195,63,47,28,0
16:26:54,2196,63,37,43,0
16:26:55,2197,62,30,46,0
16:26:56,2198,62,15,46,0
16:26:57,2199,62,15,47,0
16:26:58,2200,62,22,46,0
16:26:59,2201,62,33,45,0
16:27:00,2202,63,15,46,0
16:27:01,2203,63,32,46,0
16:27:02,2204,63,32,46,0
16:27:03,2205,63,40,46,0
