LINEAR ACCELERATION X,LINEAR ACCELERATION Y,LINEAR ACCELERATION Z,LIGHT (lux),PROXIMITY (m),SOUND LEVEL (dB),YYYY-MO-DD HH-MI-SS_SSS
-6.00E-04,-0.0128,0.0282,41.569,2,44.071,14:51:57:042
-0.0225,-0.0014,0.0529,40.4277,2,23.698,14:51:58:042
0.0093,-0.0391,-0.0791,40.8679,2,42.405,14:51:59:043
1.8715,-2.5508,-0.7713,3,2,51.442,14:52:00:043
1.3585,-1.292,0.4228,45.5661,2,64.221,14:52:01:042
0.3406,-0.2632,0.0873,45.4345,2,54.961,14:52:02:043
0.0059,-0.0164,-0.0408,46,2,36.29,14:52:03:043
-0.0162,-0.0101,-0.0368,46.4257,2,15.955,14:52:04:050
-0.0152,0.0234,0.0574,46,2,25.403,14:52:05:043
0.0047,0.0177,0.0638,45.4337,2,31.495,14:52:06:044
-0.0309,0.0037,-0.0302,45.5792,2,58.718,14:52:07:045
0.0174,0.0038,0.0273,45.8549,2,51.22,14:52:08:043
-0.0448,0.0924,-0.0385,46,2,70.946,14:52:09:043
0.0329,-0.0133,0.0154,45.8497,2,24.571,14:52:10:044
0.0412,-0.0349,-0.0562,46.573,2,38.635,14:52:11:044
0.0224,0.0167,-0.0066,46.8656,2,43.485,14:52:12:043
-0.037,0.1116,0.0016,47.1319,2,41.146,14:52:13:042
0.0215,-0.0438,-0.0311,46.4225,2,46.121,14:52:14:044
-0.0077,0.0253,0.0028,48,2,46.631,14:52:15:044
0.0369,0.0147,-0.0058,46.8656,2,45.082,14:52:16:044
0.0301,0.0413,4.00E-04,47,2,53.181,14:52:17:043
0.039,0.0012,-0.0509,46.8497,2,44.641,14:52:18:055
-0.0405,-0.0065,-0.0683,47.1362,2,40.429,14:52:19:043
0.0226,0.0355,0.0124,46,2,61.307,14:52:20:045
-0.0233,0.0099,-0.0186,47,2,43.235,14:52:21:044
-0.0082,0.048,-7.00E-04,47,2,48.348,14:52:22:043
0.0129,0.071,-0.0134,46.843,2,39.329,14:52:23:043
0.0036,0.0268,0.0247,47.5738,2,49.776,14:52:24:043
-0.0197,-0.0106,0.0346,47.1414,2,33.149,14:52:25:043
0.0283,0.0432,-0.0318,47.5781,2,57.823,14:52:26:043
0.0186,-0.018,0.044,46.4239,2,61.59,14:52:27:043
-0.007,0.0607,-0.009,46.8557,2,21.156,14:52:28:045
0.0052,0.0188,-0.0573,47.1674,2,46.079,14:52:29:043
0,-0.0029,0.0343,47.4226,2,63.735,14:52:30:043
-0.0092,0.0219,0.0053,46.4347,2,44.237,14:52:31:708
0.002,0.0329,0.0221,46.4344,2,60.549,14:52:32:707
-0.0106,-0.001,-0.0309,47.1401,2,58.704,14:52:33:707
-0.0218,-0.0381,-0.0765,46.4344,2,68.922,14:52:34:707
0.1882,-0.2046,0.2437,47.5653,2,47.449,14:52:35:708
-0.0101,0.0361,-0.0231,46.5653,2,55.014,14:52:36:707
0.016,-0.0358,-0.0579,47.5697,2,31.436,14:52:37:707
-0.009,0.0018,0.0115,47.1306,2,43.214,14:52:38:707
-0.018,0.0508,0.0376,46.8575,2,53.267,14:52:39:707
0.007,-0.0295,0.0547,46.5655,2,42.728,14:52:40:707
-0.0303,0.0023,0.0701,46.5655,2,42.481,14:52:41:707
0.0138,-0.0047,0.0024,46.5653,2,45.983,14:52:42:708
0.0172,0.0204,0.0051,46.4346,2,46.008,14:52:43:708
0.0065,-0.013,0.002,47.1346,2,53.717,14:52:44:707
-0.0013,0.0188,-0.0549,46.5657,2,45.602,14:52:45:707
8.0789,-4.4979,-2.5541,46.4345,2,67.789,14:52:46:708
-0.4819,-0.0278,-0.0148,46.5658,2,77.166,14:52:47:707
-0.1087,0.0173,0.0454,46.5661,2,75.228,14:52:48:707
-9.8044,-2.2635,1.3287,48,2,74.279,14:52:49:707
-0.116,-0.0491,-0.1223,46.5667,2,77.47,14:52:50:708
0.5491,4.9705,0.5518,46.434,2,76.592,14:52:51:707
-0.1713,-0.0264,0.1442,47.567,2,74.647,14:52:52:708
11.3422,1.6539,-2.6318,2,2,73.303,14:52:53:708
0.7525,-0.3623,-0.0757,2.4333,2,76.06,14:52:54:708
-0.1437,0.6503,0.6411,2.4332,2,68.062,14:52:55:707
0.2271,-2.8126,-0.8734,1.715,0,39.994,14:52:56:708
-0.0688,-0.3142,0.0807,1.715,0,33.651,14:52:57:707
0.3057,-0.3261,-0.445,1.715,0,33.331,14:52:58:707
-0.796,0.1154,0.3467,1.715,0,31.869,14:52:59:707
0.1055,0.0016,-0.301,1.715,0,47.545,14:53:00:707
0.5597,-0.1691,-0.9891,1.715,0,40.471,14:53:01:707
-0.1794,0.0144,0.5676,1.715,0,47.715,14:53:02:707
-0.4421,0.1696,0.0141,1.715,0,39.697,14:53:03:707
-0.0251,-0.0304,0.1336,1.715,0,36.98,14:53:04:708
-0.1752,-0.1005,-0.2728,1.715,0,28.951,14:53:05:707
-0.8849,0.3327,-0.1197,1.715,0,32.179,14:53:06:707
-0.1997,0.4048,0.2665,3,2,34.518,14:53:07:708
-0.734,-0.6503,1.1512,3,2,32.212,14:53:08:708
-0.7844,-0.0841,0.5701,3,2,40.97,14:53:09:708
0.093,-0.3152,0.5673,3,2,35.922,14:53:10:707
1.5681,0.8999,1.6639,3,2,34.104,14:53:11:708
2.8781,1.1363,2.7774,32.1411,2,34.23,14:53:12:937
-8.6981,4.1433,5.6152,9.7179,2,38.383,14:53:13:938
1.8146,0.339,-0.3925,7.425,2,41.38,14:53:14:937
-0.2865,0.6114,0.0902,100.4168,2,44.933,14:53:15:938
1.0257,0.2093,0.1706,113.2826,2,26.913,14:53:16:937
0.1153,0.0102,0.0735,113.5792,2,27.555,14:53:17:938
0.0103,0.0083,-0.0819,110.7138,2,30.575,14:53:18:938
-0.0049,-0.0178,-0.0291,112.6892,2,34.993,14:53:19:938
-0.0154,-0.0113,0.0155,112.4087,2,42.033,14:53:20:941
0.0068,-0.0391,-0.016,113.4051,2,42.348,14:53:21:938
0.003,0.0089,0.0151,109.3309,2,30.168,14:53:22:938
-0.0099,-4.00E-04,-0.0136,85.568,2,28.196,14:53:23:940
0.0012,0.0189,0.0571,110.4188,2,24.679,14:53:24:938
-1.4259,0.2808,-1.9175,5.5852,2,30.262,14:53:25:938
0.5254,-1.0453,0.15,2.4177,2,31.195,14:53:26:939
-0.0759,-0.199,2.563,2.4177,2,30.862,14:53:27:938
-1.0829,-1.7767,1.2768,3,2,41.612,14:53:28:938
0.3861,0.6859,-0.2524,3.4146,2,35.812,14:53:29:940
0.4397,0.1975,0.5774,3.4146,2,33.911,14:53:30:937
0.0351,0.1046,-0.0162,3.4146,2,38.845,14:53:31:938
-0.4431,-0.2349,-0.0925,3.4146,2,28.699,14:53:32:938
0.1765,-1.1605,-2.6214,3.4275,2,43.203,14:53:33:937
-0.164,2.4539,0.5215,3,2,38.478,14:53:34:938
3.3414,1.0075,-0.2149,3,2,51.072,14:53:35:938
0.5584,0.6793,-2.3285,2.5762,2,39.142,14:53:36:938
0.5994,-2.1035,-0.3893,2.4233,2,35.693,14:53:37:938
-0.2997,-0.879,-1.3523,27.5605,2,34.575,14:53:38:938
-0.3077,0.3777,-0.7193,16.1519,2,33.913,14:53:39:938
-0.1949,0.3818,0.8819,20,2,42.274,14:53:40:938
-1.6122,0.2101,0.6265,14.7626,2,32.944,14:53:41:939
-3.0569,5.3205,-2.7993,3.5764,2,37.222,14:53:42:939
0.4261,0.1852,-0.43,79,2,37.32,14:53:43:939
-0.4692,1.1968,0.281,41.8215,2,55.996,14:53:44:939
-0.0517,0.199,0.0889,42,2,45.744,14:53:45:938
-0.0272,0.071,0.0421,42,2,51.936,14:53:46:938
7.00E-04,0.0387,0.0046,41,2,40.777,14:53:47:939
0.0196,0.0013,0.0074,41.5763,2,45.456,14:53:48:938
-0.0165,0.0085,0.0313,42,2,45.5,14:53:49:938
-0.0037,-0.0063,0.0699,41.5789,2,47.672,14:53:50:938
-0.0053,0.0108,0.0316,42,2,50.599,14:53:51:952
0.0335,-0.0446,-0.0565,41.3874,2,47.706,14:53:52:939
0.0138,0,0.0241,41.4184,2,36.073,14:53:53:938
0.033,0.0216,-0.014,41.6033,2,34.283,14:53:54:939
0.0151,0.0262,0.0059,41.4216,2,34.604,14:53:55:940
-0.0144,0.0285,-0.0339,41.584,2,35.783,14:53:56:940
0.0394,0.0072,-0.0144,41.4132,2,44.05,14:53:57:938
-0.0169,0.032,-0.0454,41.4157,2,51.606,14:53:58:938
0.0359,0.0209,0.0267,41.582,2,49.252,14:53:59:938
0.0472,-0.003,-0.0557,42,2,47.826,14:54:00:938
0.0283,0.0019,0.0445,41.584,2,46.749,14:54:01:940
0.0011,-0.0038,-0.0734,41.5816,2,48.485,14:54:02:939
0.0367,-0.0515,0.0303,42.5848,2,49.222,14:54:03:941
0.0277,-0.0088,-0.0127,41.4118,2,47.18,14:54:04:938
0.0196,0.0205,-0.0742,41.5851,2,47.639,14:54:05:938
0.0193,-0.0142,-0.0147,41.5833,2,44.769,14:54:06:938
0.0388,0.0291,0.048,41.8425,2,46.603,14:54:07:938
0.0189,0.0076,0.0157,43,2,46.679,14:54:08:939
-8.00E-04,0.0601,0.1048,41.822,2,45.837,14:54:09:940
0.0291,-0.0056,0.017,42,2,49.538,14:54:10:938
0.0233,0.0328,-0.118,42.1571,2,54.466,14:54:11:937
0.0209,-0.0021,0.0209,41.8547,2,48.09,14:54:12:937
0.0304,-0.0045,-0.0294,42.4245,2,48.347,14:54:13:940
0.0274,0.0389,-0.0085,42.1675,2,52.309,14:54:14:939
0.0281,-0.0277,-0.0331,42,2,48.756,14:54:15:939
0.0104,0.018,-0.0628,41.8345,2,50.04,14:54:16:939
0.0097,-0.0149,0.0152,41.5841,2,46.41,14:54:17:939
-0.0107,0.0061,0.0256,41.5841,2,49.473,14:54:18:938
-0.0078,-0.022,0.1192,41.8367,2,47.554,14:54:19:939
-0.0057,0.0414,-0.0739,41.5777,2,47.225,14:54:20:939
0.0052,-0.0031,-0.0048,41.5843,2,50.476,14:54:21:939
0.0089,-0.0238,-0.0209,42,2,47.361,14:54:22:940
-0.001,0.0217,0.0489,41.6061,2,48.741,14:54:23:939
0.0026,-0.0367,0.0207,41,2,51.266,14:54:24:939
-0.0078,0.0432,-0.0092,41.8364,2,33.586,14:54:25:938
0.0025,-0.0112,0.0186,42.4038,2,31.976,14:54:26:939
0.0318,-0.0241,-0.0546,41.582,2,30.647,14:54:27:939
-0.052,-0.0023,0.0046,42,2,31.698,14:54:28:939
0.0316,-0.0081,-0.0552,41.8041,2,52.326,14:54:29:939
0.0608,-0.0158,-0.0854,42,2,54.028,14:54:30:939
-0.0181,-0.0273,0.0348,42.1662,2,55.537,14:54:31:939
0.0357,-0.0076,-0.0094,42,2,46.296,14:54:32:938
-0.0258,-0.0051,-0.0025,42,2,47.508,14:54:33:938
-0.002,0.015,-0.0085,41.836,2,44.659,14:54:34:939
-0.0137,0.0185,-0.0035,41.41,2,41.836,14:54:35:938
-0.0161,-0.0091,-0.0236,42.1774,2,45.108,14:54:36:940
-0.0248,0.0196,0.0577,42.4183,2,42.906,14:54:37:938
-0.0073,0.0011,0.0518,42.174,2,40.85,14:54:38:938
-0.0225,-0.0415,0.023,41.4178,2,43.141,14:54:39:941
-0.0082,-0.0393,0.0758,41.8356,2,46.34,14:54:40:939
0.0199,-0.0527,0.0245,41.5866,2,38.23,14:54:41:939
-0.0169,-0.0132,-0.0628,41.8394,2,38.246,14:54:42:939
0.0016,-0.0236,0.0169,42.5837,2,37.562,14:54:43:940
-0.0143,0.0312,-0.0152,42,2,37.223,14:54:44:939
-0.0288,-0.0189,-0.0232,42.5842,2,34.53,14:54:45:939
-0.0089,-0.0023,0.1326,41.8371,2,43.922,14:54:46:958
0.0096,-0.0474,-0.0196,42.167,2,42.408,14:54:47:939
0.0047,-0.0325,-0.0298,42,2,35.878,14:54:48:938
-0.0118,4.00E-04,-0.034,41.8371,2,38.446,14:54:49:938
-0.0165,-0.0514,6.00E-04,42,2,33.513,14:54:50:940
0.0052,0.0098,-0.0319,42,2,42.562,14:54:51:939
0.0082,-0.0134,-0.0393,41.4168,2,49.81,14:54:52:939
0.0217,-0.0262,-0.0059,41.4161,2,44.386,14:54:53:939
-0.0158,-0.0298,-0.0365,41.8271,2,42.872,14:54:54:939
0.0209,0.0281,0.0584,42,2,41.776,14:54:55:939
-0.005,-0.0251,0.0055,42,2,41.66,14:54:56:938
-0.0073,-0.0118,-0.0195,42.5844,2,32.832,14:54:57:939
-0.0029,0.0285,0.0052,41.393,2,39.211,14:54:58:938
-0.0495,0.0027,0.0288,41.5813,2,40.376,14:54:59:939
-5.00E-04,0.0474,-0.0725,41.8139,2,44.753,14:55:00:939
0.0051,-0.0105,-0.0487,41.5835,2,38.081,14:55:01:940
-0.0157,-0.0429,-4.00E-04,41,2,42.212,14:55:02:939
0.0289,-0.0145,0.0593,42.5903,2,35.64,14:55:03:939
-0.0194,-0.0115,0.0465,41.4167,2,40.326,14:55:04:938
-0.0024,0.0112,0.0441,41.8233,2,42.2,14:55:05:938
-0.0047,0.0257,-0.0364,41.4217,2,36.114,14:55:06:938
0.0178,-0.0414,-0.0871,42.2578,2,33.71,14:55:07:938
-0.036,0.0365,0.0459,41.4283,2,32.467,14:55:08:938
-0.0258,-0.0161,0.0239,41.5725,2,39.255,14:55:09:938
-0.0299,0.0048,0.016,41.4283,2,35.284,14:55:10:938
-0.006,0.0135,0.0344,42.1434,2,34.557,14:55:11:937
0.0172,-0.0223,0.005,42.158,2,35.445,14:55:12:938
0.0066,-0.0225,-0.0038,42.427,2,31.525,14:55:13:937
-0.0036,0.0449,0.0063,42.1653,2,32.005,14:55:14:937
-0.012,0.0145,0.0729,41.4285,2,37.857,14:55:15:938
-0.0341,0.0245,0.0269,42.5738,2,34.678,14:55:16:938
-0.048,0.0071,0.0121,41.4163,2,35.593,14:55:17:940
0.0079,0.0046,-0.0531,42.5816,2,32.324,14:55:18:938
0.0055,0.0134,-0.1072,42.1669,2,43.885,14:55:19:940
0.0265,0.0394,0.0196,42.4164,2,35.147,14:55:20:939
-0.0029,-0.0087,-0.0525,42.5891,2,35.719,14:55:21:938
-0.0178,-0.0212,0.0143,41,2,33.286,14:55:22:940
-0.0131,-0.0234,0.0368,42,2,41.112,14:55:23:938
-0.0444,-0.0375,0.0117,42.2019,2,44.055,14:55:24:941
0.0166,0.0048,0.0128,42,2,38.677,14:55:25:939
0.0052,-0.0139,0.0147,41.8331,2,50.496,14:55:26:939
0.0068,-0.0351,0.0484,42.2287,2,44.83,14:55:27:939
-0.003,0.0822,-0.0504,42,2,36.32,14:55:28:939
-0.0024,-0.0088,-0.0123,42.2149,2,48.662,14:55:29:939
0.0136,-0.0121,-0.0691,42.4035,2,48.138,14:55:30:941
0.0328,0.0201,-0.0336,41.8363,2,43.105,14:55:31:939
-0.0382,0.003,-0.0495,42.4177,2,41.032,14:55:32:938
0.0187,-0.0043,0.0033,42,2,40.799,14:55:33:939
-0.0106,0.0201,0.0402,42,2,49.965,14:55:34:938
0.0052,-0.0454,-0.0318,41.8304,2,40.362,14:55:35:940
-0.0098,-0.0059,0.0135,42,2,44.14,14:55:36:939
0.0102,0.0022,-0.1239,42.1732,2,53.311,14:55:37:939
-0.0201,-0.0074,-0.0292,42,2,37.761,14:55:38:939
-0.0069,-0.0192,0.0378,41.8316,2,39.309,14:55:39:939
-0.0107,-2.00E-04,-0.0213,42.5774,2,35.386,14:55:40:940
-0.0209,-0.0058,-0.0105,42.4108,2,36.537,14:55:41:938
0.0045,-0.0116,0.0928,42.5793,2,34.75,14:55:42:939
0.0329,-0.0035,0.0772,41.4181,2,32.836,14:55:43:938
-0.0163,-0.0398,0.0055,42.5845,2,49.54,14:55:44:939
0.0364,0.0263,-0.0909,41.8335,2,49.866,14:55:45:939
0.0568,-0.0357,0.0172,42.5829,2,53.156,14:55:46:937
0.0178,0.0151,-0.0205,41.8332,2,50.914,14:55:47:939
0.0073,-0.0026,-0.0208,42.5827,2,37.868,14:55:48:938
-0.0101,0.0288,-0.0209,42,2,34.565,14:55:49:940
-0.0065,-0.0067,0.0251,41.8356,2,31.963,14:55:50:938
0.013,0.006,-0.0137,42.5864,2,32.334,14:55:51:939
0.0021,0.0045,-0.0667,42.4148,2,32.94,14:55:52:942
-0.0049,0.0413,0.0117,42.5811,2,31.424,14:55:53:939
0.0173,-0.007,0.0535,42.4217,2,32.531,14:55:54:941
-0.0262,-0.0054,0.0818,42.1656,2,31.605,14:55:55:938
0.013,0.0172,0.0309,42.5819,2,32.651,14:55:56:938
-0.0196,0.0111,0.0301,42.597,2,31.641,14:55:57:938
0.0119,-0.0201,-0.0789,42.1533,2,32.763,14:55:58:938
-0.0263,0.0159,0.0612,42,2,33.339,14:55:59:939
0.0096,-0.001,0.0426,41.8372,2,31.955,14:56:00:938
0.002,-0.0308,0.0163,41.8418,2,31.726,14:56:01:939
0.0151,0.0029,-0.0307,42.1603,2,32.073,14:56:02:939
-0.0092,-0.0299,-0.01,42,2,31.054,14:56:03:938
0.0025,-0.04,0,41,2,33.396,14:56:04:939
0.018,-0.0104,-0.0279,41.8478,2,32.214,14:56:05:938
0.0169,0.0056,0.0074,42,2,33.569,14:56:06:938
0.0041,0.0289,0.0145,42.1766,2,33.176,14:56:07:939
-0.0254,-0.028,-0.0052,42.5823,2,33.411,14:56:08:938
0.0213,0.0182,-0.095,42.1677,2,33.023,14:56:09:939
-0.0082,-0.0325,-0.0042,42.5798,2,32.543,14:56:10:939
0.0069,-0.0185,0.0317,41.8469,2,32.583,14:56:11:938
0.0319,-0.0368,-0.0328,42.58,2,31.867,14:56:12:939
0.0077,-0.0022,0.0193,42.4275,2,30.245,14:56:13:948
0.0045,0.0103,0.0149,42,2,33.375,14:56:14:938
0.008,9.00E-04,0.0719,41.8223,2,33.968,14:56:15:938
-0.0182,-0.0447,0.0042,42.5796,2,32.756,14:56:16:938
-0.0095,-0.0049,0.012,42.1521,2,32.398,14:56:17:940
-0.0324,-0.0299,0.0035,42.415,2,32.393,14:56:18:939
0.0255,-0.0019,0.0624,42.1443,2,34.387,14:56:19:938
0.0024,-0.0048,0.0054,42,2,32.739,14:56:20:938
-0.0446,-0.0347,0.0078,42,2,32.716,14:56:21:940
0.0026,0.0164,0.033,41.8452,2,32.913,14:56:22:938
0.0051,0.0031,-0.0205,42,2,32.144,14:56:23:939
-0.0128,-3.00E-04,0.0178,42.4259,2,33.69,14:56:24:938
0.0068,-0.0145,0.095,42.5735,2,31.347,14:56:25:938
-0.0082,0.0516,-0.0195,42.1528,2,32.423,14:56:26:939
-0.0094,0.0142,-0.0192,42.5838,2,34.284,14:56:27:938
0.0249,-0.0169,-0.0035,42.4261,2,32.678,14:56:28:938
-0.0111,-0.0033,-0.0574,42.1812,2,34.144,14:56:29:939
-9.00E-04,0.0171,-0.0884,42.4233,2,37.992,14:56:30:939
-0.005,-0.012,0.0414,42.5752,2,41.074,14:56:31:938
0.0218,0.0223,-0.0418,41.8376,2,33.579,14:56:32:939
0.0242,-0.0165,0.0378,43,2,32.977,14:56:33:939
-0.0147,0.0272,-0.1103,42,2,31.687,14:56:34:939
-0.0159,0.004,-0.0053,42.1504,2,32.929,14:56:35:938
0.0063,0.0168,0.0717,41.8365,2,34.406,14:56:36:938
0.02,0.0135,0.0237,42.1517,2,32.473,14:56:37:938
0.0023,-0.0042,-0.0228,41.5883,2,31.759,14:56:38:938
0.0022,7.00E-04,0.0013,42.412,2,32.888,14:56:39:941
0.0147,-0.0154,0.0026,42.1521,2,34.617,14:56:40:938
0.0208,0.0187,-0.0066,42.4116,2,32.567,14:56:41:939
-0.0277,-0.0079,0.0321,42.4144,2,32.583,14:56:42:938
-0.0195,-0.01,0.0129,43,2,32.386,14:56:43:940
0.0209,-0.0075,-0.0757,41.7486,2,32.949,14:56:44:939
-0.0266,0.0021,0.0665,42.5852,2,32.599,14:56:45:938
-0.0206,-0.0309,0.0406,41.8212,2,34.965,14:56:46:938
-0.0219,-0.0397,-0.0211,42.1646,2,34.713,14:56:47:939
-0.0327,0.0106,-0.0178,42.417,2,34.514,14:56:48:940
0.0103,0.0094,-0.0523,42.4177,2,35.705,14:56:49:939
0.0031,0.0129,0.0034,42.5827,2,34.117,14:56:50:938
-0.011,0.0064,0.0052,41.7954,2,34.547,14:56:51:941
0.0026,-0.0092,0.0312,42.5821,2,33.761,14:56:52:942
0.0049,0.015,-0.003,42.4159,2,33.43,14:56:53:938
-0.0013,0.0048,0.0243,41.3975,2,34.311,14:56:54:939
-0.0122,-0.0126,-0.0114,43,2,33.332,14:56:55:938
3.00E-04,0.0018,0.013,42,2,32.579,14:56:56:941
0.0092,0.0276,0.0288,42.4187,2,34.283,14:56:57:939
-0.0243,-0.01,0.0464,42.1686,2,32.345,14:56:58:938
-0.0085,0.0063,-0.0082,41.8328,2,35.649,14:56:59:940
0.0191,-0.007,0.0391,42.5813,2,32.229,14:57:00:939
0.0345,-0.0292,0.0249,42.5848,2,32.327,14:57:01:939
-3.00E-04,0.0146,-0.0241,42.5773,2,31.371,14:57:02:939
-0.0519,0.0359,0.044,41.8309,2,32.789,14:57:03:939
0.0222,-0.0084,-0.0215,42.188,2,33.31,14:57:04:938
0.0231,0.0087,0.0361,42.4183,2,39.025,14:57:05:939
-0.0481,0.001,-0.0311,42.4151,2,39.599,14:57:06:939
-0.0044,-0.0183,-0.007,42.1568,2,37.645,14:57:07:941
0.0082,-0.014,0.0195,41.8281,2,32.875,14:57:08:939
0.0448,0.0178,-0.0636,42.5831,2,36.994,14:57:09:947
-0.0014,0.0317,0.004,42.573,2,38.517,14:57:10:938
0.0388,0.0054,-0.0033,41.8397,2,40.37,14:57:11:938
0.0026,0.0074,0.0187,43,2,40.833,14:57:12:939
-0.0166,0.0075,-0.0043,41.5769,2,40.14,14:57:13:938
-0.0298,-0.022,0.0117,41.8349,2,40.848,14:57:14:938
0.0156,-0.0258,-0.0109,42.5776,2,41.417,14:57:15:939
0.0174,-0.0086,0.0499,42.4193,2,39.96,14:57:16:938
-4.00E-04,-0.0052,0.0482,43,2,40.657,14:57:17:938
-0.0065,-0.0179,0.0076,42.5764,2,41.863,14:57:18:939
0.0212,-0.0024,-0.1649,42.1602,2,50.791,14:57:19:939
0.014,-0.019,0.0286,41.8536,2,45.428,14:57:20:939
-0.0087,-0.0212,0.0531,41.8478,2,41.142,14:57:21:940
0.0343,4.00E-04,-0.03,42.5852,2,42.443,14:57:22:938
0.0019,0.0122,0.0614,42.5852,2,42.524,14:57:23:938
-0.0449,0.0021,-0.0363,42.1544,2,41.278,14:57:24:938
-0.0267,-0.0021,-0.0201,43,2,42.705,14:57:25:938
-0.003,-0.0045,-0.0049,42.1606,2,42.102,14:57:26:940
0.0077,0.0021,-0.0799,42.5935,2,43.749,14:57:27:938
0.0311,0.045,-0.0296,42.4125,2,38.105,14:57:28:938
-0.036,-0.0167,0.0155,42.1865,2,34.716,14:57:29:938
-0.009,0.0376,0.0113,41.8438,2,44.453,14:57:30:941
-0.0319,0.0269,-0.0583,43,2,41.714,14:57:31:939
0.0152,0.0032,-0.0401,42.1719,2,45.677,14:57:32:941
-2.00E-04,-0.0267,0.0589,42.5832,2,38.06,14:57:33:939
0.0371,0.0224,-0.0312,42,2,42.125,14:57:34:939
-0.0131,0.0139,5.00E-04,42.4235,2,43.459,14:57:35:938
-0.0228,-0.0062,-0.0038,43,2,45.34,14:57:36:939
0.0191,0.024,-0.0307,42.4256,2,46.187,14:57:37:938
0.0045,0.0063,0.0258,41.8283,2,45.218,14:57:38:939
0.0106,0.0131,-0.0064,42.5816,2,50.137,14:57:39:939
0.0204,-0.0057,-0.0015,42.4186,2,49.894,14:57:40:938
0.0182,-0.063,0.0463,42,2,48.561,14:57:41:938
0.0516,0.0138,-0.0243,41.8426,2,46.009,14:57:42:938
0.0171,-0.0134,-0.0542,42,2,50.421,14:57:43:939
0.0122,0.0079,0.0096,41.8315,2,49.869,14:57:44:939
0.0113,0.0043,0.0413,42.1455,2,49.062,14:57:45:938
0.0137,0.0273,-0.0792,42.1665,2,37.071,14:57:46:941
-0.0262,0.0382,0.0092,42.4221,2,44.517,14:57:47:939
0.0122,-0.006,0.0303,42.5938,2,47.298,14:57:48:939
-0.0127,0.0087,-0.0198,43,2,48.59,14:57:49:938
-0.0068,-0.0074,0.015,42.1664,2,42.108,14:57:50:939
-0.0031,-0.0483,-0.0204,41.8211,2,48.666,14:57:51:939
-0.0018,-0.0179,0.0714,42.5767,2,48.647,14:57:52:938
-0.0034,0.0336,0.0755,42.4228,2,44.551,14:57:53:941
0.027,-0.0129,-0.0421,42.1614,2,42.524,14:57:54:938
-0.0333,0.0142,-0.0267,42.5816,2,47.089,14:57:55:939
0.004,3.00E-04,-0.0949,42.1568,2,43.681,14:57:56:938
-0.0014,-0.0132,0.0535,42.4249,2,43.454,14:57:57:938
-0.0213,0.0017,0.0079,42.4074,2,39.712,14:57:58:938
-0.0026,-7.00E-04,-0.0471,42.4233,2,44.885,14:57:59:939
-0.0129,-0.021,-0.006,42.4099,2,41.596,14:58:00:939
-0.0136,0.0146,0.0036,42.5887,2,46.202,14:58:01:939
0.0223,0.0253,-0.0232,41.8409,2,45.105,14:58:02:939
0.0076,0.0227,0.0037,42.1824,2,47.127,14:58:03:939
0.0053,-0.0554,0.023,42.4119,2,47.76,14:58:04:938
-0.0235,0.0329,0.0129,43,2,48.694,14:58:05:939
-0.0217,0.0345,0.0729,42,2,47.557,14:58:06:939
-0.0019,0.0217,-0.0161,42.4161,2,48.394,14:58:07:940
-0.0193,-0.0103,-0.0279,42.5819,2,47.633,14:58:08:938
0.0109,0.0157,0.0058,41.7777,2,51.378,14:58:09:938
0.0012,0.0154,0.0642,42,2,46.603,14:58:10:939
-0.0336,0.0252,0.0808,42.5789,2,41.776,14:58:11:938
0.0134,-0.0083,0.048,42,2,47.942,14:58:12:939
-0.0182,0.0022,-0.0108,43,2,47.773,14:58:13:938
-0.0087,0.014,-0.0043,42.5885,2,49.892,14:58:14:939
-0.0054,0.0131,0.0068,42.5847,2,42.602,14:58:15:939
-0.0179,-0.0304,-0.0172,42.171,2,49.074,14:58:16:940
-0.0044,0.0073,0.0701,42.1757,2,47.842,14:58:17:939
0.0171,-0.026,0.0115,42.1676,2,51.494,14:58:18:942
0.0098,-0.0096,0.0186,41.3979,2,42.559,14:58:19:939
-0.0165,-0.0136,0.0449,41.3979,2,47.132,14:58:20:938
0.007,0.0453,0.001,41.582,2,47.401,14:58:21:939
-0.0112,-0.0117,0.0553,41.8289,2,48.181,14:58:22:938
-0.0088,0.0063,0.0457,41.8374,2,49.207,14:58:23:938
0.0025,0.0297,-0.0329,42.5738,2,45.915,14:58:24:938
0.0071,0.0042,0.0194,42.5728,2,44.761,14:58:25:937
-0.0219,0.0031,0.0401,42.5728,2,49.412,14:58:26:938
-0.0099,-0.0096,-0.0517,42.4253,2,43.745,14:58:27:938
0.0208,0.0859,-0.0637,42.1674,2,49.825,14:58:28:939
0.003,-0.0149,-0.0115,42.1662,2,46.949,14:58:29:938
-0.014,-0.0201,0.0204,42.5775,2,48.814,14:58:30:939
-0.0306,-0.0364,-0.0128,42.5775,2,46.164,14:58:31:938
-7.00E-04,0.0181,0.016,42.4162,2,50.015,14:58:32:939
0.0015,0.0098,-0.0402,41.8518,2,45.83,14:58:33:938
0.0383,0.0112,-0.0172,41.8336,2,46.014,14:58:34:938
-0.016,-0.0212,0.0747,41.8013,2,41.443,14:58:35:938
-0.0027,6.00E-04,0.0232,41.8528,2,39.495,14:58:36:938
0.026,0.0077,0.0049,41.8366,2,37.194,14:58:37:938
-0.0042,0.0554,-0.0852,42.5792,2,40.282,14:58:38:939
0.0101,2.00E-04,0.0049,42.5863,2,40.849,14:58:39:939
-0.0105,-0.0039,-0.0411,42.1521,2,42.373,14:58:40:938
0.0336,-0.0309,0.0596,42.581,2,39.643,14:58:41:939
0.0044,0.0532,-0.0078,42.422,2,39.369,14:58:42:938
0.0277,-0.0021,-0.0421,42.4217,2,38.464,14:58:43:939
0.0297,-0.0172,0.0755,42.5875,2,35.473,14:58:44:938
0.023,0.0342,0.0213,42.5796,2,39.608,14:58:45:938
-0.0337,-0.0071,0.0211,42.5811,2,42.956,14:58:46:939
0.0068,0.0359,0.0087,42.5887,2,42.948,14:58:47:939
0.0127,0.0085,-0.0048,42.5756,2,38.746,14:58:48:938
0.0255,-0.0107,0.0051,42.5826,2,35.888,14:58:49:939
-0.0072,-0.0142,-0.012,41.8427,2,43.214,14:58:50:938
0.0324,-0.0077,-0.0447,41.8373,2,45.266,14:58:51:938
-0.0255,0.0287,-0.0028,41.8465,2,43.319,14:58:52:939
0.0045,-0.019,0.0316,42.1722,2,42.646,14:58:53:939
-0.0405,-0.0127,-0.0473,42.1502,2,48.875,14:58:54:939
0.0035,-0.0119,-0.0754,42.1604,2,47.48,14:58:55:938
8.00E-04,-0.0119,-0.0134,42.154,2,46.326,14:58:56:938
-7.00E-04,0.0054,0.0921,42.1745,2,45.847,14:58:57:938
-0.0143,-0.039,-0.0073,42.1712,2,44.637,14:58:58:939
0.0056,-0.0349,0.0449,42.1739,2,45.5,14:58:59:939
-0.0323,-0.0117,-0.0269,42.1661,2,45.717,14:59:00:939
0.0156,0.0069,0.0077,42.2097,2,37.226,14:59:01:939
0.0269,-0.0364,-0.0243,41.8302,2,43.896,14:59:02:939
-0.0438,0.0206,-0.0299,41.8297,2,45.328,14:59:03:939
-6.00E-04,-0.0429,0.011,42.4139,2,44.854,14:59:04:938
0.0197,0.0068,-0.0227,42.1682,2,40.32,14:59:05:941
-0.0177,-0.0201,0.0307,42.1596,2,46.09,14:59:06:939
0.0098,0.0162,0.0075,42.5831,2,46.22,14:59:07:940
0.0498,0.0174,0.0489,42.1674,2,44.938,14:59:08:939
-0.0413,-0.0051,-0.0087,42.1678,2,38.888,14:59:09:940
-0.0017,-0.0474,-0.0358,43,2,43.434,14:59:10:939
0.006,-8.00E-04,-0.0347,42.1677,2,40.488,14:59:11:939
0.003,0.0249,-0.0124,42.1546,2,41.647,14:59:12:939
0.0307,-0.0242,0.0299,42.5944,2,39.152,14:59:13:939
-0.0038,0.0052,-0.0429,42.4241,2,41.41,14:59:14:939
0.0163,0.02,0.015,42.4193,2,40.119,14:59:15:939
0.0121,-0.0048,0.0737,41.417,2,43.792,14:59:16:939
0.0143,0.0013,0.0078,41.417,2,42.481,14:59:17:939
0.0149,0.021,-0.0033,42.3899,2,45.451,14:59:18:938
-0.0111,0.0056,0.0022,42.4163,2,46.695,14:59:19:939
0.0085,0.0134,0.0536,42.5727,2,46.038,14:59:20:938
-0.0068,0.0399,-0.0146,42.5954,2,45.61,14:59:21:939
-0.0199,-0.0177,0.0897,42.418,2,46.268,14:59:22:938
-0.0083,0.0154,-0.0133,41.8104,2,47.579,14:59:23:938
-0.0138,-0.0338,-0.0067,41.8523,2,41.041,14:59:24:938
0.0137,0.007,0.0673,42.5848,2,33.417,14:59:25:938
-0.0077,-9.00E-04,-0.007,42.1705,2,31.779,14:59:26:938
-0.0084,-0.016,0.039,42.582,2,31.271,14:59:27:941
-0.0045,0.0145,0.0289,42.582,2,32.19,14:59:28:939
0.0123,0.0255,-0.026,42.582,2,32.615,14:59:29:941
-0.0375,0.0162,-0.0185,41.5822,2,33.082,14:59:30:939
0.0077,-0.0333,-0.0263,41.8266,2,33.295,14:59:31:938
0.0045,0.0172,-0.0129,42.4147,2,32.19,14:59:32:939
-0.0147,-0.0144,-0.0974,42.4157,2,34.699,14:59:33:938
0.0222,0.0187,-0.024,42.1659,2,33.789,14:59:34:939
-0.0237,0.0165,0.069,42.1467,2,32.787,14:59:35:938
0.0303,0.012,-0.0164,42.5774,2,33.076,14:59:36:939
-5.00E-04,-0.0042,-0.0205,41.8383,2,32.133,14:59:37:938
-0.0061,0.0398,0.0119,41.8411,2,32.523,14:59:38:938
-0.033,0.0124,0.002,42.4214,2,34.266,14:59:39:939
-0.0161,-0.0152,0.0375,42,2,32.358,14:59:40:938
0.0371,0.0327,-0.0042,42,2,34.482,14:59:41:938
-0.0015,-0.0522,-0.0277,42.2074,2,32.225,14:59:42:939
0.0278,-0.0238,0.0125,42.1566,2,34.157,14:59:43:939
-0.0209,0.0227,-0.0525,42.1665,2,34.073,14:59:44:939
0.0208,0.0039,-0.0683,42.4199,2,31.941,14:59:45:939
-0.0012,0.0117,-0.0322,42.4162,2,32.296,14:59:46:939
-0.011,0.0237,0.0525,41.4185,2,31.333,14:59:47:938
-0.0206,-0.0258,-0.0124,42.4205,2,31.681,14:59:48:938
0.0358,-0.0103,-0.0385,42.4186,2,30.538,14:59:49:939
0.0528,-0.0258,-0.0263,42.4106,2,32.555,14:59:50:944
-0.0241,0.0393,-0.0156,42.4174,2,31.834,14:59:51:940
-0.0072,-0.0199,-0.0403,42.4224,2,32.241,14:59:52:938
0.007,0.0055,-0.0123,42.1634,2,31.794,14:59:53:938
-0.0046,3.00E-04,-0.012,42.1769,2,32.471,14:59:54:938
0.0124,-0.0154,0.0523,42.1552,2,42.031,14:59:55:938
0.0236,0.0069,-0.0106,41.8361,2,39.4,14:59:56:939
0.0019,0.0133,0.0012,41.8318,2,41.965,14:59:57:939
0.0113,0.0261,0.0139,41.8343,2,38.164,14:59:58:939
0.0285,0.0401,0.0837,42.4124,2,41.84,14:59:59:945
-0.0097,7.00E-04,-0.0401,42.4166,2,40.794,15:00:00:939
0.0196,-2.00E-04,-0.0176,42.4166,2,43.029,15:00:01:939
-0.0101,-0.0327,-0.0365,42.5854,2,44.42,15:00:02:956
-0.0027,0.0163,0.0465,42.5849,2,40.797,15:00:03:939
0.0114,-0.01,-0.0012,42.5849,2,43.593,15:00:04:939
0.0031,0.0186,-0.009,42.4134,2,44.119,15:00:05:939
0.0149,-0.0354,-0.036,42.4131,2,42.309,15:00:06:939
-0.0311,-0.0195,0.0222,41.5888,2,47.547,15:00:07:939
0.0107,0.0209,0.0499,42.4083,2,42.829,15:00:08:939
0.0104,2.00E-04,-0.0451,42.4164,2,44.874,15:00:09:939
-0.0097,0.0306,0.041,42.4159,2,45.604,15:00:10:939
0.0195,-0.0453,0.0151,42.5877,2,41.749,15:00:11:939
-0.0051,-0.0112,0.0447,42.5827,2,42.44,15:00:12:939
0.027,-0.0258,0.0338,42.2,2,43.392,15:00:13:938
-0.0254,-0.0419,0.0114,42.1686,2,42.142,15:00:14:939
-0.0081,-0.0087,-0.1353,42.1669,2,41.966,15:00:15:938
-0.024,0.0253,-0.0707,42.4159,2,41.131,15:00:16:939
0.024,0.0029,0.047,42.4158,2,43.497,15:00:17:939
-0.0374,-0.0202,0.0758,42.3955,2,42.141,15:00:18:938
-0.0192,0.0271,-0.0946,42.4158,2,46.454,15:00:19:939
-0.053,0.0715,-0.1143,42.4263,2,38.18,15:00:20:938
-0.031,0.0082,0.0182,42.4215,2,37.275,15:00:21:939
-0.0035,-0.005,0.0367,42.177,2,42.145,15:00:22:942
-0.0033,0.0078,-0.0267,42.1472,2,38.83,15:00:23:939
-0.0012,-0.0031,-0.0138,42.1685,2,42.973,15:00:24:938
-0.0329,0.0174,0.0431,42.4106,2,38.381,15:00:25:959
0.0015,-0.0032,-0.0331,42.4154,2,43.759,15:00:26:941
0.0068,0.0318,0.0433,42,2,37.479,15:00:27:939
3.00E-04,0.0011,-0.0015,42,2,42.072,15:00:28:938
-0.0138,0.0255,-0.0309,42,2,39.604,15:00:29:938
0.0197,0.0022,-0.0162,42.4079,2,43.395,15:00:30:939
0.0212,-0.0233,-0.0165,42.404,2,41.547,15:00:31:938
0.0091,-0.0063,0.0015,42.4163,2,40.539,15:00:32:939
-0.0408,2.00E-04,-0.0062,42.1702,2,36.4,15:00:33:938
-0.0054,0.005,0.0148,42.1727,2,41.293,15:00:34:939
-0.0137,0.0214,0.008,42.1593,2,37.187,15:00:35:938
0.0079,0.0023,-0.0559,41.805,2,46.661,15:00:36:939
-0.0371,0.0365,0.031,41.8281,2,42.859,15:00:37:939
0.029,0.0324,-0.0363,41.8305,2,43.615,15:00:38:938
-0.0113,-0.019,-0.055,41.8371,2,40.331,15:00:39:938
-0.0381,-0.003,-0.0113,42.587,2,39.938,15:00:40:938
0.007,-0.0202,0.0417,42.1624,2,42.416,15:00:41:938
-0.0232,-0.0038,0.0025,42.581,2,42.487,15:00:42:939
-0.0089,-0.0491,-0.0985,42.5794,2,41.544,15:00:43:938
-0.0058,-0.0324,0.0351,42.5794,2,38.378,15:00:44:939
-0.0095,0.0129,0.0144,42.4172,2,45.039,15:00:45:938
0.0331,0.0061,4.00E-04,42,2,38.302,15:00:46:939
-1.00E-04,0.0017,3.00E-04,42.4153,2,37.143,15:00:47:939
0.0105,-0.0447,0.0174,42.5804,2,41.231,15:00:48:939
0.0132,0.0158,0.0238,42.586,2,38.501,15:00:49:941
-0.0291,0.0174,-0.0199,42.3956,2,38.778,15:00:50:938
-0.0153,-0.0155,0.0111,42.4147,2,46.669,15:00:51:940
0.0076,-0.0142,-0.0046,42.4155,2,38.571,15:00:52:938
9.00E-04,-0.0105,0.0312,42,2,32.233,15:00:53:939
-0.0485,-0.003,-0.0215,42.5852,2,37.34,15:00:54:938
-0.0014,0.0439,-0.0185,42.586,2,35.672,15:00:55:939
1.00E-04,0.0159,-1.00E-04,41.5805,2,43.013,15:00:56:939
-0.0059,0.0135,-0.0147,41.83,2,44.781,15:00:57:939
0.0279,0.012,0.0688,41.8178,2,42.393,15:00:58:938
0.0313,-0.0356,-0.004,42.4194,2,40.095,15:00:59:938
0.005,-0.0229,0.1165,42.1607,2,45.498,15:01:00:939
0.004,-0.013,-0.0549,42.1711,2,37.971,15:01:01:938
0.0223,-0.0149,0.0683,42.1689,2,38.624,15:01:02:939
-0.0069,0.0038,0.0105,41.8363,2,35.942,15:01:03:939
-0.0313,0.0134,-0.0152,41.795,2,38.811,15:01:04:938
0.0077,-0.0192,1.00E-04,42.4172,2,39.779,15:01:05:939
0.0124,-0.0103,-0.0559,42.584,2,41.64,15:01:06:938
8.00E-04,-0.0092,-0.0114,42.5865,2,40.209,15:01:07:939
-0.0204,-0.0211,-0.0108,43,2,39.611,15:01:08:939
0.0158,0.0052,-0.0537,42.5838,2,38.058,15:01:09:940
-8.00E-04,-0.0217,0.0392,42.5838,2,39.466,15:01:10:940
0.0371,4.00E-04,0.0129,41.833,2,38.853,15:01:11:938
0.0013,0.0077,-0.0234,42.415,2,41.915,15:01:12:939
0.0327,-0.0162,-0.0141,42.4154,2,37.464,15:01:13:939
-0.002,0.0224,0.0449,42.5805,2,42.724,15:01:14:939
0.0347,0.0238,-0.0106,42.1681,2,39.587,15:01:15:939
0.0152,-0.0117,0.0546,43,2,42.54,15:01:16:938
0.0139,-0.0123,0.0734,42,2,41.976,15:01:17:939
-0.0083,0.0034,-0.0085,42.3879,2,45.028,15:01:18:939
-0.0048,0.0088,-0.0142,42.5897,2,38.148,15:01:19:939
-0.0322,-0.0206,0.0486,42.573,2,42.633,15:01:20:938
0.0168,0.0094,-0.0283,42.5819,2,41.653,15:01:21:939
0.015,0.0028,0.0308,41.828,2,41.49,15:01:22:938
-0.0129,0.0275,0.0493,41.8411,2,44.321,15:01:23:939
0.0125,0.026,0.0525,42.4106,2,43.782,15:01:24:938
-0.0034,-0.0159,0.0218,42.5793,2,44.983,15:01:25:938
0.0027,-0.022,-0.055,42.187,2,42.132,15:01:26:939
0.0053,0.0021,0.0212,41.4041,2,39.036,15:01:27:939
-0.0113,-0.0129,0.0421,41.4041,2,39.744,15:01:28:939
-0.0055,-5.00E-04,0.0556,41.4041,2,41.602,15:01:29:938
-0.0125,-0.0425,-0.0274,42,2,45.97,15:01:30:938
0.0255,-0.0038,0.0488,42.4204,2,38.435,15:01:31:938
-0.0195,-0.0155,0.0373,42.422,2,43.672,15:01:32:938
0.0299,-0.0038,0.0578,42.4213,2,45.431,15:01:33:938
0.0373,5.00E-04,-0.0274,42.1512,2,41.585,15:01:34:939
-0.0031,-0.016,0.0195,42.1803,2,42.07,15:01:35:938
0.0203,0.0254,-0.0575,41.8093,2,44.341,15:01:36:938
-0.0073,-0.0349,-0.0145,42.1687,2,43.418,15:01:37:939
-0.0038,0.0159,0.0118,42.1627,2,41.89,15:01:38:938
-0.0051,0.0059,-0.0542,42.5729,2,35.322,15:01:39:940
-0.0051,0.0028,0.0041,42.4159,2,41.969,15:01:40:939
0.0039,0.0084,-0.0115,42.4089,2,40.655,15:01:41:938
-0.021,0.0268,-0.0523,42.4152,2,44.577,15:01:42:939
0.0058,0.0219,-0.0284,42.4174,2,42.997,15:01:43:939
-0.0368,-0.0054,-0.0519,42.4079,2,44.5,15:01:44:939
0.0162,0.0212,-0.0128,42.1671,2,42.552,15:01:45:939
0.006,-0.0317,-0.0308,42.1673,2,44.309,15:01:46:940
0.0059,0.0218,-0.0121,43,2,43.728,15:01:47:952
-0.0021,0.0054,-0.037,42.5861,2,39.912,15:01:48:938
0.0137,-0.0066,-0.041,42.5827,2,45.395,15:01:49:938
0.0157,-0.0518,-0.0154,42.1443,2,43.192,15:01:50:938
0.0079,-0.0061,-0.0433,41.856,2,41.584,15:01:51:938
-0.0357,0.0035,0.0489,41.8265,2,41.311,15:01:52:938
0.0022,3.00E-04,0.0098,41.4126,2,44.104,15:01:53:938
-0.0149,-0.0175,0.0747,41.4126,2,44.253,15:01:54:939
-0.0041,0.033,-0.0599,41.4126,2,42.577,15:01:55:939
-0.0297,-0.0098,0.0394,42.5783,2,38.926,15:01:56:939
-0.0331,-0.0273,0.043,42.1675,2,43.922,15:01:57:939
0.0061,-0.0074,0.0251,42.1789,2,41.498,15:01:58:938
-0.0066,0.0159,-0.0378,42,2,42.779,15:01:59:939
-0.0103,0.0157,0.0163,42,2,43.26,15:02:00:939
-0.0085,0.0221,-0.0159,42,2,43.717,15:02:01:939
-0.0268,-0.0528,0.023,41.8296,2,40.197,15:02:02:939
0.0093,-0.0347,0.0286,41.8362,2,42.322,15:02:03:938
0.0273,-0.0408,0.0837,41.4134,2,42.809,15:02:04:939
-0.0221,0.0149,0.036,42.5925,2,41.69,15:02:05:938
-0.0048,-0.0165,0.0846,42.582,2,43.262,15:02:06:939
0.0263,-0.0096,-0.0195,43,2,39.136,15:02:07:939
0.0162,-0.0033,-0.08,42.5839,2,39.492,15:02:08:940
0.0157,-0.0127,-0.0423,42.584,2,34.06,15:02:09:939
-0.044,-0.0187,0.0369,41.5826,2,32.665,15:02:10:939
-0.0111,-0.0317,5.00E-04,42.5847,2,31.92,15:02:11:939
0.0291,0.0216,0.0017,42.5859,2,33.286,15:02:12:939
0.0075,0.0161,-0.0201,43,2,31.004,15:02:13:941
-0.0025,-0.0369,0.0278,42.1674,2,33.156,15:02:14:939
-0.0074,0.0144,0.0468,42.192,2,31.95,15:02:15:939
-0.0185,0.0042,-0.0128,41,2,32.394,15:02:16:939
0.0149,-0.0076,-0.069,41.8313,2,31.537,15:02:17:939
0.0013,-0.0548,-0.1082,41.8346,2,32.261,15:02:18:939
-0.0029,0.0195,0.0667,42.4135,2,31.115,15:02:19:939
-0.0022,-0.0373,-0.0035,42.1667,2,33.608,15:02:20:939
-0.0241,-0.0092,-0.013,43,2,32.195,15:02:21:938
0.0286,0.0158,-0.0183,42.1532,2,31.858,15:02:22:938
0.0093,0.0588,0.0024,42.1582,2,32.397,15:02:23:938
-0.0133,0.0024,0.0345,42.1584,2,31.295,15:02:24:939
-0.0109,0.0266,-0.0292,41.8456,2,32.414,15:02:25:939
-0.003,0.0053,0.0066,41.8256,2,32.191,15:02:26:939
-0.006,-0.0119,-0.0145,42.4222,2,33.378,15:02:27:939
-0.0031,0.0086,0.0147,42.1668,2,34.621,15:02:28:938
-0.0082,0.0571,0.0246,42.5829,2,32.99,15:02:29:938
0.0112,-0.0245,0.0554,42.5829,2,32.533,15:02:30:938
0.0267,-0.0053,0.0195,41.8407,2,33.511,15:02:31:938
0.0505,-0.0108,0.0282,41.8371,2,33.639,15:02:32:940
0.0173,0.006,-0.0029,42.4211,2,33.817,15:02:33:939
-0.0011,0.0068,0.0689,42.162,2,32.646,15:02:34:939
-0.0199,0.008,-0.0263,42.5885,2,34.261,15:02:35:939
0.0061,-0.0063,-0.0305,41.581,2,32.489,15:02:36:938
-0.0045,-0.0139,-0.0223,42.1612,2,31.682,15:02:37:939
-0.0053,0.0352,-0.0343,42.1592,2,33.562,15:02:38:939
-9.00E-04,0.0057,-0.0149,43,2,33.332,15:02:39:938
-0.0116,0.0155,-0.0582,42.1797,2,32.041,15:02:40:940
-0.0216,0.0466,0.0893,42.1615,2,41.263,15:02:41:938
0.0278,0.0256,-0.0291,41.5819,2,31.377,15:02:42:938
0.0117,-0.0217,0.0092,42.1719,2,31.18,15:02:43:938
0.0079,0.0229,0.0222,42.1626,2,32.425,15:02:44:938
-0.0123,0.0111,0.0212,41.8015,2,30.535,15:02:45:940
-0.0063,0.0153,-0.0947,42.1669,2,31.129,15:02:46:938
0.0541,-0.0321,-0.0153,42.5827,2,30.533,15:02:47:939
-0.0346,-0.0118,0.0186,41.5875,2,32.538,15:02:48:939
-0.0377,0.0261,-0.0703,41.8098,2,32.901,15:02:49:940
-0.0033,-0.037,-0.0345,41.5875,2,33.08,15:02:50:939
-0.01,-0.0426,0.0011,41.8297,2,31.714,15:02:51:938
0.0064,0.0328,0.0482,42.4161,2,31.263,15:02:52:939
0.024,0.0143,0.0276,42.4144,2,31.805,15:02:53:938
0.0128,0.0132,-9.00E-04,42.5888,2,31.899,15:02:54:941
-0.0074,-0.0135,0.0342,42.4209,2,29.97,15:02:55:938
0.0215,-0.0151,0.0224,41.4166,2,31.118,15:02:56:938
1.00E-04,-0.0117,-0.0343,42.4172,2,32.371,15:02:57:938
-6.00E-04,0,-0.0315,42,2,32.95,15:02:58:939
-0.0023,2.00E-04,-0.0019,42.4118,2,33.362,15:02:59:939
0.0045,0.0024,0.0062,42.599,2,32.003,15:03:00:941
-0.0235,-0.0042,0.0128,42.5806,2,32.985,15:03:01:938
-0.0159,0.0074,0.0331,41.5889,2,30.071,15:03:02:939
0.0397,-0.0068,-0.0457,41.8297,2,31.124,15:03:03:939
0.0242,0.0157,-0.0309,42.4158,2,31.933,15:03:04:940
-0.0317,0.0043,0.0443,42.1856,2,31.411,15:03:05:939
0.0032,0.0166,-0.0251,42.5976,2,30.954,15:03:06:939
0.0177,-0.0075,0.0243,42.5866,2,33.196,15:03:07:939
0.0074,-0.0162,0.0505,42.5866,2,32.064,15:03:08:940
2.00E-04,0.0044,-0.0199,42,2,32.802,15:03:09:939
-0.0036,0.0176,-0.0816,42.408,2,30.475,15:03:10:939
-0.0247,0.0139,0.0297,42.5909,2,31.84,15:03:11:938
-0.0088,0.0407,-0.0811,42.5849,2,31.449,15:03:12:939
0.002,-0.0108,0.0432,42.5888,2,31.271,15:03:13:939
0.0022,-0.0336,0.0645,41.8326,2,31.509,15:03:14:940
-0.0042,-0.0189,0.1156,41.8313,2,32.571,15:03:15:940
-0.025,0.0064,-0.0439,42.4106,2,32.394,15:03:16:939
0.0249,-0.0114,-0.0049,42.1684,2,34.999,15:03:17:939
-0.0135,0.0058,-0.0167,42.5997,2,32.362,15:03:18:939
-0.0338,-0.0036,0.0398,42.5834,2,32.133,15:03:19:939
-0.0092,0.0041,-0.0307,41.4274,2,31.2,15:03:20:939
-0.0265,0.001,0.068,42.5795,2,34.189,15:03:21:939
0.0318,8.00E-04,0.0809,42.4122,2,32.572,15:03:22:938
-0.0026,1.00E-04,0.0047,42.1664,2,29.899,15:03:23:939
-0.0054,-0.038,0.0197,42.1753,2,32.023,15:03:24:938
0.0595,0.0093,-0.0543,42.1609,2,31.331,15:03:25:938
-0.0175,-0.0086,0.0544,41.8456,2,32.055,15:03:26:938
-0.0078,0.0054,-0.0076,42.4145,2,33.706,15:03:27:938
-0.0174,0.0137,-0.0809,42.4075,2,31.266,15:03:28:939
-0.0197,0.0101,0.0388,42.1663,2,32.68,15:03:29:938
0.011,-0.0263,-0.0589,42.5808,2,32.235,15:03:30:938
0.0197,-0.0286,-0.0382,41.5767,2,31.706,15:03:31:938
-0.0082,0.0019,0.0566,41.8384,2,31.833,15:03:32:941
-0.0059,0.0217,-0.0081,42.4142,2,31.076,15:03:33:939
0.0192,-0.0372,-0.0423,42.4065,2,30.467,15:03:34:938
4.00E-04,0,-0.1012,42.2119,2,32.098,15:03:35:939
-0.0105,-0.0098,-0.0363,42.5817,2,31.149,15:03:36:938
0.0181,-0.0183,0.0041,42.1555,2,31.505,15:03:37:938
0.0337,-0.0535,-0.022,41.832,2,31.339,15:03:38:938
-0.0085,-0.0333,-0.0234,42.4198,2,30.658,15:03:39:938
0.0181,-0.0276,0.0181,42.194,2,31.65,15:03:40:939
0.0151,0.0164,-0.0543,42.1906,2,32.117,15:03:41:938
0.0067,-0.015,0.0203,42.1481,2,32.932,15:03:42:939
-0.0369,0.0176,0.0076,41.8292,2,31.567,15:03:43:938
-0.0162,0.0134,0.0075,41.823,2,32.469,15:03:44:940
-0.0045,0.0111,0.0435,41.8327,2,32.916,15:03:45:940
-0.0126,-0.0126,0.0113,42.5868,2,33.042,15:03:46:938
-0.033,0.022,0.0169,42.1534,2,32.809,15:03:47:939
0.0093,0.0257,-0.0025,42.1612,2,32.395,15:03:48:938
-0.0113,0.003,-0.0067,41.5856,2,32.099,15:03:49:939
-0.0422,-0.052,-0.0032,42.1682,2,30.115,15:03:50:938
0.029,-0.0188,-0.026,42.1979,2,32.689,15:03:51:939
0.0211,0.018,0.0326,42,2,31.805,15:03:52:939
-0.0196,-0.024,0.0011,41.5833,2,29.869,15:03:53:938
-0.0101,-0.0239,-0.0615,42.1699,2,30.045,15:03:54:939
2.00E-04,0.0108,-0.0017,42.5893,2,30.644,15:03:55:938
0.0069,0.0073,-0.0244,41.8339,2,32.144,15:03:56:939
0.0066,-0.0354,0.0182,41.7747,2,31.409,15:03:57:939
0.0042,-0.0152,-0.0334,41.4086,2,32.277,15:03:58:942
-0.0348,0.0029,-0.0417,41.4086,2,31.325,15:03:59:939
0.0304,0.0513,0.0238,42.413,2,34.265,15:04:00:938
0.0035,0.0056,0.0338,42,2,30.667,15:04:01:939
-0.0121,0.0142,0.0524,42,2,31.63,15:04:02:939
0.0072,-0.0146,-0.0403,41.4039,2,29.387,15:04:03:939
-0.0188,0.0321,0.0184,41.4039,2,31.416,15:04:04:940
-0.0017,-0.0078,-0.0404,41.4039,2,31.507,15:04:05:939
8.00E-04,0.0213,0.0355,42,2,31.796,15:04:06:938
-0.0118,-0.0119,-0.0175,42.4168,2,32.604,15:04:07:939
0.0053,0.0214,0.0348,41.8283,2,32.013,15:04:08:938
0.0169,-0.005,0.071,41.8293,2,30.197,15:04:09:938
0.0044,-0.0319,0.0245,42.1664,2,31.342,15:04:10:939
-0.0287,-0.0344,0.0114,42.1699,2,31.435,15:04:11:939
-0.011,-0.034,0.0049,42.5888,2,32.679,15:04:12:939
-0.0087,9.00E-04,-0.0171,41.7794,2,31.217,15:04:13:939
0.0121,-0.0175,0.0438,41.8473,2,31.9,15:04:14:939
0.021,0.0169,-0.0162,41.8282,2,32.341,15:04:15:939
-0.0034,-0.0141,0.0122,42.1657,2,32.822,15:04:16:938
0.013,0.0178,-0.0076,42.583,2,31.172,15:04:17:940
-0.0076,0.0128,-0.0529,41.8285,2,31.744,15:04:18:941
-0.0156,-0.0084,-0.0037,41.8428,2,33.458,15:04:19:939
0.0116,-0.0178,0.0149,41.8551,2,31.618,15:04:20:938
0.0199,-2.00E-04,-0.0351,42.4153,2,30.919,15:04:21:938
-0.0178,-0.0139,0.0218,42.1717,2,31.979,15:04:22:939
0.0373,-0.0094,0.0526,42.5824,2,31.238,15:04:23:938
-0.0016,0.0029,-0.0556,41.8105,2,31.068,15:04:24:939
0.015,0.0069,0.0138,41.8322,2,30.006,15:04:25:939
0.0156,0.0104,0.0023,42.4187,2,30.953,15:04:26:939
-0.001,-0.0014,0.0559,42.4166,2,31.908,15:04:27:940
0.0076,-0.0149,-0.0367,42.582,2,31.311,15:04:28:938
0.0295,0.021,0.0124,42.5784,2,33.449,15:04:29:938
-0.0142,-0.0092,-0.0116,41.8117,2,31.472,15:04:30:939
5.00E-04,-0.0226,0.0208,42.4166,2,32.806,15:04:31:941
0.0071,-0.01,-0.0469,42,2,31.102,15:04:32:939
-0.0366,-0.0125,0.0494,42.168,2,31.91,15:04:33:938
-0.0133,-0.0229,-0.0542,42.5848,2,31.748,15:04:34:938
0.0035,-0.0033,0.0113,42.5848,2,33.268,15:04:35:938
-0.0141,0.015,0.0055,41.8374,2,31.872,15:04:36:939
0.0076,9.00E-04,0.004,42.4244,2,33.75,15:04:37:938
-0.0274,-0.0246,-0.0011,42.4224,2,33.16,15:04:38:939
0.0168,-0.0272,-0.0572,42.1595,2,32.199,15:04:39:939
0.0121,0.0202,0.0324,42.5857,2,31.437,15:04:40:938
0.0168,-0.0178,-0.0142,41.5781,2,31.747,15:04:41:939
-0.0264,0.0069,-0.0175,42.5789,2,32.289,15:04:42:938
0.0135,0.0313,0.0969,42.5807,2,33.605,15:04:43:940
0.0102,-0.0152,-0.0859,42.4186,2,31.434,15:04:44:939
0.0037,0.0152,-0.0786,42,2,33.054,15:04:45:938
-0.0124,0.0309,0.0175,42.4125,2,32.693,15:04:46:938
-0.0224,-0.0136,-0.0189,42,2,32.908,15:04:47:938
-0.0085,0.0251,0.0101,42.4227,2,32.483,15:04:48:939
0.0086,-0.0026,-0.0442,42,2,31.228,15:04:49:940
-0.0178,-0.0077,0.0137,42.4199,2,29.517,15:04:50:939
0.0089,0.0026,-0.0171,42,2,31.693,15:04:51:940
0.0189,-0.0132,-0.0207,42,2,32.307,15:04:52:938
0.0274,0.0061,0.0531,41.5826,2,31.586,15:04:53:940
0.011,-0.0191,0.0373,41.8308,2,30.474,15:04:54:938
0.0175,0.015,-0.0178,41.8446,2,32.628,15:04:55:939
0.0218,-2.00E-04,-0.0916,42.4194,2,33.629,15:04:56:939
0.002,0.0521,-0.0672,42.1754,2,31.11,15:04:57:938
0.0432,0.0143,-0.0255,42.1607,2,32.728,15:04:58:939
-0.0095,-0.0505,0.0222,42.5831,2,33.001,15:04:59:939
0.0144,0.0103,-0.0349,42.4216,2,33.378,15:05:00:938
0.0211,0.0192,-0.0292,41.832,2,32.711,15:05:01:938
0.0189,0.0077,-0.0264,41.4203,2,31.473,15:05:02:938
0.0098,-0.0268,-0.0562,42.4226,2,32.082,15:05:03:939
0.0014,0.023,-0.0409,41.8339,2,32.106,15:05:04:938
0.0073,-0.0105,0.0858,42.5842,2,32.956,15:05:05:939
0.0064,-0.0026,0.0468,42.5842,2,32.723,15:05:06:938
-0.02,0.0043,-0.0656,41.5825,2,33.546,15:05:07:940
-0.0145,0.0249,0.014,41.8329,2,31.156,15:05:08:938
0.0339,-0.0228,-0.0209,41.8328,2,33.095,15:05:09:941
-0.0058,0.0076,0.0308,42.5838,2,34.147,15:05:10:939
0.0439,-0.0084,0.0107,42.1758,2,32.717,15:05:11:940
-6.00E-04,-0.0154,-7.00E-04,42.1614,2,31.692,15:05:12:940
-0.02,-0.0083,0.0111,42.5842,2,32.004,15:05:13:939
-0.0039,-0.0082,0.0762,42.5842,2,32.048,15:05:14:939
-0.015,-0.0193,0.0269,42.4173,2,32.269,15:05:15:939
0.021,-0.0077,0.0369,42.4161,2,32.142,15:05:16:941
0.0154,0.0263,-0.0147,42,2,30.491,15:05:17:939
0.0141,-0.0066,-0.0333,42,2,31.03,15:05:18:938
-0.0099,0.0466,0.0047,42.5922,2,31.099,15:05:19:939
0.0103,-0.0233,-0.0812,42.5927,2,30.671,15:05:20:939
0.0131,-0.0247,-0.093,42.5927,2,32.906,15:05:21:940
0.015,-0.0258,-0.0191,42.4217,2,31.075,15:05:22:939
0.0132,-0.0202,-0.0127,42,2,32.756,15:05:23:943
-0.0167,0.0072,-0.0283,41.6015,2,32.238,15:05:24:939
0.0057,-0.017,0.0278,42.1586,2,31.126,15:05:25:938
-0.0123,0.0184,0.0632,42.1702,2,33.061,15:05:26:939
0.0057,-0.0046,0.0269,42.5855,2,30.986,15:05:27:939
-0.0126,3.00E-04,0.006,42.408,2,31.787,15:05:28:941
-0.0335,-0.0114,0.0011,41.832,2,32.235,15:05:29:939
0.0073,0.022,-0.012,41,2,31.501,15:05:30:939
-0.0301,0.0095,-0.0149,41.8315,2,31.817,15:05:31:939
-0.0071,-0.0114,-1.00E-04,41.8371,2,31.421,15:05:32:939
0.0075,-0.0056,0.0333,42.1776,2,31.363,15:05:33:939
0.0018,-0.0018,0.0089,42.1661,2,32.629,15:05:34:939
-0.021,0.002,0.0209,42.5953,2,33.215,15:05:35:938
-0.008,-0.0153,0.0345,41.8362,2,31.885,15:05:36:939
-0.0243,-0.0309,-0.0422,41.8493,2,32.152,15:05:37:938
-0.0107,-0.0428,0.026,41.8302,2,32.068,15:05:38:939
0,-0.0054,0.0456,42.1512,2,30.37,15:05:39:939
0.021,0.0039,0.027,42.1806,2,31.23,15:05:40:938
-0.014,0.0169,0.0273,42.5798,2,31.522,15:05:41:939
-0.0117,-0.0046,0.0431,42.5798,2,32.857,15:05:42:939
0.0088,0.0258,-0.0121,42.5798,2,31.672,15:05:43:939
0.0581,-0.01,0.0186,41.5809,2,31.207,15:05:44:938
0.0039,0.0034,-0.0204,41.8315,2,32.175,15:05:45:938
-0.0138,-0.0176,0.0157,41.8346,2,31.606,15:05:46:938
-0.0163,0.0107,0.0149,42.4165,2,31.218,15:05:47:939
-2.00E-04,-0.014,-0.0379,42.5853,2,32.253,15:05:48:938
-0.0154,-0.0041,-0.007,42.5834,2,31.161,15:05:49:938
-0.0086,-0.0455,0.017,41.5828,2,32.12,15:05:50:939
-0.0048,0.0036,0.0424,42.4174,2,30.511,15:05:51:939
-0.0189,-0.0437,0.0692,42.4138,2,29.654,15:05:52:939
0.042,0.0221,0.0126,42.4055,2,31.358,15:05:53:939
0.0133,0.0052,0.0641,42.1639,2,31.955,15:05:54:939
-0.0169,-0.0337,-0.0282,42.1704,2,31.77,15:05:55:939
0.0067,-0.0105,0.0069,42.1741,2,30.434,15:05:56:938
-0.028,-0.0421,0.0233,41.796,2,32.833,15:05:57:939
-0.0039,-6.00E-04,-0.0022,41.829,2,33.022,15:05:58:938
-0.0225,-0.0357,0.0091,42.4034,2,32.092,15:05:59:939
-0.0203,0.0349,-0.0042,42.1703,2,30.299,15:06:00:938
0.0346,-0.0281,-0.0031,42.1676,2,31.467,15:06:01:938
-0.0079,0.0383,-0.0456,42.4056,2,30.537,15:06:02:939
-0.0026,-0.0202,0.0011,41.826,2,32.634,15:06:03:938
0.0195,-0.0011,-0.0498,41.8306,2,31.417,15:06:04:939
0.0062,0.0332,0.0035,42.175,2,32.612,15:06:05:939
0.0278,0.0327,0.0607,42.1669,2,32.034,15:06:06:938
0.0319,-0.0208,0.0041,42.1608,2,29.983,15:06:07:939
-3.00E-04,-0.0147,0.0707,41.8185,2,31.04,15:06:08:939
-0.0042,0.0095,0.0097,41.8514,2,31.559,15:06:09:939
0.0092,-0.0257,-0.0332,42.414,2,32.219,15:06:10:939
-0.0251,-0.0142,-0.0284,42.1683,2,32.198,15:06:11:940
-0.0148,0.0234,0.0714,42.1683,2,33.672,15:06:12:940
-0.01,0.0306,0.0701,42,2,30.048,15:06:13:940
-0.0181,-0.0294,0.0232,41.8304,2,31.792,15:06:14:954
-0.0251,0.0377,-0.0055,42,2,31.775,15:06:15:938
-0.0139,-0.0521,-0.0445,42.4187,2,32.325,15:06:16:939
-0.0245,-7.00E-04,0.0191,42.1721,2,30.736,15:06:17:939
-0.0271,-0.0094,-0.0248,42.582,2,30.931,15:06:18:938
-0.007,0.0371,0.0199,42.582,2,31.385,15:06:19:939
-0.0476,-0.0244,0.0051,42.582,2,30.202,15:06:20:939
0.0037,0.0335,-0.0178,42.582,2,32.515,15:06:21:939
0.0083,0.0065,-0.0418,41.8334,2,30.838,15:06:22:938
-0.0085,-0.0065,-0.0297,42.5756,2,32.093,15:06:23:939
-0.0129,-0.0151,-0.0324,42.5756,2,34.375,15:06:24:939
0.0078,0.0429,-0.0404,41.416,2,32.541,15:06:25:939
-0.0154,-0.0033,-0.0074,42.602,2,31.708,15:06:26:940
0.0299,-0.0024,0.0279,42.602,2,31.582,15:06:27:939
-0.0157,-0.043,0.017,42.602,2,30.778,15:06:28:938
-0.0096,0.017,-0.032,42.602,2,30.947,15:06:29:938
0.0138,-0.0176,0.008,41.8269,2,31.485,15:06:30:939
-0.0147,0.0341,-0.0586,41.8063,2,31.868,15:06:31:938
-0.0087,-7.00E-04,0.0112,42.2208,2,32.58,15:06:32:941
-0.0202,-0.001,-0.0057,42.1569,2,30.609,15:06:33:938
-0.0312,-0.0211,0.0607,42.1661,2,31.482,15:06:34:938
0.0089,0.0084,0.0268,41.8229,2,33.041,15:06:35:939
-0.005,-0.012,-0.0032,42.4171,2,34.613,15:06:36:938
0.0054,-0.0278,0.0462,42.1925,2,32.141,15:06:37:940
0.0288,0.0088,0.0216,42.1708,2,32.223,15:06:38:938
0.0141,-0.0079,-0.0189,42.5769,2,31.368,15:06:39:939
-0.0254,-0.0607,-0.0144,41.576,2,29.754,15:06:40:938
3.00E-04,-0.0304,-5.00E-04,42.4181,2,30.178,15:06:41:938
-0.0162,-0.0248,0.0572,42,2,31.516,15:06:42:939
-0.0119,-0.013,0.0212,42.1696,2,30.85,15:06:43:939
0.0272,0.0329,-0.0041,42.5775,2,31.013,15:06:44:940
0.0255,0.0104,-0.0021,42.5818,2,32.109,15:06:45:938
0.0062,-0.0288,0.0037,41.8379,2,31.274,15:06:46:938
-0.0033,8.00E-04,-0.0104,42.4128,2,33.151,15:06:47:939
0.0022,0.007,-0.0029,42.4193,2,32.845,15:06:48:938
0.0231,-0.0182,0.0785,42.1636,2,30.716,15:06:49:939
0.0421,0.0169,-0.0191,42.1602,2,30.806,15:06:50:938
-0.0149,-0.0084,-0.0495,42.5743,2,31.84,15:06:51:938
0.0341,0.0023,0.0344,42.4213,2,30.632,15:06:52:939
0.0433,0.0282,-0.0526,42.4222,2,31.855,15:06:53:938
0.0405,-0.0122,0.0038,41.4221,2,33.545,15:06:54:938
-0.023,0.0351,0.0698,41.4221,2,33.675,15:06:55:938
0.0088,3.00E-04,0.0066,41.4221,2,30.143,15:06:56:947
0.0072,0.0094,0.0753,42.4197,2,31.187,15:06:57:941
0.0328,-0.0416,-0.0167,42.5821,2,30.807,15:06:58:938
-0.0484,0.0508,0.0167,42.5834,2,32.434,15:06:59:939
-0.0368,0.0203,-0.0293,41.8174,2,31.717,15:07:00:938
0.0238,0.0429,0.008,41.8317,2,30.714,15:07:01:939
-0.0066,-9.00E-04,-0.0152,41.8526,2,31.7,15:07:02:938
0.0123,0.0184,-0.0295,41.8332,2,32.51,15:07:03:938
-0.0214,0.0232,0.0054,42.1727,2,31.225,15:07:04:939
-0.0177,-0.01,0.0268,42.1645,2,32.368,15:07:05:939
-0.0055,-0.0132,0.0175,42.4187,2,33.001,15:07:06:939
0.0237,0.0372,-0.0756,41.8471,2,30.607,15:07:07:939
0.0084,0.0111,-0.0433,41.835,2,31.967,15:07:08:938
-0.0235,-0.0047,-0.03,42.4171,2,32.338,15:07:09:938
-0.0107,0.007,-0.0272,42.4192,2,31.185,15:07:10:938
0.037,-0.0021,0.0243,42,2,30.29,15:07:11:939
-0.0065,-0.0239,0.0129,42.5786,2,29.838,15:07:12:939
-0.0081,0.03,-0.0173,42.5805,2,30.47,15:07:13:938
-0.0081,0.0026,0.0036,42.5825,2,29.326,15:07:14:938
-0.0086,0.0256,0.0446,41.8338,2,32.126,15:07:15:939
0.0011,0.019,-0.0559,41.8361,2,30.221,15:07:16:939
-0.0211,-0.0304,-0.0248,41.8015,2,31.213,15:07:17:939
-0.0179,-0.0048,-0.0083,42.581,2,31.822,15:07:18:939
0.0029,0.0023,0.0055,42.5798,2,31.899,15:07:19:939
0.0334,9.00E-04,-0.0282,42.573,2,30.074,15:07:20:939
-0.0214,0.0036,-0.0207,42.5821,2,32.612,15:07:21:939
-0.0012,-0.005,-0.0248,42.5926,2,29.759,15:07:22:938
-0.01,-0.0248,-2.00E-04,41.5907,2,32.927,15:07:23:939
-7.00E-04,-0.0033,-0.0517,41.8345,2,32.059,15:07:24:939
-0.0258,0.0341,0.0226,41.8352,2,31.916,15:07:25:939
-0.0067,-0.0088,0.0435,41.4215,2,30.89,15:07:26:938
-6.00E-04,0.0281,-0.0721,42.4214,2,31.322,15:07:27:939
0.0232,0.0029,-0.003,42.4181,2,30.144,15:07:28:938
-0.034,0.0431,-0.0874,42.397,2,31.768,15:07:29:938
5.7085,-0.4057,-2.6834,121.4721,2,34.552,15:07:30:939
1.1654,-0.1903,0.993,5,2,29.79,15:07:31:938
-0.3697,0.2081,0.5174,5.4175,2,26.913,15:07:32:938
0.361,-3.00E-04,-0.2707,5.5724,2,24.107,15:07:33:938
0.1498,-0.2908,-1.2675,5.42,2,27.035,15:07:34:937
0.0495,0.0955,0.0017,5.42,2,23.613,15:07:35:938
-0.1278,-0.0146,0.0623,5.5723,2,23.227,15:07:36:938
0.1317,-0.0526,0.1134,5.5904,2,24.366,15:07:37:938
0.0113,-0.045,-0.0544,5.5681,2,22.002,15:07:38:938
-0.0142,-0.0266,-0.0685,6,2,24.994,15:07:39:937
-0.0995,-0.0149,-0.1752,5.5735,2,22.718,15:07:40:937
0.0329,0.0525,0.0372,6,2,21.323,15:07:41:942
-0.1497,-0.0259,0.9653,6,2,22.133,15:07:42:938
-0.0082,-0.0326,0.0991,5.5728,2,23.942,15:07:43:938
-0.7646,-0.8125,-0.5407,5.4309,2,24.823,15:07:44:937
0.2434,0.011,-0.1932,5.5692,2,25.754,15:07:45:938
-0.0743,0.0769,-0.2342,5.5692,2,23.303,15:07:46:938
-0.0423,0.0196,0.0251,5.5692,2,24.773,15:07:47:938
-0.023,0.0567,-0.1224,5.5692,2,23.046,15:07:48:938
-0.0307,0.0061,0.098,5.5692,2,23.615,15:07:49:938
-0.0292,0.0461,-0.1106,5.5692,2,22.822,15:07:50:937
-0.0987,0.0097,0.0267,5.5692,2,24.445,15:07:51:938
-0.0241,0.0158,0.1392,5.5692,2,25.02,15:07:52:938
-0.015,0.0665,-0.066,5.5692,2,25.365,15:07:53:937
0.0392,0.013,0.1037,5.5692,2,24.564,15:07:54:940
-0.2037,0.075,-0.0426,5.5692,2,22.915,15:07:55:939
-0.0467,-0.3903,-0.3657,5.5692,2,24.18,15:07:56:938
0.0229,0.2393,-0.1259,5.5692,2,24.372,15:07:57:938
-0.0503,0.057,0.0221,5.5692,2,25.17,15:07:58:937
-0.0088,-0.0215,0.1082,5.5692,2,22.5,15:07:59:938
-0.0233,-0.0024,-0.027,5.5692,2,24.63,15:08:00:937
-0.0428,9.00E-04,-0.065,5.5692,2,24.531,15:08:01:938
0.0038,0.0083,-0.0383,5.5692,2,23.461,15:08:02:938
-0.0915,0.0175,-0.0954,4.5722,2,24.068,15:08:03:938
0.2429,-0.1797,0.5242,4.4268,2,21.719,15:08:04:943
-0.0805,-0.1263,0.1601,3.572,2,21.633,15:08:05:938
0.0618,0.1001,0.4447,2.5732,2,23.154,15:08:06:938
0.0267,0.0856,0.2424,3,2,23.364,15:08:07:938
0.2815,0.0256,1.2085,4.5715,2,27.045,15:08:08:939
0.0619,-0.0502,-0.2117,3.573,2,23.425,15:08:09:937
-0.0648,-0.0803,-0.0306,3.573,2,22.405,15:08:10:938
-0.4466,-0.3068,0.6056,3.573,2,22.349,15:08:11:938
0.1937,0.0795,0.1368,5,2,24.949,15:08:12:938
0.0829,-0.0275,0.0075,5,2,22.787,15:08:13:938
-0.0336,-0.0221,-0.0239,5,2,24.138,15:08:14:937
-0.0385,-0.0155,0.0727,5,2,24.538,15:08:15:941
-0.0197,-0.0759,0.0634,5,2,26.823,15:08:16:938
-0.3167,-0.0909,-1.6678,3.5734,2,26.482,15:08:17:938
0.0795,0.0847,-0.3679,3.4267,2,24.656,15:08:18:938
0.5237,-0.2143,-0.0687,4.4273,2,23.419,15:08:19:938
-0.2876,-0.8808,0.2845,4.4273,2,25.601,15:08:20:938
-0.159,0.0928,0.1166,4.4273,2,23.836,15:08:21:938
-0.0358,-0.0187,0.2533,4.4273,2,23.272,15:08:22:938
-0.061,-0.0316,0.0249,4.4273,2,26.963,15:08:23:938
0.0399,-0.0052,0.1086,4.4273,2,22.375,15:08:24:938
2.5978,-0.4349,-0.8082,4.4273,2,25.884,15:08:25:938
-0.058,-0.0974,0.2064,4.4273,2,23.35,15:08:26:938
-0.0569,-0.0775,0.1287,4.4273,2,22.051,15:08:27:938
1.0347,-0.0629,-0.3813,4.4273,2,23.864,15:08:28:938
-0.024,-0.0403,-0.011,4.4273,2,22.337,15:08:29:938
-0.0372,-0.0497,-0.0135,4.4273,2,23.688,15:08:30:938
0.4723,0.1969,-0.6021,4.4273,2,23.987,15:08:31:938
-1.4157,-0.2215,0.577,4.4273,2,22.652,15:08:32:938
-0.1021,0.0195,-0.0359,4.4273,2,22.12,15:08:33:937
-0.4256,0.3506,0.0522,4.4273,2,24.677,15:08:34:937
-0.2023,0.1226,0.3129,4.4273,2,28.004,15:08:35:938
-0.1877,0.1354,0.1304,4.4273,2,23.976,15:08:36:938
-0.1697,0.0566,-0.0363,4.4273,2,23.772,15:08:37:937
3.6611,1.0276,-0.2958,4.4273,2,30.926,15:08:38:937
-0.1222,-0.0043,-0.0234,4.4273,2,24.941,15:08:39:937
-0.1098,-0.0494,0.0638,4.4273,2,22.484,15:08:40:938
-0.0548,-0.0367,0.1057,4.4273,2,24.15,15:08:41:938
-0.0862,-0.0529,0.0781,4.4273,2,23.846,15:08:42:938
-0.0153,0.0092,-0.1421,4.4273,2,24.036,15:08:43:938
-0.0415,-0.0037,0.0517,4.4273,2,24.718,15:08:44:938
-0.0377,-0.0498,-0.0416,4.4273,2,23.077,15:08:45:938
-0.0084,-0.0325,-0.0934,4.4273,2,23.648,15:08:46:938
-0.0249,-0.0197,-0.0687,4.4273,2,25.165,15:08:47:938
-0.0118,-0.0024,-0.133,4.4273,2,22.81,15:08:48:938
-0.0232,-0.0292,0.159,4.4273,2,24.157,15:08:49:938
-0.0462,0.0473,-0.0425,4.4273,2,23.748,15:08:50:938
-0.0323,0.0025,-0.0956,4.4273,2,24.186,15:08:51:938
-0.0543,0.0012,-0.1129,4.4273,2,23.641,15:08:52:938
-0.0627,-0.0402,-0.1058,4.4273,2,24.843,15:08:53:938
-0.0498,0.0021,-0.099,4.4273,2,24.88,15:08:54:938
-0.0153,-0.0188,-0.0198,4.4273,2,23.469,15:08:55:938
-0.0594,-0.0482,0.029,4.4273,2,23.339,15:08:56:938
-0.0525,-0.0319,0.1185,4.4273,2,23.268,15:08:57:938
-0.046,-0.0056,-0.0964,4.4273,2,26.226,15:08:58:938
-0.0499,-0.0115,-0.0646,4.4273,2,21.6,15:08:59:938
-0.0292,-0.0032,0.0367,4.4273,2,22.008,15:09:00:938
0.0117,0.0257,-0.1795,4.4273,2,22.263,15:09:01:938
-0.0545,0.0093,-0.064,4.4273,2,22.653,15:09:02:938
-0.0647,0.0076,-0.0425,4.4273,2,22.379,15:09:03:937
-0.0614,-0.0033,-0.0606,4.4273,2,22.554,15:09:04:937
-0.0376,-0.0052,-0.022,4.4273,2,23.247,15:09:05:937
-0.0331,-0.0284,0.0577,4.4273,2,20.779,15:09:06:938
-0.0353,0.0146,-0.0104,4.4273,2,24.861,15:09:07:938
-0.0173,-0.0304,0.0345,4.4273,2,22.953,15:09:08:938
-0.0315,-0.045,0.1162,4.4273,2,25.891,15:09:09:938
-0.0378,-0.0095,-0.0141,4.4273,2,26.336,15:09:10:938
-0.1051,-0.001,0.003,4.4273,2,28.435,15:09:11:938
-0.0743,-0.0267,0.1157,6.4129,2,28.599,15:09:12:938
-0.086,-0.0432,0.1075,6.4129,2,26.13,15:09:13:938
-0.0313,-0.0359,-0.0069,6.4129,2,24.242,15:09:14:940
-0.0766,0.0487,-0.0236,6.4129,2,24.792,15:09:15:938
-0.008,-0.0024,0.0359,6.4129,2,22.902,15:09:16:938
-0.0505,0.0113,-0.1184,6.4129,2,23.103,15:09:17:939
-0.0578,-0.0107,-0.025,6.4129,2,23.768,15:09:18:938
-0.0129,0.0082,0.0029,6.4129,2,23.146,15:09:19:940
-0.0254,-0.0188,-0.0417,6.4129,2,23.422,15:09:20:938
-0.0581,0,0.0998,6.4129,2,25.021,15:09:21:938
-0.0738,0.036,-0.0813,6.4129,2,25.329,15:09:22:940
-0.0069,-0.0073,-0.041,6.4129,2,22.376,15:09:23:939
-0.0647,-0.012,0.1635,6.4129,2,22.918,15:09:24:938
-0.0185,-0.0096,-0.0258,6.4129,2,22.837,15:09:25:939
-0.0484,0.0069,-0.0094,6.4129,2,22.524,15:09:26:938
0.0131,0.0113,-0.1021,6.4129,2,23.109,15:09:27:939
-0.0416,-0.0135,0.0941,6.4129,2,21.997,15:09:28:938
-0.0404,-0.0153,-0.2186,6.4129,2,23.321,15:09:29:940
-0.0428,0.0217,0.0584,6.4129,2,23.942,15:09:30:939
-0.0048,-0.0055,0.0072,6.5849,2,21.925,15:09:31:938
0.0129,0.0234,0.0421,7,2,23.267,15:09:32:938
-0.0261,0.0288,-0.0618,7,2,22.293,15:09:33:938
-0.0381,0.0125,0.1053,7,2,23.47,15:09:34:941
-0.0262,-0.0252,-0.0071,7,2,22.588,15:09:35:938
-0.0172,-0.072,-0.0453,6.4029,2,23.616,15:09:36:939
-0.1409,-0.4349,1.0609,9,2,25.065,15:09:37:939
-0.0474,-0.161,0.2544,5,2,24.982,15:09:38:938
-0.069,-0.0298,0.0895,5,2,25.299,15:09:39:937
-0.0097,0.0114,-0.0631,5.5733,2,27.021,15:09:40:938
-0.0093,-0.067,0.0889,5.5733,2,27.691,15:09:41:937
-0.0041,-0.0429,0.3002,5.5733,2,25.786,15:09:42:938
-0.145,0.0019,0.3202,5.5733,2,25.107,15:09:43:938
-0.0549,-0.039,-0.0067,5.5733,2,23.663,15:09:44:938
-0.0283,-0.0181,0.0839,5.5733,2,26.425,15:09:45:937
-0.0774,-0.0124,0.0944,5.5733,2,25.503,15:09:46:938
0.0072,-0.0186,0.1235,5.5733,2,23.999,15:09:47:939
0.0952,0.0194,-0.037,5.5733,2,24.293,15:09:48:937
0.05,0.0207,-0.0664,5.5733,2,25.325,15:09:49:938
-0.0475,0.0382,0.0215,5.5733,2,23.957,15:09:50:937
-0.0599,0.0158,-0.0251,5.5733,2,25.008,15:09:51:937
-0.0542,0.0206,-0.0197,5.5733,2,25.035,15:09:52:937
-0.1586,0.2667,0.2955,5.5733,2,24.197,15:09:53:937
0.174,0.1211,1.0485,7.4581,0,26.118,15:09:54:938
-0.1716,-0.2425,-0.1624,4,2,22.971,15:09:55:938
0.032,0.2235,-0.1555,4.4235,2,22.964,15:09:56:938
0.0805,-0.0271,0.2224,6.716,2,22.351,15:09:57:937
-0.0854,-0.0829,-0.2395,6.716,2,23.995,15:09:58:938
-0.0778,0.0137,0.0056,6.716,2,23.925,15:09:59:938
0.027,0.0027,0.0327,6.716,2,22.626,15:10:00:938
-0.0714,0.0125,-0.1006,6.716,2,22.932,15:10:01:938
-0.0389,-0.0618,-0.2032,6.716,2,21.988,15:10:02:937
-0.0742,-0.0028,0.0466,6.716,2,24.526,15:10:03:937
-0.0664,-0.0416,-0.0067,6.716,2,26.67,15:10:04:939
3.00E-04,-0.0699,-0.0297,6.716,2,24.444,15:10:05:937
-0.2497,-0.0488,-0.5091,5.854,2,26.801,15:10:06:938
-0.432,-0.2279,-0.0844,5,2,28.566,15:10:07:938
-0.7201,-0.2085,0.4417,5,2,37.048,15:10:08:938
-0.8647,-1.1134,-0.5252,6,2,27.808,15:10:09:938
-0.0428,-0.0905,0.0958,6.5674,2,24.227,15:10:10:938
-1.3613,0.0269,1.6193,8.4315,2,35.57,15:10:11:937
-1.2495,-0.2997,-0.6249,11.2935,2,34.313,15:10:12:938
-3.4258,0.0693,0.6768,6,2,59.83,15:10:13:938
1.0291,0.5969,-0.7155,44.0795,2,26.129,15:10:14:937
0.8747,0.2244,0.3926,50.8628,2,38.324,15:10:15:938
-0.0172,0.0161,-0.1101,50.8607,2,27.156,15:10:16:938
0.0299,0.0102,0.0045,49.862,2,30.864,15:10:17:938
-0.0351,-0.0221,0.0543,49.8103,2,27.598,15:10:18:938
-0.0391,-0.0011,0.0247,51,2,26.606,15:10:19:938
-0.0514,-0.0174,-0.0468,50.5723,2,28.76,15:10:20:938
-0.0392,-0.0135,-0.0283,49.8277,2,28.657,15:10:21:939
-0.0407,-0.0069,-0.0033,49.8333,2,28.746,15:10:22:940
-0.0268,0.0296,-0.0123,49.8315,2,28.313,15:10:23:938
-0.016,-0.0113,0.0128,50.5773,2,27.573,15:10:24:938
0.0319,0.004,0.0324,50.5773,2,27.694,15:10:25:939
0.0143,-0.009,0.0301,49.8207,2,27.684,15:10:26:939
0.0191,-0.0143,-0.0355,49.8445,2,28.533,15:10:27:938
0.016,-0.0075,-0.0015,49.7921,2,26.635,15:10:28:939
0.0147,0.0144,-0.0543,50.1682,2,26.559,15:10:29:939
0.0159,0.017,-0.0684,50.6023,2,27.368,15:10:30:939
-0.0105,-0.0187,0.0062,50.4149,2,26.568,15:10:31:938
0.007,-0.0048,-0.0235,50.1438,2,26.556,15:10:32:938
0.0243,0.0281,0.0063,50.1641,2,27.386,15:10:33:939
0.0023,0.0206,-0.0475,50.5818,2,27.691,15:10:34:940
0.0199,0.0504,-0.0207,50,2,27.82,15:10:35:938
0.0071,0.0174,-0.0147,50.4085,2,28.783,15:10:36:939
0.0485,0.0198,0.0074,49.8181,2,26.338,15:10:37:938
0.037,-0.0078,0.0243,50.418,2,26.206,15:10:38:938
0.0531,-0.0383,-0.048,49.5937,2,27.079,15:10:39:939
0.0483,0.0231,0.0409,49.8335,2,28.372,15:10:40:940
0.0203,0.0181,-0.0114,49.7882,2,27.703,15:10:41:939
0.0381,0.0047,-0.0637,50,2,25.989,15:10:42:939
0.0557,-2.00E-04,-0.0492,50,2,28.117,15:10:43:939
0.0212,0.0454,-0.0333,49,2,27.33,15:10:44:939
0.0295,-0.0336,-0.025,49.8349,2,26.749,15:10:45:940
0.0265,0.0242,-0.0082,50,2,28.054,15:10:46:938
0.0265,0.0157,-0.0651,49.824,2,25.974,15:10:47:939
0.0289,-0.025,0.0574,49.4155,2,27.076,15:10:48:938
0.0529,0.0233,0.0062,49,2,25.213,15:10:49:938
0.0209,0.0204,0.0046,49.8359,2,28.021,15:10:50:942
0.0213,0.0189,-0.0233,49.8329,2,25.136,15:10:51:939
0.0396,0.0393,0.0018,49.4234,2,26.095,15:10:52:940
0.0429,0.0275,-0.0201,49.8312,2,26.447,15:10:53:939
0.0359,0.0108,-0.0137,49.8229,2,27.477,15:10:54:938
0.0274,-0.0232,0.0346,50.5905,2,26.347,15:10:55:940
0.0502,0.0191,0.0312,50.3987,2,27.282,15:10:56:940
0.0615,7.00E-04,0.0969,50.4169,2,25.695,15:10:57:939
0.0235,-0.007,0.0043,50.5855,2,26.376,15:10:58:938
0.0599,0.013,-0.0069,50.5829,2,26.013,15:10:59:939
0.0384,0.0088,-0.0481,50.1462,2,27.818,15:11:00:939
0.0752,-0.0163,-0.0307,50.1515,2,26.296,15:11:01:939
0.0522,0.0364,-0.0226,50.592,2,26.637,15:11:02:940
0.0406,-0.01,9.00E-04,50.166,2,27.965,15:11:03:938
0.0202,0.0219,-0.0084,50.1837,2,26.319,15:11:04:940
0.0239,0.0247,-0.0355,50.5811,2,27.923,15:11:05:938
0.0402,0.0266,0.0068,49.8326,2,27.973,15:11:06:939
0.0429,0.0523,0.0281,49.8192,2,29.405,15:11:07:938
0.0443,-0.0072,-0.0083,50.1942,2,28.449,15:11:08:938
0.0433,-2.00E-04,0.0101,50.1666,2,27.672,15:11:09:938
0.0424,0.0169,0.0072,50.1578,2,31.176,15:11:10:939
0.0447,-4.00E-04,-0.0303,50.5851,2,26.85,15:11:11:939
0.0361,0.0213,0.0076,50.4189,2,25.447,15:11:12:939
0.0226,0.0186,0.045,50.5897,2,25.81,15:11:13:942
0.0235,0.0041,0.0379,50.5984,2,25.825,15:11:14:938
0.0604,0.0051,-0.0129,50.1658,2,25.153,15:11:15:938
0.0449,0.0327,0.0074,50.5892,2,26.751,15:11:16:939
0.065,0.0168,-0.012,51,2,26.817,15:11:17:939
0.0249,0.0111,-0.0161,50.4018,2,24.172,15:11:18:939
0.0036,-0.0112,-0.0316,49.8315,2,24.838,15:11:19:940
0.0677,0.0216,0.0383,50.4125,2,26.262,15:11:20:939
0.0243,0.0052,0.0371,49.8092,2,24.247,15:11:21:939
0.0498,0.0156,-0.0147,50.584,2,25.291,15:11:22:938
0.0209,0.0128,0.0422,50.4185,2,26.097,15:11:23:939
-0.0051,-0.0189,-0.0557,49.8326,2,25.747,15:11:24:939
0.0085,-5.00E-04,0.0498,50.4147,2,25.306,15:11:25:939
0,-0.0103,0.0355,49.7911,2,27.174,15:11:26:939
0.0175,0.0123,0.0408,49,2,27.091,15:11:27:939
0.0116,-0.0315,-0.0283,50.4238,2,27.011,15:11:28:938
-0.0047,0.004,0.0361,50,2,27.12,15:11:29:940
-0.0025,0.0145,0.0682,49.8146,2,25.993,15:11:30:939
0.0042,-0.0084,0.0369,49.8301,2,26.62,15:11:31:938
0.029,-0.0221,-0.0773,49.8232,2,27.013,15:11:32:939
-0.013,0.0101,-0.014,49.7961,2,27.507,15:11:33:938
0.0062,-0.0258,0.0731,50,2,26.358,15:11:34:939
-0.0318,0.013,-0.0129,49.8297,2,26.334,15:11:35:941
-9.00E-04,-0.0066,-0.0069,50.4192,2,27.802,15:11:36:939
-0.0147,0.0012,0.0319,49,2,26.151,15:11:37:938
-0.0263,0.0304,-0.0065,50.4162,2,26.864,15:11:38:939
0.0127,0.0155,-0.0562,50.4143,2,26.965,15:11:39:939
-0.0042,-9.00E-04,-0.0101,50.4159,2,26.637,15:11:40:939
0.0233,0.0357,-0.0507,49.8328,2,25.89,15:11:41:939
-0.0342,-0.0471,0.0223,50,2,24.979,15:11:42:939
-0.0051,0.0011,-0.0225,49.8349,2,25.755,15:11:43:938
-0.0491,0.0088,0.0265,49,2,24.899,15:11:44:940
0.0459,0.0432,0.0409,50,2,25.938,15:11:45:939
6.00E-04,-0.0222,0.0299,49.8357,2,26.028,15:11:46:939
0.0159,-0.0121,-0.0289,50,2,27.094,15:11:47:938
-0.0048,0.0443,0.0217,49.8223,2,29.848,15:11:48:938
0.0014,0.0014,-0.0279,49.8379,2,25.227,15:11:49:939
0.0448,-0.0221,-0.0456,49.8324,2,25.703,15:11:50:940
-0.0152,0.0114,0.0521,49.8198,2,25.492,15:11:51:938
-0.0073,0.003,0.0442,50,2,26.248,15:11:52:939
0.0241,-0.0125,-0.0209,50.1879,2,27.367,15:11:53:939
-0.0129,0.0325,-0.0211,50.5876,2,25.63,15:11:54:938
-0.0337,-0.0182,-0.0201,50.1676,2,26.107,15:11:55:940
-0.0173,0.0408,0.0639,50.5859,2,26.631,15:11:56:938
-0.0153,0.0222,-0.0085,50.2031,2,25.251,15:11:57:939
-1.00E-04,0.0473,-0.0015,50.5759,2,24.998,15:11:58:939
0.014,-0.008,-0.0049,50.4169,2,26.626,15:11:59:941
-0.0013,-0.0109,0.0397,50.1894,2,25.474,15:12:00:939
0.008,-0.026,0.0212,50.4203,2,26.268,15:12:01:938
-0.0076,0.0041,-0.0047,50.1554,2,24.273,15:12:02:939
-0.0156,0.0419,0.0053,50.4056,2,25.839,15:12:03:939
0.0058,0.0258,-0.0015,51,2,27.149,15:12:04:940
-0.0031,-0.0077,0.0195,50.4133,2,27.198,15:12:05:939
0.0112,-0.0384,-0.0247,49.8178,2,26.584,15:12:06:938
-0.0212,0.0144,-9.00E-04,50.4092,2,27.181,15:12:07:940
0.0013,-0.02,-0.0142,49.8342,2,26.56,15:12:08:942
-0.0021,-0.0539,-0.0571,50.1771,2,27.731,15:12:09:939
0.0166,0.0067,-0.0192,50.5829,2,25.316,15:12:10:939
-0.0123,-1.00E-04,0.0271,50.1712,2,24.179,15:12:11:938
-0.0064,4.00E-04,0.0071,50.585,2,34.489,15:12:12:940
0.0301,0.0209,0.0077,51,2,27.132,15:12:13:938
0.0109,0.014,0.0026,50.4154,2,25.168,15:12:14:938
0.0118,0.0345,-0.0152,50.5863,2,26.491,15:12:15:939
-0.01,-0.0285,-0.0224,50.5792,2,24.49,15:12:16:940
-0.0075,0.0159,0.0774,50.5841,2,24.818,15:12:17:938
0.0091,-0.0481,-0.0168,50,2,26.137,15:12:18:938
0.0055,-0.0135,0.0128,49.8308,2,24.758,15:12:19:939
0.0124,0.0077,-0.0372,50.3992,2,25.759,15:12:20:939
0.0106,0.0165,0.0577,49.8064,2,26.121,15:12:21:938
-0.0167,0.0221,0.0087,50.4173,2,24.401,15:12:22:939
0.0081,0.0048,-0.0056,50.4047,2,26.704,15:12:23:939
-0.0099,-0.0152,-0.0578,50.408,2,26.253,15:12:24:939
0.0119,0.0129,-0.0205,50.1644,2,25.749,15:12:25:938
-0.0227,0.0029,-0.0188,50.408,2,26.183,15:12:26:938
-0.0201,-0.0325,-0.0119,51,2,25.504,15:12:27:938
-0.0103,-0.0152,0.0315,50.5798,2,24.038,15:12:28:939
0.0033,0.0118,-0.01,50.586,2,23.137,15:12:29:939
-0.0538,0.0068,0.0077,50.5872,2,29.06,15:12:30:939
0.026,0.0041,0.0449,50.1645,2,25.873,15:12:31:940
-0.0018,0.0225,0.0253,50.5865,2,26.499,15:12:32:939
-0.0331,-0.0064,0.0451,49.8037,2,26.331,15:12:33:941
0.0026,0.0076,0.0126,50.586,2,26.184,15:12:34:938
0.0177,0.0137,0,50.4164,2,25.032,15:12:35:939
-0.0253,0.0061,0.0541,50.6036,2,25.781,15:12:36:939
0.0056,-0.0274,-0.0575,50.5864,2,24.156,15:12:37:938
-0.0417,-0.0123,-0.0425,50.5831,2,26.638,15:12:38:939
0.0063,-0.02,-0.0195,50.5947,2,25.105,15:12:39:939
-0.0292,0.0151,-0.0383,50.5811,2,26.991,15:12:40:938
0.0055,0.0185,-0.0291,50.427,2,25.26,15:12:41:938
0.0193,0.0044,-0.0392,50.1876,2,26.011,15:12:42:940
0.0165,-0.0069,-0.0047,50.5784,2,25.251,15:12:43:939
-0.0057,-0.0171,-0.0025,49.8493,2,26.55,15:12:44:938
0.0213,-0.0261,-0.0067,50.4237,2,23.944,15:12:45:938
0.0123,-0.0198,-0.0257,49.4222,2,24.77,15:12:46:938
0.0216,0.0167,-0.0194,50.423,2,25.071,15:12:47:942
0.0173,0.0023,0.0635,50.7519,2,26.67,15:12:48:938
0.0138,-0.0207,0.0251,50.4138,2,25.817,15:12:49:940
-0.0077,0.0031,0.0108,50.1458,2,27.243,15:12:50:938
0.0175,-0.0322,0.0504,50.578,2,29.529,15:12:51:939
0.0238,-0.003,-0.0096,50.5837,2,27.011,15:12:52:938
0.0027,-0.008,-0.004,50.5819,2,25.396,15:12:53:939
0.0316,0.0023,-0.002,50.1687,2,25.24,15:12:54:939
0.0135,-0.0025,-0.0616,49.4147,2,29.116,15:12:55:938
-0.0262,0.0096,-0.0083,50.5775,2,26.526,15:12:56:939
-0.0206,0.0056,0.0156,50.4243,2,28.8,15:12:57:938
-0.013,-0.0176,-0.0147,50.4146,2,26.554,15:12:58:939
-0.004,0.0053,-0.0165,50.5795,2,25.015,15:12:59:938
0.0174,-0.0368,0.0213,51.156,2,26.298,15:13:00:942
0.0078,-0.0053,-0.0955,50.5858,2,27.685,15:13:01:938
-0.0153,0.0316,0.0453,51.5924,2,25.988,15:13:02:938
-0.0029,-0.0279,0.0111,50.5786,2,27.192,15:13:03:938
-0.0165,0.014,-0.0069,50.1585,2,25.822,15:13:04:939
0.0475,0.0232,-0.0735,50.5774,2,26.252,15:13:05:938
-0.0097,0.0023,0.0193,50.5821,2,27.593,15:13:06:938
-0.0437,-0.0209,-0.0124,50.5844,2,26.928,15:13:07:939
-0.0319,0.0114,0.0098,50.5812,2,27.675,15:13:08:940
-0.0082,-0.026,-0.0508,51,2,26.425,15:13:09:938
0.0146,-0.0285,0.0045,50.8284,2,25.584,15:13:10:938
0.0054,0.0018,-0.0014,50.4156,2,27.071,15:13:11:938
0.006,-0.0196,0.0209,50.8354,2,25.48,15:13:12:940
0.0347,0.0198,0.0228,50.4092,2,25.13,15:13:13:943
0.0048,-0.0038,0.0491,50.5899,2,25.278,15:13:14:941
-0.0045,-0.0026,0.0302,50.4139,2,27.303,15:13:15:938
5.00E-04,-0.0104,0.0216,51.1787,2,25.876,15:13:16:940
0.0014,-0.0128,-9.00E-04,50.3932,2,24.469,15:13:17:938
0.027,-0.0145,0.0197,51.1673,2,24.615,15:13:18:938
-0.0138,-0.0058,0.0485,51.5757,2,24.424,15:13:19:939
0.0109,-0.0222,-0.0593,51.1667,2,25.471,15:13:20:938
-9.00E-04,0.0176,-0.0305,51,2,24.738,15:13:21:940
-0.0084,0.0297,-0.0166,51.1856,2,25.302,15:13:22:940
0.0074,-0.0212,0.0897,51,2,25.464,15:13:23:939
-0.0208,0.0383,0.0117,51.1624,2,24.807,15:13:24:938
-0.0206,0.0099,0.0045,51,2,27.15,15:13:25:938
0.0271,-3.00E-04,-0.0107,51.5859,2,27.511,15:13:26:940
0.0335,-0.005,0.0074,51.5795,2,26.702,15:13:27:939
-0.008,0.006,-0.0474,50.1687,2,25.604,15:13:28:938
-0.0098,0.0091,-0.0115,50.5833,2,25.412,15:13:29:937
0.0181,-0.0233,0.0306,50.5732,2,26.385,15:13:30:938
0.0168,0.0109,0.0142,50.4023,2,24.768,15:13:31:940
-0.0262,0.0209,0.0069,50.4067,2,26.183,15:13:32:939
0.0094,-0.001,0.0278,50.5834,2,28.766,15:13:33:942
0.0184,-0.0105,-0.0058,50.4051,2,26.755,15:13:34:940
0.0031,-0.0596,0.0042,51.4048,2,27.8,15:13:35:939
0.0081,0.0044,0.0271,51,2,28.461,15:13:36:939
-0.0019,-0.0106,-0.0308,51.2043,2,27.865,15:13:37:939
-0.0334,-0.0127,0.0377,51,2,29.84,15:13:38:939
-0.0221,0.026,-0.0217,51.1686,2,28.583,15:13:39:938
-0.0035,-0.0458,0.0632,50.4033,2,28.943,15:13:40:939
-0.0113,-0.0327,-0.0114,50.8033,2,28.95,15:13:41:939
0.0228,0.019,-0.024,50.5816,2,29.58,15:13:42:938
0.0022,-0.0179,-0.0562,50.8004,2,25.32,15:13:43:941
0.011,-0.0044,-0.0338,51.4039,2,27.428,15:13:44:939
0.0053,0.0274,-0.0011,51,2,25.865,15:13:45:939
0.0396,0.0264,-0.0073,50.8288,2,26.052,15:13:46:938
0.0139,0.0011,-0.0354,50,2,23.992,15:13:47:939
-0.0125,0.0191,0.0196,51.1501,2,26.591,15:13:48:939
-0.0359,-0.0078,-0.012,51.5838,2,26.463,15:13:49:938
0.0016,0.0218,0.0333,51.2019,2,26.149,15:13:50:939
0.0164,-0.0063,0.0331,51.5887,2,26.749,15:13:51:939
-0.0282,0.0081,-0.0242,51.5867,2,26.951,15:13:52:940
0.029,-0.0258,0.049,50.8324,2,25.752,15:13:53:939
-0.0114,0.0056,-0.0849,50.4167,2,26.947,15:13:54:939
0.0419,-0.0019,-0.0347,50.8345,2,24.177,15:13:55:939
-0.0086,0.0035,0.0336,50.8295,2,25.743,15:13:56:940
0.0105,0.0057,-0.0112,50.8275,2,25.186,15:13:57:939
-0.0124,-0.0068,0.0248,50.828,2,25.113,15:13:58:938
-0.0253,0.0112,-0.031,50.5782,2,25.253,15:13:59:939
-0.0026,0.0337,0.0495,50.8275,2,26.595,15:14:00:942
-0.0155,0.0185,0.0238,50.416,2,26.505,15:14:01:937
-0.0035,0.0083,-0.0403,50.4278,2,26.443,15:14:02:938
0.0149,0.0082,-0.026,51.1814,2,28.817,15:14:03:938
0.0142,0.0257,-0.0584,51.1566,2,26.157,15:14:04:939
-0.0211,-0.0157,-0.0016,50.4163,2,24.554,15:14:05:938
-0.001,0.0151,0.0154,51.1826,2,27.045,15:14:06:938
-0.0203,0.0358,-0.028,51.4156,2,27.218,15:14:07:939
0.0128,0.0262,0.0073,50.8277,2,29.824,15:14:08:939
0.0151,0.0135,-0.0102,51.2248,2,26.143,15:14:09:939
0.0402,0.0108,-0.0969,51.5856,2,24.935,15:14:10:939
-0.0253,-0.0114,-0.0428,51.408,2,27.336,15:14:11:939
-0.02,-0.0086,0.0537,51.4175,2,26.334,15:14:12:940
-0.0197,-0.0053,0.0063,50.8265,2,25.443,15:14:13:940
-0.0119,0.0126,0.0019,51.4259,2,27.675,15:14:14:938
0.0071,-0.0026,3.00E-04,50.8301,2,24.177,15:14:15:939
-6.00E-04,0.0092,-0.017,51.416,2,26.035,15:14:16:939
-0.0244,-0.0351,-0.0869,50.8323,2,26.066,15:14:17:939
-0.0232,0.0022,0.0181,51,2,24.361,15:14:18:939
-0.0051,0.0307,-0.0279,50.8339,2,25.044,15:14:19:938
-0.0021,0.031,0.0166,51.5859,2,27.095,15:14:20:939
0.0039,0.0025,-0.0782,50.7758,2,25.336,15:14:21:938
-0.0369,-0.045,-0.0425,51.415,2,26.376,15:14:22:939
-0.0519,0.0013,-7.00E-04,50.411,2,25.584,15:14:23:939
-0.0214,0.0321,0.0447,51.5824,2,23.903,15:14:24:938
0.0102,-0.0115,0.0046,51.1698,2,25.027,15:14:25:939
0.0337,-0.0255,-0.0316,51.5903,2,24.272,15:14:26:939
-0.0238,0.0162,0.0109,51.5792,2,24.958,15:14:27:939
-0.0071,0.0273,0.0275,51.5853,2,26.724,15:14:28:939
0.003,0.0045,-0.0205,51.5897,2,25.064,15:14:29:939
0.0136,-0.0031,-0.0205,51.4191,2,25.327,15:14:30:939
0.0297,-0.0127,0.0216,51.5795,2,26.35,15:14:31:938
0.039,-0.0186,-0.0207,50.8157,2,26.884,15:14:32:938
0.0215,0.0321,0.0037,51.5812,2,25.446,15:14:33:938
-0.0149,-0.0061,0.0783,51.4144,2,25.486,15:14:34:938
0.016,0.0207,0.0016,51.5938,2,28.068,15:14:35:940
-0.0232,0.0241,0.0021,50.8343,2,26.032,15:14:36:939
-0.0228,-0.0048,-0.0241,51.4192,2,28.602,15:14:37:938
-0.0084,0.0107,0.0502,50.8106,2,26.12,15:14:38:939
-0.0149,-0.005,0.0518,51.416,2,25.604,15:14:39:940
0.0127,0.0095,0.0553,50.8245,2,26.02,15:14:40:940
0.0111,-0.0024,0.0308,51.5969,2,26.622,15:14:41:939
0.0039,-0.0011,-0.0119,51.583,2,25.983,15:14:42:939
0.0101,-0.0181,0.0411,51.1804,2,26.659,15:14:43:939
-0.0022,-0.0048,-0.0251,52,2,25.615,15:14:44:939
-0.0034,-0.039,0.0012,51.4135,2,26.851,15:14:45:939
-0.0271,-0.0082,-0.0031,51.4121,2,24.147,15:14:46:938
0.0423,0.0028,-0.0425,51.4141,2,22.815,15:14:47:939
0.0361,-0.0279,-0.0204,51.4193,2,33.632,15:14:48:939
0.007,0.0158,-0.0726,51.8185,2,25.157,15:14:49:940
0.0203,-0.0051,0.006,51.3942,2,23.724,15:14:50:939
0.0215,-0.0202,-0.0464,51.5843,2,23.64,15:14:51:939
0.0227,0.0071,-0.0431,51.4148,2,25.007,15:14:52:941
0.0125,-0.0122,-0.0312,51.6048,2,25.435,15:14:53:939
0.0059,0.0098,-0.0497,51.4169,2,25.938,15:14:54:938
0.0196,-0.0229,0.0466,51.1691,2,26.903,15:14:55:938
0.0189,-0.0293,0.0203,51.6064,2,25.229,15:14:56:937
-0.0279,-0.0073,-0.0391,51.1678,2,26.828,15:14:57:939
0.0117,0.0152,0.0213,52,2,26.104,15:14:58:938
-0.0015,0.0169,0.0338,52,2,25.673,15:14:59:938
-0.0223,0.0268,-0.0275,52.1661,2,25.23,15:15:00:940
0.0215,-0.0091,-0.0881,52.5893,2,25.691,15:15:01:939
-0.0148,0.0411,-0.0184,51.6008,2,26.515,15:15:02:938
0.0043,0.0318,0.0468,51.5829,2,25.77,15:15:03:939
-0.0069,4.00E-04,0.0239,50.8338,2,24.796,15:15:04:939
-0.0104,-0.0341,0.0057,51.612,2,24.678,15:15:05:939
0.0037,0,0.048,51.1656,2,26.125,15:15:06:939
0.0183,-0.0183,-0.0812,52,2,24.795,15:15:07:941
-0.0069,-0.0017,0.0244,52.3968,2,26.646,15:15:08:939
-0.0175,-0.0104,0.0348,51.4146,2,26.383,15:15:09:939
-0.0097,-0.0619,-0.0213,51.5828,2,30.117,15:15:10:944
0.017,0.0496,-0.0215,51.5822,2,28.806,15:15:11:940
0.0171,0.0103,0.0228,52.1711,2,25.744,15:15:12:939
0.0134,0.0036,0.0155,51.2447,2,26.85,15:15:13:939
-0.0217,-0.0133,0.067,51.4176,2,28.33,15:15:14:939
-0.0271,0.0111,-0.049,50.5845,2,26.279,15:15:15:939
-0.0023,0.0343,6.00E-04,52,2,25.741,15:15:16:940
0.0052,-0.0221,-0.0137,51.5851,2,24.798,15:15:17:939
-0.0233,0.0245,0.0102,51.4153,2,25.864,15:15:18:939
-0.0043,-0.0102,0.0267,51.1911,2,25.829,15:15:19:940
-0.0197,0.0247,0.0399,51.1693,2,26.572,15:15:20:939
-0.0025,-0.0087,-0.0234,51.5843,2,27.116,15:15:21:938
-0.013,0.0273,-0.0334,52,2,28.222,15:15:22:938
-0.0125,0.0036,0.0359,51.5824,2,24.166,15:15:23:939
0.0226,0.0135,-0.0175,53,2,27.029,15:15:24:939
-0.0297,0.0121,0.0201,52.5833,2,29.924,15:15:25:939
-0.0199,0.0159,-0.0028,51.8327,2,27.527,15:15:26:939
-0.0046,-0.0017,0.0065,52.4195,2,27.982,15:15:27:939
0.0137,-8.00E-04,0.0099,51.8051,2,25.119,15:15:28:941
0.0164,0.0358,0.0191,51.5838,2,25.744,15:15:29:938
0.0247,-0.0232,0.0267,52.2065,2,26.048,15:15:30:940
-0.0169,-0.0057,-0.0126,52,2,27.032,15:15:31:939
0.0115,-0.0107,0.012,51.8307,2,26.581,15:15:32:939
0.0232,-0.0045,-0.0118,52.3918,2,26.986,15:15:33:941
-0.0065,0.0109,-0.0419,51.8251,2,26.453,15:15:34:940
0.0135,0.0179,0.0315,52,2,27.81,15:15:35:939
-0.0057,-0.0219,-0.0163,52.2043,2,25.136,15:15:36:939
0.0203,0.002,-0.0388,52.5794,2,27.965,15:15:37:939
0.0226,0.0097,-0.0313,52.4165,2,27.565,15:15:38:939
0.021,0.0048,-0.0812,52.6073,2,26.745,15:15:39:939
0.0135,0.0068,0.0124,52.4168,2,31.148,15:15:40:939
-0.0043,-0.015,0.0313,52.5839,2,25.667,15:15:41:939
0.0145,0.0206,0.0019,52.4163,2,25.518,15:15:42:940
-0.0173,0.0232,-0.0464,51.8329,2,26.898,15:15:43:940
-0.0094,0.0083,0.0326,52.4128,2,26.714,15:15:44:939
-0.0261,-0.0198,-0.0089,51.4163,2,28.536,15:15:45:946
-0.0235,0.024,-0.0537,52.174,2,26.23,15:15:46:939
-0.0286,0.0038,-0.0276,52.182,2,28.006,15:15:47:939
0.0033,-0.0035,-0.0159,51.8344,2,27.339,15:15:48:939
0.0046,0.0215,-0.0595,51.8192,2,25.971,15:15:49:939
-0.0084,-0.0418,0.0076,52.1914,2,27.939,15:15:50:939
-0.0096,-0.0114,0.043,52.4158,2,28.529,15:15:51:939
-0.0025,0.0097,-0.0274,51.8311,2,26.897,15:15:52:938
-0.0196,9.00E-04,-0.0643,52.5739,2,26.839,15:15:53:939
-0.0178,0.0074,-0.0205,51.8301,2,27.448,15:15:54:942
-0.0014,-0.0212,0.0158,52.4166,2,26.119,15:15:55:939
0.0296,-0.01,0.0374,51.8247,2,26.474,15:15:56:939
-0.0139,-0.0254,-0.0163,52.1656,2,26.791,15:15:57:938
0.0099,-0.0015,-0.0323,52.5959,2,26.088,15:15:58:939
0.0239,-0.0222,-0.0198,52.1879,2,28.687,15:15:59:939
-0.0107,-0.0145,-0.0202,52.5838,2,26.431,15:16:00:938
-0.0084,0.0179,0.0177,52.4168,2,27.91,15:16:01:939
-0.0054,0.0035,0.0209,52.5925,2,26.511,15:16:02:938
-0.0085,0.0267,0.0583,52.416,2,28.524,15:16:03:939
0.0204,-0.002,-0.001,52.5837,2,29.88,15:16:04:938
0.002,-0.0443,-0.0054,52.4157,2,28.088,15:16:05:939
0.0263,-0.0529,0.0077,52.183,2,27.44,15:16:06:940
-0.024,-0.007,0.0098,52.418,2,24.84,15:16:07:940
-0.0026,0.0219,-0.0354,52.4142,2,27.12,15:16:08:939
-0.0342,-0.0143,-7.00E-04,52.156,2,27.494,15:16:09:938
0.0126,0.0384,0.0352,52.584,2,24.95,15:16:10:939
0.004,-0.0178,0.0251,52.1678,2,25.32,15:16:11:938
0.0208,-0.0292,0.0539,52.5726,2,24.353,15:16:12:941
0.036,-0.0309,0.0061,52.4152,2,27.362,15:16:13:939
-0.0431,-0.032,-0.0344,51.8324,2,25.689,15:16:14:938
0.0339,-0.0153,0.0295,53,2,26.522,15:16:15:940
0.0285,-0.0031,0.0181,52.1742,2,25.203,15:16:16:938
-0.0134,0.0077,0.045,52.6003,2,22.185,15:16:17:939
-0.0138,-0.0065,-0.0267,52.178,2,25.294,15:16:18:938
-7.00E-04,0.0238,-0.0858,52.4171,2,26.263,15:16:19:940
-0.0128,-0.0034,0.005,52.4146,2,29.296,15:16:20:939
-0.0178,4.00E-04,-0.0502,52.4033,2,27.67,15:16:21:939
0.0036,0.0037,-0.0218,51.8312,2,28.256,15:16:22:939
-0.0038,0.0089,0.0496,52.4154,2,25.952,15:16:23:939
-0.009,0.0225,0.0105,51.8038,2,26.613,15:16:24:955
-0.0408,0.0929,0.0372,51.8311,2,31.16,15:16:25:938
-0.0369,0.0716,0.0177,52,2,33.088,15:16:26:940
0.0095,0.0068,0.0019,51.7937,2,31.702,15:16:27:938
-0.0221,-0.087,-0.0377,52,2,42.288,15:16:28:939
-0.0131,0.0063,0.0034,51,2,35.281,15:16:29:938
-0.0167,-0.0213,0.0062,52.3975,2,27.47,15:16:30:939
-0.0069,-0.004,0.0196,51.8292,2,32.133,15:16:31:938
-0.0102,0.0189,-0.04,52.1655,2,30.626,15:16:32:939
-0.0166,-0.0088,0.0217,53,2,32.933,15:16:33:939
0.004,-0.0138,-0.0085,52.8304,2,35.299,15:16:34:938
0.0135,-6.00E-04,0.0234,52.4129,2,43.649,15:16:35:939
0.0095,0.0197,0.0103,52.4134,2,37.848,15:16:36:940
0.0246,-0.09,-0.0098,52.5853,2,38.754,15:16:37:939
0.0058,-0.03,0.0085,52,2,32.648,15:16:38:940
-0.0126,0.0042,0.0326,52.5825,2,29.603,15:16:39:939
-0.0185,0.0265,0.0941,53.1854,2,29.862,15:16:40:939
-0.0029,0.0341,-0.0619,52.405,2,37.773,15:16:41:940
0.0035,0.0076,-0.0505,52.1969,2,33.968,15:16:42:939
0.01,-0.0397,0.0377,52.5844,2,35.081,15:16:43:939
0.0149,0.0186,7.00E-04,52.1725,2,36.577,15:16:44:939
0.0089,-0.0323,-0.0513,52.5818,2,34.854,15:16:45:938
-0.0264,0.0149,0.0043,52.1661,2,29.115,15:16:46:939
-0.006,-0.0015,-0.0299,52.5856,2,30.734,15:16:47:939
0.0206,0.0022,0.0441,52.1686,2,30.405,15:16:48:939
-0.0307,0.0274,0.0211,52.5796,2,29.636,15:16:49:939
-0.0014,-0.0378,0.0073,52.4204,2,31.571,15:16:50:945
0.0263,-0.0362,0.0485,52.5845,2,30.313,15:16:51:939
0.0231,-0.0079,-0.0678,51.8329,2,29.225,15:16:52:938
0.0048,-0.0129,-0.0629,52.5914,2,30.794,15:16:53:938
-0.0229,0.0122,-0.0223,51.8552,2,33.552,15:16:54:938
-0.022,-0.0135,-0.0157,51.8483,2,29.704,15:16:55:938
-0.0345,-0.0043,0.0432,52.147,2,31.6,15:16:56:938
0.0335,-0.0143,-0.015,52.5824,2,26.213,15:16:57:938
-0.0035,0.0445,0.0152,51.8411,2,26.159,15:16:58:938
-0.0128,0.0135,-0.0574,52.4248,2,30.749,15:16:59:938
-0.0472,-0.0096,-7.00E-04,51.8377,2,32.709,15:17:00:939
-0.0052,0.0036,0.029,52.4211,2,29.127,15:17:01:938
8.00E-04,-0.0567,0.1292,52.5972,2,31.277,15:17:02:939
0.0245,0.0082,-0.0088,52.422,2,34.107,15:17:03:938
-0.009,-0.0204,-0.0341,51.8398,2,36.78,15:17:04:939
-0.0024,0.0309,0.0024,51.8328,2,35.093,15:17:05:939
0.0149,0.0247,-0.0024,51.4163,2,31.057,15:17:06:939
0.0085,-0.0086,0.0252,52.1897,2,28.914,15:17:07:939
-0.0113,-0.1073,0.1171,49.5791,2,28.343,15:17:08:938
0.0147,0.008,0.0462,49.5731,2,27.868,15:17:09:938
1.8536,0.0478,1.216,49.1479,2,33.262,15:17:10:938
-0.1475,-0.2617,-0.4506,8.4279,2,29.718,15:17:11:938
-0.3479,-0.113,0.1603,8,2,29.343,15:17:12:938
-0.5989,-0.1575,-0.2956,7,2,27.527,15:17:13:938
-0.0868,0.0236,-0.1249,7.4252,2,29.131,15:17:14:938
-1.0658,-0.4895,-0.064,7.4252,2,29.331,15:17:15:938
0.0934,0.0154,0.0999,7,2,31.461,15:17:16:937
-0.2008,0.0847,-0.0874,7,2,26.301,15:17:17:938
-0.0157,-0.0812,0.0783,7.4313,2,34.202,15:17:18:938
0.0527,0.2296,0.7211,10.2922,2,29.949,15:17:19:939
0.7086,-0.4861,1.3199,14.9871,0,31.472,15:17:20:937
-0.487,0.2001,-0.1842,14.5732,2,25.584,15:17:21:937
-0.5197,-0.1154,-0.2974,12.1462,2,24.604,15:17:22:938
-0.4359,-0.2201,-0.0608,8,2,26.579,15:17:23:937
-0.1578,0.1348,0.0163,8.4315,2,25.921,15:17:24:938
0.0091,-0.0499,0.9714,5.5731,2,26.376,15:17:25:937
0.452,-0.3721,0.3512,5,2,29.22,15:17:26:938
-0.2918,0.0331,-0.0378,8.729,2,30.07,15:17:27:938
-0.1552,0.037,-0.28,8.8425,0,28.014,15:17:28:938
-1.0457,-0.4755,-3.9713,7.4182,0,24.338,15:17:29:938
-0.105,0.0129,0.3112,9.8089,2,27.805,15:17:30:938
-0.0614,-0.0448,-0.3299,12.8535,2,32.683,15:17:31:938
0.0089,-0.1921,-1.0539,14.4313,2,29.951,15:17:32:938
-0.5934,0.0733,0.8092,9.4299,2,24.939,15:17:33:937
1.0619,-0.1844,-0.1522,7,2,31.343,15:17:34:938
0.4704,-0.7829,-1.2861,6.5756,2,32.489,15:17:35:937
-0.4348,0.5906,-0.216,10.5848,2,28.697,15:17:36:938
-1.711,0.7504,-0.7464,10.5726,2,37.675,15:17:37:938
-0.5644,-0.1351,-0.3057,8.5751,2,52.13,15:17:38:938
